n,edad,genero,ingresos,altura,ciudad,nivel_educacion,hijos
1,56,Femenino,80277.19986,1.813846426,Quito,phd,3
2,69,Femenino,57084.76993,1.594719189,Guayaquil,bachillers,4
3,46,Masculino,55146.56536,1.69287838,Guayaquil,bachiller,0
4,32,Masculino,-39848.81379,1.774995547,Manta,,2
5,60,Masculino,52134.05204,1.724396985,Manta,bachiller ,1
6,25,Masculino,60317.24093,1.68505897,Guayaquil,sin  educacion,2
7,78,Masculino,46176.44902,1.454164401,Esmeraldas,phd,2
8,38,Femenino,85277.00251,1.626015042,Manta,,1
9,-14,Masculino,75727.6536,1.602279656,Quito,sin  educacion,2
10,75,Masculino,57705.18946,1.513860868,Sto. Domingo,bachiller ,1
11,36,Masculino,54008.35077,1.629058011,Quito,Secundaria,2
12,40,Masculino,59522.40815,1.885871519,Quito,master,3
13,28,Masculino,57924.26132,1.815761868,Quito,phd,4
14,28,Femenino,,,Guayaquil,bachiller,3
15,41,Masculino,76240.01177,1.641167897,,,0
16,70,Masculino,56592.9333,1.641372717,,Ph.D,-4
17,,Masculino,88475.10564,1.775605202,Quito,bachiller ,2
18,57,Femenino,66327.23566,1.74049982,Guayaquil,PhD,1.79797877
19,41,Femenino,22183.70025,1.628788146,Santo Domingo,Secundaria,0
20,20,Masculino,40775.64825,1.640335559,Guayaquil,,2
21,39,Masculino,27809.1734,1.808128679,Manta,,1.855864881
22,70,Femenino,40589.27919,1.852438457,Guayaquil,phd,4
23,19,Femenino,35495.97489,1.610338673,Esmeraldas,,1
24,41,Femenino,63788.51236,1.68829754,Esmeraldas,Secundaria,2
25,61,Masculino,55258.71988,1.712841378,Quito,master,4
26,47,Masculino,71108.09877,1.681098998,,master,3
27,55,Femenino,,1.813026335,Guayaquil,,0
28,19,Masculino,56395.36398,1.684771338,Quito,bachillers,1
29,77,Femenino,90048.10424,1.890813424,Quito,master,3
30,38,Femenino,63342.33951,1.820097753,Santo Domingo,Secundaria,2
31,50,Femenino,58792.32724,1.631362684,Guayaquil,phd,3
32,29,Masculino,47198.3862,1.706683244,Manta,PhD,4
33,75,,42361.29726,1.60234333,Manta,bachiller ,2
34,,Femenino,71557.51528,1.660850096,Manta,bachiller ,2
35,78,Masculino,70660.43997,1.787068479,Quito,sin  educacion,1
36,61,Femenino,83573.68108,1.724574167,Quito,mre,4
37,42,Masculino,67183.6739,1.911252403,Guayaquil,bachillers,0
38,66,Femenino,54103.45744,1.577805327,,PhD,3
39,44,masculino ,67665.15418,1.696703435,Santo Domingo,bachillers,1
40,76,Femenino,58795.49097,1.649423161,Esmeraldas,,1
41,59,Femenino,72980.77701,1.668388383,Guayaquil,Secundaria,2
42,45,Femenino,80014.9774,1.704190483,Esmeraldas,bachiller,3
43,77, femenino,57471.6548,1.632306331,Guayaquil,Ph.D,1
44,33,Femenino,86359.6446,1.795790745,Quito,master,2
45,32,Masculino,77825.20901,1.87514122,Manta,PhD,2
46,79,Masculino,,1.46644948,,,40
47,79,Femenino,70061.14913,1.839290352,Quito,,2
48,64,masculino ,64582.4533,1.951679185,Guayaquil,Secundaria,0
49,79,Femenino,60329.90989,1.71897192,Esmeraldas,Ph.D,4
50,,Masculino,88697.17585,1.638937504,Esmeraldas,Secundaria,4
51,61,Masculino,67764.06691,1.642782115,Esmeraldas,bachiller ,0
52,72,Femenino,47385.47459,1.669220715,Esmeraldas,master,0
53,,Masculino,44580.45485,1.743040846,,,1
54,74,,45193.54619,1.657257772,Quito,master,1
55,20,,67342.56751,1.692014108,Guayaquil,Secundaria,0
56,54, femenino,54877.29492,1.604409826,Guayaquil,Secundaria,1
57,68,Masculino,64999.40575,1.654320646,Santo Domingo,bachiller,0
58,24,Femenino,74045.94427,1.658778366,Manta,Secundaria,0
59,38,Femenino,90430.70296,1.696431204,Esmeraldas,master,2
60,26,Femenino,55222.90149,1.554476205,Guayaquil,bachillers,1
61,56,Masculino,38871.74089,1.66701442,Manta,bachiller,4
62,35,Masculino,86886.03098,1.678552175,,mre,4
63,21,Masculino,38143.48767,1.718477661,Quito,PhD,1
64,42,Femenino,37553.56939,1.839854016,Esmeraldas,Secundaria,2.547889196
65,77,masculino ,86496.7539,1.689865188,Santo Domingo,Secundaria,1
66,31,M,75993.47292,1.578274225,,master,1
67,67,Masculino,67272.60512,1.713207313,Quito,phd,2
68,75,Femenino,59251.18504,1.629121207,Esmeraldas,Secundaria,0
69,26,Masculino,56411.93974,1.626532487,Guayaquil,PhD,
70,43,,50237.60963,1.67040794,Santo Domingo,Master,1
71,70,Masculino,55754.35239,1.648054346,Esmeraldas,master,0
72,19, femenino,59288.76928,1.593495688,Quito,Ph.D,0
73,37,,39383.25162,1.651479936,Quito,master,0
74,,Femenino,47696.57226,1.745569866,Quito,mre,3
75,64,Masculino,28321.22627,1.704053548,Quito,bachiller ,4
76,77,Masculino,61168.91178,1.600731282,Quito,phd,1
77,24,Masculino,61171.51802,1.613956834,Santo Domingo,,2
78,61,Masculino,-43140.25055,1.71232548,Sto. Domingo,Secundaria,2
79,78,Femenino,65633.32383,1.601282405,Manta,bachiller,0
80,25,Masculino,51659.369,1.61032062,Guayaquil,Master,2
81,64,,56994.67497,1.642898102,Manta,Master,4
82,52,Femenino,67302.33469,1.602814279,Quito,bachillers,1
83,31,Femenino,63414.1894,1.710073279,Manta,,2
84,34,Femenino,68674.28879,,Manta,master,4
85,53,Masculino,65655.6716,1.840424189,Quito,Ph.D,4
86,67,Femenino,,1.58381757,Santo Domingo,bachiller ,3
87,175,Femenino,51963.10063,1.81507753,Quito,PhD,3
88,21,M,51156.56694,1.723733777,Manta,Secundaria,
89,19,Femenino,857502.0222,1.849105485,Manta,master,4
90,,Masculino,43768.21074,1.835535946,Guayaquil,PhD,0
91,23,M,87576.95896,1.657292586,Quito,PhD,3
92,71,Femenino,61870.65227,1.559113267,Guayaquil,,4
93,59,Femenino,57670.47823,1.685245109,Guayaquil,Master,3
94,21,Femenino,52561.73526,1.50233555,Esmeraldas,Secundaria,1
95,-4,Masculino,66433.18664,,Guayaquil,master,4
96,46,Masculino,78054.95829,1.715156648,Manta,phd,4
97,35,Masculino,70848.96714,1.64010617,Manta,bachillers,1
98,,Masculino,73823.83631,1.655043787,Esmeraldas,master,3
99,61,Masculino,51202.06827,1.597788125,Esmeraldas,master,-2
100,51,Femenino,59938.06137,1.696800229,Quito,bachiller,2
101,27,Masculino,51399.32832,1.600804972,Guayaquil,master,0
102,79,,1991668.378,1.696288866,Santo Domingo,Master,3
103,,Femenino,79088.86512,1.735310078,Manta,bachiller,4
104,31,Masculino,66591.05767,1.76500267,Manta,phd,2
105,48,Masculino,84400.71549,1.744546996,Esmeraldas,,3
106,65,Masculino,-42451.36788,1.670178831,Esmeraldas,Secundaria,0
107,32,Femenino,47895.58419,1.744410597,Manta,Secundaria,4
108,,F,67681.9273,1.713511567,Esmeraldas,Ph.D,1
109,31,Femenino,61782.87545,1.712681867,Quito,,0
110,40,Femenino,64840.5338,1.597353929,Esmeraldas,phd,3
111,77,Masculino,62598.30244,1.575170758,Esmeraldas,Master,4
112,74,Masculino,52733.4844,1.725795585,Quito,Secundaria,3
113,79,Masculino,62936.04072,1.748633899,Quito,bachillers,0
114,57,Masculino,74600.55804,1.637893843,Quito,PhD,4
115,38,Femenino,76141.61562,1.817423722,Manta,Secundaria,0
116,33,Masculino,52657.25101,1.921341018,Esmeraldas,bachiller,3
117,62, femenino,63465.08898,1.875351534,,Secundaria,
118,35,,82156.66624,1.673335185,Quito,phd,4
119,64,Femenino,52981.63876,1.656699652,Manta,PhD,4
120,70,Femenino,50258.30401,1.778683108,Santo Domingo,,3
121,41,M,71916.04446,1.767886433,Esmeraldas,Ph.D,2
122,43,M,69284.3881,1.58868396,Santo Domingo,Secundaria,3
123,42,Femenino,47445.35877,1.675779139,Santo Domingo,phd,1
124,77,Femenino,39008.09105,1.766155209,Quito,bachillers,2
125,77,Masculino,63173.34153,1.610372623,Manta,mre,
126,120,Masculino,53721.04353,1.625535018,Esmeraldas,master,1
127,62,Femenino,34738.85618,1.640631524,Esmeraldas,phd,0
128,58,Femenino,49691.96214,1.660074413,Esmeraldas,Secundaria,1
129,46,Masculino,69039.14723,1.543073891,Santo Domingo,mre,4
130,32,Femenino,57728.83934,1.76929214,Guayaquil,Secundaria,-5
131,62,Masculino,83491.56068,1.626586486,Manta,Secundaria,3
132,18,Masculino,28691.43884,1.720237708,Guayaquil,bachillers,3
133,42,,80069.88557,1.709508814,Santo Domingo,Master,4
134,24,Masculino,54841.4493,1.598828037,Quito,phd,2
135,26,Femenino,52673.67996,1.523380929,Guayaquil,Secundaria,2
136,41,Femenino,36732.09245,1.708913231,Guayaquil,mre,4
137,18,Femenino,66976.22774,1.656425016,Manta,Master,2
138,61,Masculino,32598.57009,1.745549105,Santo Domingo,Secundaria,4
139,25,Femenino,72268.55467,1.781222131,Manta,phd,1
140,41,Masculino,37299.53902,1.496125876,Quito,mre,4
141,28,Femenino,39664.4106,1.676893527,Esmeraldas,mre,3
142,68,Femenino,,1.804175014,Santo Domingo,PhD,0
143,34,Masculino,49260.75049,1.84372733,Quito,sin  educacion,1
144,25,Femenino,74131.13912,1.51676785,Quito,Secundaria,3
145,52,Femenino,82559.348,1.815197052,Guayaquil,Secundaria,1
146,,Masculino,50811.09677,1.599049485,Manta,Secundaria,3
147,179,Masculino,59301.55348,1.770593814,Guayaquil,PhD,2
148,76,Masculino,67348.75964,1.645109122,Guayaquil,,4
149,22,Femenino,55060.31454,1.774668896,,phd,3
150,,Masculino,66761.36441,1.663823657,Manta,Ph.D,3
151,56,Masculino,59938.80793,1.556151363,Esmeraldas ,Secundaria,2
152,75,Femenino,56198.10182,1.641856713,Quito,mre,0
153,58,Masculino,38702.76458,1.754018447,Esmeraldas,phd,2.892255494
154,45,Femenino,62235.64797,1.657759554,Quito,Secundaria,4
155,24,Femenino,74375.63557,1.592678895,Guayaquil,master,2
156,26,masculino ,48325.83228,1.5728616,Esmeraldas,PhD,1
157,25,Femenino,30475.94049,1.619063541,Manta,bachillers,3
158,29,Masculino,55206.74037,1.618198379,Esmeraldas,bachiller ,4
159,51,Masculino,82646.55967,1.757420418,Sto. Domingo,Secundaria,0
160,165,Masculino,78179.24903,1.660469889,Santo Domingo,mre,1
161,65,Masculino,51293.06691,1.67013121,Manta,,2
162,72,Femenino,66832.72507,1.682017248,Quito,Secundaria,
163,40,Femenino,69203.1887,1.754010313,Esmeraldas ,Secundaria,3
164,79,Masculino,82355.07182,1.7637168,Manta,mre,0
165,41,masculino ,-13793.45919,1.64731009,Santo Domingo,bachiller ,
166,54,Femenino,43967.57654,1.673603318,Guayaquil,bachillers,4
167,52,Masculino,29853.66958,1.764248275,Guayaquil,Ph.D,3
168,61,F,49823.86202,1.630417495,Esmeraldas,phd,3
169,57,Masculino,75994.58351,1.64525462,Esmeraldas,mre,3
170,39,Femenino,51604.2126,1.764040023,Esmeraldas,bachiller,3
171,-17,Femenino,40377.16605,1.642603539,Esmeraldas,Ph.D,1
172,52,M,63399.54626,1.724756869,Santo Domingo,bachiller,2
173,18,Masculino,63785.53255,1.542036119,Manta,bachiller ,1
174,52,Masculino,44744.25821,1.758375391,Manta,master,2
175,54,F,52409.31139,1.679914567,Esmeraldas,bachillers,1
176,,Masculino,62258.64781,1.740681744,Guayaquil,sin  educacion,4
177,31,Masculino,71189.79745,1.811939024,Quito,Ph.D,2
178,20,Femenino,50266.9132,1.666630036,Esmeraldas,,3
179,18,Femenino,48105.3548,1.546636853,,bachillers,2
180,22,Femenino,88688.32034,1.663811744,Guayaquil,,3
181,43,Femenino,,1.821456714,Quito,Secundaria,4
182,72,Femenino,63741.51456,1.71698449,Santo Domingo,Master,2
183,31,Femenino,,1.593555652,,bachiller ,0
184,56,,33196.70947,1.680624782,Quito,bachiller,3
185,44,Masculino,59722.09557,1.748780544,Quito,phd,-4
186,26,Femenino,35314.25573,1.687451274,Santo Domingo,Secundaria,1
187,32,Masculino,58038.33827,1.684732689,Esmeraldas,Secundaria,2
188,32,Femenino,80596.85853,1.628632066,Esmeraldas,mre,3
189,43,Femenino,45022.9751,1.636659211,Guayaquil,bachiller ,0
190,59,Masculino,35003.71215,1.722245919,Quito,bachillers,
191,77,Femenino,88315.28665,1.749247225,Esmeraldas,Secundaria,1
192,30,Masculino,42794.14237,1.682669015,Esmeraldas,PhD,4
193,68,Femenino,37521.31504,1.650604831,Guayaquil,Secundaria,0
194,49,Masculino,84285.47354,1.775636175,Quito,bachillers,4
195,56,,42202.95117,1.65763121,Guayaquil,master,3
196,66,masculino ,84673.71315,1.728931387,,Master,2
197,69,Masculino,64111.36242,1.753301829,Santo Domingo,mre,
198,78,Femenino,79259.35615,1.573590761,Guayaquil,bachillers,3
199,49,Femenino,62790.99504,1.713973501,Quito,bachiller,3
200,21,masculino ,76195.53547,1.43025211,Esmeraldas,mre,3
201,47,,46223.26766,1.689763193,Esmeraldas,bachiller,1
202,54,Masculino,50795.95854,1.757949973,,,1
203,40,Femenino,28267.32793,1.733692037,Quito,master,4
204,56,Masculino,74576.72217,1.780000414,Esmeraldas,Ph.D,3
205,62,Femenino,66293.54015,1.735045473,Guayaquil,PhD,4
206,32,Masculino,44890.13062,1.645766285,Manta,bachiller ,0
207,60,Femenino,33766.46928,1.546078598,Manta,bachiller ,4
208,46,Masculino,,1.711315307,Manta,Master,2
209,53,Masculino,85139.31802,1.747880454,Manta,bachillers,3
210,30,Femenino,57930.58616,1.524244761,Guayaquil,phd,4
211,49,Femenino,50123.30942,1.740389852,Esmeraldas,bachiller ,-4
212,24,Masculino,45943.8858,1.708773933,Santo Domingo,master,2
213,76,Masculino,78740.23062,1.663531604,Guayaquil,Secundaria,4
214,,Masculino,48311.28263,1.743976214,Esmeraldas,Secundaria,4
215,39,Masculino,54432.3135,1.672462381,Quito,bachillers,4
216,45,Femenino,75626.02362,1.666053255,Esmeraldas,Secundaria,1
217,19,Masculino,-29273.58221,1.572871013,Sto. Domingo,phd,4
218,132,Masculino,55006.36005,1.740472481,Guayaquil,,
219,62,Masculino,49515.34588,,Guayaquil,sin  educacion,0
220,79,Femenino,-26879.51536,1.631590055,Esmeraldas,phd,0
221,74,Masculino,43254.45487,1.745579068,Esmeraldas,mre,4
222,119,Femenino,56845.72222,1.683251499,Quito,Secundaria,2
223,,Femenino,37411.85269,1.870907851,Quito,Secundaria,1
224,45,Femenino,77833.00767,1.759285731,Manta,Secundaria,0
225,,Femenino,52876.71186,1.775133665,Guayaquil,master,3.145527508
226,61,Femenino,49505.61302,1.78539388,,bachiller,2
227,61,Femenino,69924.93698,1.675869181,Sto. Domingo,bachiller,0
228,37,Femenino,38617.26943,1.646816416,Manta,Master,1
229,184,Masculino,-28008.69439,1.578615581,Guayaquil,Ph.D,2
230,79,Masculino,54591.85812,1.554641368,Manta,bachiller,3
231,28,Femenino,41920.51178,1.814738057,Manta,,1
232,75,Masculino,45146.05545,1.637779123,,Master,4.717047758
233,72,Masculino,49736.99851,1.789391411,Santo Domingo,PhD,3.304757476
234,45,Femenino,53339.34487,1.552812502,,mre,3
235,42,Masculino,42022.10889,1.681734885,Quito,bachillers,
236,56,Femenino,64417.73984,1.826770308,Manta,bachiller ,2
237,79,Masculino,41629.17024,1.726607832,Guayaquil,mre,0
238,50,Femenino,24523.1632,1.729250471,Guayaquil,Master,3
239,18,Femenino,88794.29443,1.641370224,Santo Domingo,PhD,2
240,74,F,62968.91324,1.60973016,Santo Domingo,Ph.D,3
241,44,Masculino,90142.37387,1.695503685,Quito,Secundaria,1
242,79,Femenino,44345.10975,1.587432715,Quito,mre,3
243,74,Femenino,67196.92071,1.689254213,Manta,Secundaria,0
244,69,M,,1.798123652,Santo Domingo,Secundaria,2
245,30,Masculino,57159.80613,1.573294877,Quito,Secundaria,0
246,58, femenino,38333.25037,1.764217872,,,4
247,20,Masculino,56032.78299,1.799590976,Esmeraldas,bachiller,0
248,56,Masculino,69395.954,1.673976613,Sto. Domingo,PhD,0
249,23,Femenino,68823.30675,1.703336334,Quito,Master,2
250,25,Femenino,59975.57081,1.652051606,Manta,Ph.D,1
251,44,Femenino,73459.31915,1.668995798,Esmeraldas,,3
252,26,Femenino,72751.29182,1.781812025,Quito,phd,3
253,79,,52144.986,1.772499712,Guayaquil,PhD,2
254,54,Femenino,37193.70518,1.739343472,Quito,phd,2
255,50,Femenino,62856.50862,1.760791993,Manta,Ph.D,1
256,133,Masculino,48800.43651,1.720002812,,bachillers,1
257,169,Masculino,62156.22901,1.577312988,Quito,PhD,4
258,61,Femenino,1753380.612,1.806399745,Quito,Master,3
259,41,Masculino,66562.38024,1.610650775,Quito,Master,3
260,32,Femenino,79443.83564,1.689985969,Quito,Secundaria,4
261,76,Masculino,44827.80298,1.785325068,,Secundaria,2
262,71,Masculino,76311.83608,1.559876637,Santo Domingo,,3
263,49,Femenino,85148.96897,1.762453634,,Secundaria,0
264,49,Masculino,60964.8301,1.580788555,Esmeraldas,,2
265,41,masculino ,94830.80091,1.759474144,Guayaquil,phd,2
266,58,,47138.53182,1.820266796,,Secundaria,1
267,69,Masculino,50417.49195,1.626247163,Manta,,4
268,66,Masculino,69749.03326,,Quito,Ph.D,2
269,79,Masculino,60816.98317,1.707603661,Esmeraldas,Master,1
270,66,F,48856.39001,1.610099314,Quito,master,0
271,75,Femenino,69286.56115,1.482276895,Quito,,0
272,69,Masculino,65333.1227,1.697469448,Santo Domingo,sin  educacion,
273,29,Femenino,51205.84985,1.733511868,Guayaquil,Secundaria,4
274,79,,62835.77439,1.667153242,Santo Domingo,Master,4
275,56,Femenino,71385.38281,1.711308602,Quito,Secundaria,1
276,19,Masculino,50873.1182,1.804887991,Guayaquil,phd,3
277,20,Femenino,67754.93714,1.664213122,Manta,Master,4
278,66,Femenino,46994.35159,1.677336952,Esmeraldas,,3
279,54,Masculino,49892.63429,1.69802632,Santo Domingo,Master,1.95559126
280,-17,,76673.8097,1.668602911,Esmeraldas,,3
281,73,Masculino,-38091.50599,1.668628734,Sto. Domingo,Ph.D,2
282,34,,31697.43738,1.870860882,Guayaquil,bachiller ,2
283,76,Femenino,1980865.579,1.712573303,Manta,,3.764100755
284,,Masculino,67345.45162,1.67031902,Guayaquil,,2
285,19,Masculino,62082.98426,1.838430101,Esmeraldas,bachiller,0
286,19,Femenino,69273.06368,1.80853935,Esmeraldas,phd,0
287,45,Femenino,61739.7249,1.762427018,,bachiller,4
288,71,Masculino,58011.0349,1.639029881,Manta,phd,0
289,40,Femenino,57552.56796,1.973236213,,Secundaria,3
290,54,Masculino,76367.6897,1.543423415,Santo Domingo,PhD,3
291,49,Masculino,70424.0938,1.521880242,Guayaquil,bachillers,0
292,50,Masculino,66071.15706,1.738290228,Esmeraldas,Secundaria,3
293,18,M,61332.49648,1.664308701,Guayaquil,Secundaria,4
294,36,masculino ,51767.71963,1.45229192,Quito,,1
295,79, femenino,55398.69504,1.685921492,Guayaquil,Secundaria,
296,19,Femenino,75970.06687,1.707887696,Guayaquil,,2
297,121,Masculino,74557.53742,1.683174774,Quito,Secundaria,3
298,61,Femenino,50271.41355,1.730222299,Esmeraldas,,3
299,43,Masculino,61498.79772,1.653022015,Manta,Ph.D,
300,49,Masculino,67477.00984,1.686136685,Guayaquil,bachiller,4
301,,Masculino,66497.76617,1.830813039,Santo Domingo,Secundaria,3
302,49,Femenino,66382.24025,1.795883453,Manta,bachiller ,2
303,-7,Masculino,43318.87772,1.679137876,Santo Domingo,bachiller ,
304,-12,Masculino,42427.73867,1.754822828,,Secundaria,3
305,72,Femenino,77552.92115,1.787362536,Santo Domingo,,2
306,28,Masculino,82635.37798,1.606244368,,PhD,3
307,73,Femenino,37777.18291,1.733041963,Santo Domingo,bachiller,2
308,76,Femenino,59583.59795,1.715631963,Santo Domingo,bachiller,1
309,34,Femenino,72210.76196,1.765763136,Manta,master,4
310,55,Masculino,26943.32244,1.605602203,Manta,PhD,0
311,41,Femenino,43899.93213,1.696581022,Manta,,0
312,22,Femenino,58617.04467,2.826984678,Manta,Secundaria,4
313,69,M,51041.42016,1.733204039,Quito,bachillers,3
314,,Femenino,63137.15252,1.617478977,Guayaquil,sin  educacion,1
315,23,Masculino,1050516.614,1.645469462,,PhD,
316,39,Femenino,47208.03559,1.712263832,Esmeraldas,phd,1
317,28,Masculino,60754.09337,1.605975375,Santo Domingo,master,4
318,, femenino,54828.05816,1.538420944,Manta,Secundaria,3
319,33,Masculino,-2732.988843,1.803917712,Manta,Secundaria,3
320,50,F,60087.00179,1.635659563,Guayaquil,phd,4
321,26,Masculino,99557.97299,1.560022661,Manta,Secundaria,1
322,77,Femenino,82343.66188,1.589138139,Quito,Secundaria,0
323,76,Masculino,36285.96719,,Esmeraldas,bachillers,1
324,,Masculino,,1.857708159,Esmeraldas,master,3
325,33,Masculino,48332.14113,1.686029705,Manta,bachiller,
326,46,Femenino,41485.86774,1.758287014,Guayaquil,PhD,4
327,20,Masculino,39474.55529,1.661580103,,Secundaria,1
328,37,Masculino,57324.50363,1.718585497,Santo Domingo,Secundaria,0
329,77,Masculino,48904.68654,1.679330665,Esmeraldas,phd,1
330,76,Masculino,46638.095,1.757008832,Santo Domingo,Secundaria,3
331,114,F,-25339.3654,1.586742462,Quito,phd,1
332,36,Masculino,49936.83569,1.707520224,Esmeraldas,Master,3
333,43,F,53352.48408,1.715369751,Esmeraldas,Secundaria,3
334,20,Masculino,71121.8473,1.739591245,Quito,bachiller ,2
335,36,Femenino,53302.07292,1.56541984,,bachiller ,0
336,37,Masculino,42514.89734,1.652404742,Manta,master,4
337,49,Masculino,56130.90444,1.760100687,Guayaquil,PhD,0
338,24,Masculino,90131.00134,1.722582895,,Secundaria,-4
339,69,Masculino,52778.36865,1.873382896,Quito,Secundaria,2
340,58,Femenino,46323.49896,1.647064187,Quito,bachiller,3
341,50,Masculino,66303.45496,1.501278911,Quito,Ph.D,0
342,57,Masculino,55411.28269,1.653367092,Esmeraldas,PhD,3
343,56,Femenino,101084.9119,1.433801984,Manta,Secundaria,3
344,35,Femenino,48196.54572,1.770214977,Esmeraldas,Secundaria,2
345,57,Femenino,86005.9608,1.699682245,Esmeraldas,bachiller ,0
346,18,Masculino,77450.84325,1.739830607,Esmeraldas,Ph.D,2
347,28,Femenino,54279.82045,1.755761162,Quito,Secundaria,3
348,45,Masculino,59947.27058,1.803992838,Santo Domingo,Secundaria,0
349,74,Femenino,44551.80212,,Guayaquil,bachiller,3
350,42,Masculino,51923.37706,1.49580017,,bachiller ,3
351,67,Femenino,,1.624459246,Manta,Secundaria,0
352,40,,62367.80297,1.669610211,Manta,mre,4
353,48,Femenino,38809.79811,1.719956913,Esmeraldas ,bachillers,2
354,47,Masculino,64672.27006,1.712480712,Guayaquil,Secundaria,-3
355,59,Masculino,57811.97368,1.717562771,Santo Domingo,master,3
356,52,Masculino,65971.61702,1.543696139,,Secundaria,2
357,24,Masculino,68209.59963,1.620519294,Manta,phd,11
358,77,Masculino,56610.96834,1.667757931,Guayaquil,mre,0
359,33,Masculino,67322.96665,1.684930243,Manta,Ph.D,0
360,43,Masculino,58692.35758,1.64995586,Guayaquil,,0
361,65,Masculino,71152.09484,1.725434213,Quito,master,2
362,74,Femenino,64741.88725,1.585877232,Esmeraldas,Ph.D,0
363,69,Masculino,62715.62252,1.651741399,Guayaquil,bachiller,1
364,77,Masculino,58463.31036,1.750297605,Esmeraldas,mre,2
365,66,Femenino,79437.23869,1.720445889,Manta,bachiller ,
366,19,Masculino,66077.77844,1.662662736,Esmeraldas,bachiller ,3
367,18,Femenino,40178.06291,1.66493244,Guayaquil,Ph.D,2.647088528
368,65,Masculino,52920.73846,1.65239195,Sto. Domingo,Secundaria,4
369,79,Femenino,56571.22788,,Santo Domingo,,4
370,29,Femenino,59983.1526,1.649619736,Santo Domingo,Secundaria,2
371,22,Masculino,62650.61027,1.66355943,Guayaquil,PhD,2
372,54,Femenino,45836.74929,1.729570083,Quito,phd,4
373,49,,58980.03209,1.727484924,Manta,mre,3
374,76,Masculino,55288.17979,1.568707076,Quito,Secundaria,3
375,72,Masculino,76271.16364,1.879176335,Santo Domingo,bachiller,3
376,26,Masculino,45073.82536,1.645684189,Manta,Secundaria,1
377,58,masculino ,,1.74688797,Quito,Secundaria,3.609947118
378,52,,49719.22331,1.592834227,Guayaquil,Ph.D,3
379,36,Femenino,87944.93873,1.846267575,Manta,bachiller,4
380,65,Femenino,78849.20404,,Santo Domingo,master,1
381,33,Masculino,35364.63127,1.738247245,Guayaquil,phd,0
382,20,Masculino,48056.79472,1.682111131,Manta,mre,1
383,37,Masculino,73063.84938,1.515994077,Quito,mre,4
384,41,Masculino,66859.24572,1.866282173,Santo Domingo,sin  educacion,4
385,71,Femenino,66388.97674,1.78536906,Guayaquil,bachiller,2
386,73,Masculino,62862.79059,1.667852088,Guayaquil,,4
387,50,M,74267.99828,,Guayaquil,bachillers,
388,41,Masculino,71714.64907,1.568938532,Guayaquil,Master,4
389,69,Masculino,55641.6579,1.509345264,Manta,Secundaria,
390,28,M,42011.1225,1.701644693,Santo Domingo,mre,1
391,66,Masculino,34649.02108,,Guayaquil,Ph.D,1
392,25, femenino,58445.41912,1.651739294,Quito,bachiller,4
393,53,Femenino,32401.47504,1.694730346,Santo Domingo,mre,3
394,55,Masculino,63764.95086,1.581272249,Quito,mre,3
395,57, femenino,55379.52693,1.691980973,Quito,bachillers,2
396,37,Femenino,89158.66555,1.589585108,Guayaquil,mre,0
397,79,Masculino,65146.93909,1.801247234,Santo Domingo,PhD,3
398,52,Masculino,59561.62231,1.68996624,,Master,1
399,65,Femenino,35757.4542,1.752755853,Manta,Master,2
400,79,Femenino,41065.18372,1.522742683,Esmeraldas,bachiller,3
401,42,Femenino,70220.31213,1.758975763,Manta,bachiller,3
402,52,Femenino,-31177.29257,1.849722369,Santo Domingo,Ph.D,0
403,42,,98030.63622,1.711761079,Guayaquil,Master,0
404,46,Masculino,58754.23058,1.752214111,Santo Domingo,Secundaria,0
405,35,Femenino,62533.8342,1.676191544,Esmeraldas,PhD,3
406,63,Masculino,40246.54528,1.737528762,Quito,Secundaria,3
407,35,Femenino,74211.47348,1.860118251,Manta,Master,1
408,19,Femenino,46114.18669,1.924625785,Manta,mre,4
409,71,Masculino,67866.18123,1.731718056,Esmeraldas,bachiller,0
410,52,Femenino,72176.89971,1.598031882,Guayaquil,PhD,1
411,33,Femenino,61427.89889,1.762330695,Santo Domingo,Secundaria,1
412,78,Masculino,86354.56403,1.576235722,Esmeraldas,,2
413,58,Masculino,50839.45393,1.637558152,Santo Domingo,Master,1
414,53,Femenino,85133.1032,1.64898135,Guayaquil,,0
415,50,Femenino,,1.904117487,Quito,bachiller ,2.309284797
416,21,Masculino,71985.42738,1.842870916,Santo Domingo,sin  educacion,1
417,50,Femenino,57863.79778,1.822162655,Guayaquil,phd,3
418,31,Femenino,49378.01113,1.782077202,Esmeraldas,Ph.D,3
419,38,Masculino,35080.81877,1.609159049,Quito,master,1
420,65,Masculino,56089.96284,,Quito,Secundaria,0
421,37,Masculino,55142.7738,1.883791761,,Ph.D,4
422,73,Masculino,62593.59334,1.744753677,Manta,bachiller ,4
423,25,Masculino,70872.22464,1.803014746,Guayaquil,bachiller,0
424,24,Masculino,47873.0074,1.539017215,Santo Domingo,PhD,3
425,,Femenino,86374.01522,1.772187582,Esmeraldas,,3
426,34,Femenino,51921.97932,1.594566692,,mre,2
427,50,Masculino,69032.90969,1.677909799,Quito,Master,1
428,65,Masculino,61352.51075,1.842203162,Quito,Master,1
429,,F,57019.3543,1.734716303,Guayaquil,,3
430,76,Femenino,-13178.04288,1.781501592,Esmeraldas,Ph.D,36
431,68,Femenino,45895.68723,1.681501926,Guayaquil,bachiller,1.761458477
432,39,Masculino,54186.50801,1.507398693,Esmeraldas,Secundaria,-4
433,72,,39903.6712,1.606471701,Santo Domingo,mre,2
434,39, femenino,51760.94496,1.768024293,Manta,Master,0
435,63,Masculino,52999.99609,1.733471371,Esmeraldas,Secundaria,
436,47,Masculino,72678.32044,1.866243494,Guayaquil,Secundaria,0
437,55,M,55021.1221,1.712660318,Guayaquil,bachiller ,-5
438,55,Femenino,53278.77564,1.610719572,Guayaquil,Secundaria,4
439,,Femenino,63300.6025,1.697417539,Manta,master,2
440,68,Masculino,62712.78914,3.567815307,Esmeraldas,Secundaria,3
441,,F,-12173.03692,1.524290456,,bachiller ,0
442,25,Masculino,65913.42589,1.734564794,Esmeraldas,Secundaria,0
443,44,Masculino,57320.29203,,,Secundaria,0
444,44,Masculino,51110.05049,1.716271325,Quito,bachiller ,3
445,51,Femenino,52567.81754,1.772644393,Quito,bachiller ,1
446,38,Masculino,74240.26034,1.755187371,Guayaquil,,1
447,47,Masculino,53018.5801,1.834038852,,,4
448,50,Masculino,-1768.572922,1.725073066,Esmeraldas,,1
449,45,,40763.99603,1.751358208,Esmeraldas,Secundaria,1
450,64,Femenino,76729.57498,1.754855396,Quito,,2
451,50, femenino,51255.08589,1.60302754,Santo Domingo,PhD,2
452,22,Femenino,66004.34245,1.687252126,Guayaquil,bachiller ,1
453,77,Femenino,56226.47808,1.454101165,Manta,Ph.D,2
454,78,Femenino,65832.51237,1.737688082,Guayaquil,bachiller,4
455,65,Femenino,66651.60331,1.424842028,Guayaquil,sin  educacion,1
456,36,Femenino,57830.0511,1.784909586,Guayaquil,bachillers,4.857143803
457,21,Femenino,32010.53178,1.865331157,Quito,mre,3.594495322
458,52,Masculino,-27278.2928,1.749872678,Guayaquil,Secundaria,2
459,66,Femenino,57901.46007,1.765307626,Esmeraldas,bachiller ,2
460,34,Femenino,65520.09011,1.820487199,Guayaquil,Secundaria,3
461,61,Masculino,70375.78035,1.656516766,Esmeraldas,Secundaria,4
462,45,Masculino,53142.38779,1.572750578,Guayaquil,Secundaria,3
463,47,Masculino,67757.03185,1.691401264,Quito,PhD,4
464,46,Masculino,48785.96859,1.623707515,Guayaquil,master,3
465,63,Femenino,-45046.21989,1.707676203,Esmeraldas,Secundaria,4
466,70,Femenino,60295.54145,1.725473806,Esmeraldas,mre,4
467,23,Femenino,-12362.91696,1.6521782,Esmeraldas,bachiller ,0
468,52,Femenino,60704.88255,1.628628103,Esmeraldas,Secundaria,0
469,77,Masculino,44172.0979,1.484586841,Manta,Master,2
470,58,Femenino,64635.59892,1.683118416,Quito,Secundaria,3
471,54,Femenino,66192.33119,1.656315296,Esmeraldas,PhD,3.497153993
472,41,Masculino,65184.6021,1.663406167,Manta,sin  educacion,0
473,46,Femenino,82532.56241,1.773163551,Manta,phd,2
474,66,Femenino,58575.39429,1.896527539,Quito,Secundaria,2
475,63,Femenino,59608.15992,1.664312061,Santo Domingo,mre,2
476,70,Femenino,42445.95898,1.738605329,Guayaquil,Secundaria,0
477,48,Masculino,83587.04237,1.725403907,Quito,Secundaria,1
478,52,M,37527.84907,1.813464986,Santo Domingo,Secundaria,2
479,77,Masculino,63428.4541,1.608822203,,,
480,50,F,50778.28389,1.605870833,,Ph.D,1
481,69,masculino ,60934.74919,1.617522154,Guayaquil,mre,1
482,78,Femenino,40379.11092,1.473249105,Manta,,2
483,38,Femenino,73374.95205,1.695399508,Esmeraldas,bachiller,4
484,49,Masculino,45672.30603,1.594735131,Guayaquil,mre,1
485,40,Masculino,,1.725117769,Esmeraldas,,0
486,50,Masculino,46085.84322,1.460758791,Guayaquil,bachiller ,0
487,20,Femenino,74628.18629,1.694299087,Manta,phd,1
488,35,Masculino,47535.52685,1.674382945,Guayaquil,,1
489,42,Femenino,50780.85433,1.645503737,Esmeraldas ,Master,1
490,59,Femenino,59972.30867,1.799820498,Santo Domingo,Secundaria,0
491,48,Femenino,47281.09945,1.619539118,Guayaquil,bachiller ,
492,71,Femenino,46839.36323,1.730373162,Santo Domingo,bachiller ,4
493,75,Masculino,-15392.00717,1.636816931,Santo Domingo,Secundaria,3
494,20,M,64782.83377,1.865904102,Manta,Master,0
495,,Femenino,59993.25902,1.686304039,,master,0
496,63,Masculino,60789.46842,1.767580798,,,2
497,41,Femenino,55130.50718,1.760969151,Guayaquil,Master,3
498,67,Femenino,68230.4985,1.814562878,Esmeraldas,phd,1
499,128,Femenino,75750.87047,1.714608326,Manta,,1
500,181,Masculino,68634.25596,1.568253911,Santo Domingo,master,0
501,39,Femenino,56865.42673,1.744298173,Santo Domingo,Master,2
502,40,Femenino,41688.22374,1.727713864,Guayaquil,mre,3.328663973
503,146,Masculino,650319.7065,1.396382189,Manta,Ph.D,4.514581472
504,44,Masculino,59027.02724,1.532807623,Guayaquil,Secundaria,4
505,59,Femenino,30102.12881,1.770594135,Manta,bachiller,2
506,19,Femenino,57010.42,1.842039449,Esmeraldas,phd,-3
507,43,Masculino,81039.34798,1.691730025,Quito,,3
508,34,Femenino,42697.94924,1.780923195,Guayaquil,Master,1
509,57,Masculino,40708.39578,1.710915994,Santo Domingo,Master,4
510,50,Femenino,69554.01344,1.703640741,,Master,1
511,26,Masculino,17913.87871,1.685682123,Manta,Secundaria,2
512,60,M,65727.12211,1.708072249,,PhD,2
513,71,Masculino,82027.63914,1.738840567,Esmeraldas ,bachiller ,3
514,65,Masculino,46912.72636,1.659828462,Manta,master,1
515,56,Masculino,44336.40379,1.824669983,Santo Domingo,Secundaria,3
516,46,M,68850.34946,1.599979477,Santo Domingo,Secundaria,4
517,59,Masculino,42438.84334,1.870114477,Guayaquil,mre,2
518,72,Femenino,72162.28086,1.678450847,Esmeraldas,mre,2
519,43,,43660.35108,1.694796557,Guayaquil,bachillers,2
520,52,Masculino,86526.03503,1.637233286,Quito,,2
521,67,Femenino,69934.58469,1.740942221,Santo Domingo,bachiller ,2
522,42,Femenino,60570.65715,1.662334043,Esmeraldas,PhD,4
523,41,Femenino,85661.32415,1.652457477,Esmeraldas,Secundaria,4
524,30,Femenino,75473.15562,1.761297112,Esmeraldas,Secundaria,3
525,77,Femenino,65529.25165,1.81611777,Guayaquil,master,0
526,75,F,32051.70099,1.595789442,Esmeraldas,bachiller,2
527,24,Masculino,49477.58938,1.782557825,Esmeraldas,bachiller,2
528,74,Femenino,76281.14383,1.824789167,Manta,Master,
529,53,Femenino,40498.10935,1.523500703,Manta,bachiller ,3
530,62,Femenino,48514.1509,1.615392603,Esmeraldas,Secundaria,4
531,37,Masculino,44668.53319,1.822383155,Esmeraldas,Secundaria,-3
532,18,Femenino,66035.35239,1.73731556,Manta,,3
533,25,Femenino,74454.17716,1.870929067,,mre,0
534,63,Femenino,74468.98378,1.682269045,,PhD,4
535,33,Masculino,47207.70906,1.647396854,Manta,Secundaria,4
536,31,Femenino,65829.87784,1.836136282,Manta,Secundaria,
537,29,Masculino,46501.76074,1.616438625,Manta,Secundaria,1
538,68,Femenino,56841.7725,1.675593635,Quito,Secundaria,
539,40,Masculino,67802.52148,1.755948348,Santo Domingo,Secundaria,1
540,32,Masculino,75920.63005,1.765846372,Guayaquil,,0
541,45,Masculino,27759.0451,1.620234742,Guayaquil,mre,1
542,51,Femenino,61479.52037,1.726068424,Esmeraldas,Master,3
543,19,Masculino,81109.39955,1.670909654,Quito,bachillers,4
544,49, femenino,63483.29145,1.531727316,Esmeraldas,Secundaria,3
545,40,Masculino,61239.19909,1.653892003,Guayaquil,Secundaria,3
546,39,Masculino,51554.89273,1.536571162,Guayaquil,mre,2
547,68,Femenino,80711.29452,1.634054106,Esmeraldas,Secundaria,0
548,42,Femenino,52248.23857,1.579840189,Santo Domingo,Secundaria,4
549,75,Femenino,58497.75914,1.77738249,Esmeraldas,Secundaria,-2
550,,Femenino,52946.80232,1.730036394,Santo Domingo,master,0
551,78,Masculino,61622.93263,1.853862187,Santo Domingo,bachiller,4
552,39,Femenino,81384.77999,1.607823491,Manta,Master,2
553,75,Masculino,46408.40204,1.712327572,Guayaquil,Secundaria,1
554,75,Femenino,61688.29896,1.589702659,Manta,mre,3
555,39,masculino ,65865.9675,1.636841798,,PhD,1
556,66,Femenino,,1.660053331,Manta,Secundaria,4
557,69,Masculino,59114.76216,1.897364745,Santo Domingo,master,2
558,59,Femenino,87770.10179,,Manta,Master,2
559,23,Femenino,33472.66008,1.687223721,Quito,bachillers,2
560,32,Femenino,,1.807900968,Manta,Secundaria,3
561,71,Masculino,63758.3926,1.767299522,Manta,Ph.D,2
562,60,Femenino,1905656.929,1.694391701,Manta,Ph.D,0
563,77,Femenino,103293.7121,1.767519398,,Secundaria,0
564,54,Masculino,68230.36105,1.669424141,Guayaquil,master,0
565,50,Masculino,44334.46256,1.998563981,Manta,phd,1
566,25,Femenino,24948.60967,1.822001282,Guayaquil,Secundaria,4
567,,Femenino,65104.13794,1.659340732,Esmeraldas,Ph.D,1
568,77,Femenino,48665.71314,1.775924248,Santo Domingo,Secundaria,1
569,61,Masculino,79333.47759,1.754889048,Esmeraldas,phd,3
570,61,Masculino,55877.01656,1.728310964,Quito,bachiller ,1
571,137,Masculino,51474.72539,1.751478537,Quito,Secundaria,3
572,56,Femenino,51221.29264,,,bachiller ,0
573,21,Masculino,74797.63761,1.656494223,Guayaquil,Secundaria,0
574,23,Femenino,66233.7456,2.689422166,Manta,PhD,1
575,62,M,86339.35086,1.72040189,,Ph.D,1
576,49,Masculino,56773.39326,1.62997495,,mre,0
577,69,F,72934.19118,1.685981841,,PhD,2
578,47,M,73190.64127,1.646582148,Guayaquil,,0
579,64, femenino,70107.2018,1.789772631,Santo Domingo,,2
580,52,Femenino,52352.13271,1.643916126,Guayaquil,bachiller ,0
581,72,,67101.12045,1.704413445,Santo Domingo,bachiller ,4
582,57,Masculino,58541.3634,1.633748132,Quito,,3
583,-3,,58147.25593,1.920790797,Manta,bachiller ,3
584,33,Masculino,47912.84562,1.762921897,Esmeraldas,bachiller,4
585,30,Femenino,28194.91888,1.758959433,,Secundaria,2
586,67,Femenino,78725.64546,1.769782739,Santo Domingo,Secundaria,1
587,77,masculino ,66473.37554,1.660537981,Guayaquil,Master,1
588,153,Masculino,39852.0267,1.85212681,Guayaquil,bachiller,3
589,47,Femenino,70765.65691,1.69323188,Santo Domingo,Secundaria,1
590,36,Femenino,79022.03239,1.877280547,Guayaquil,Ph.D,2
591,34,Masculino,71665.0117,1.667519557,,mre,1
592,73,M,46625.42732,1.771548038,Quito,Secundaria,0
593,36,Masculino,49020.12161,1.716682229,Esmeraldas ,Ph.D,4
594,45,Masculino,51781.85978,1.726764518,Guayaquil,Master,3
595,75,Masculino,72916.27209,1.532998239,Santo Domingo,phd,1
596,72,Femenino,67184.39789,1.601680002,Esmeraldas,,2
597,43,Femenino,101854.3743,1.85099552,Guayaquil,Ph.D,1
598,54,Femenino,35386.72407,1.571118096,Quito,bachiller,4
599,43,Femenino,59211.02495,1.789203047,Quito,master,0
600,70,Masculino,31083.67111,1.959997921,Santo Domingo,bachiller,3
601,79,Masculino,68949.71857,1.755301071,Guayaquil,Ph.D,3
602,40,Masculino,76003.41928,1.912674786,Guayaquil,bachiller ,2
603,26,Femenino,-22019.52142,1.769211272,Guayaquil,bachillers,0
604,29,Masculino,62827.83139,1.72628573,Quito,sin  educacion,1
605,70,Masculino,31300.35944,1.737464517,,bachiller ,2.63140459
606,18,Femenino,59247.77144,1.682262224,Guayaquil,Secundaria,2
607,75,Femenino,66551.84841,1.679189127,Guayaquil,mre,0
608,75,Femenino,44922.80618,1.647483918,Guayaquil,phd,1.545806503
609,18,Masculino,56025.32005,1.742319751,Guayaquil,master,4
610,64,Masculino,40844.25548,,Quito,PhD,4
611,51,Femenino,50809.43206,1.842447263,Manta,phd,1
612,49,Femenino,73686.99854,1.720487516,Santo Domingo,,4
613,79,Masculino,70202.4442,,Guayaquil,Master,2
614,71,Femenino,39071.70736,1.691460634,Manta,Ph.D,3
615,65,Masculino,-43200.47992,1.842146038,Esmeraldas,Secundaria,4
616,,Femenino,60856.37977,1.536770208,Manta,bachillers,2
617,57,Femenino,63397.86478,1.893059308,Santo Domingo,bachiller ,3
618,152,Femenino,50056.56365,1.645475181,Quito,Ph.D,3
619,70,Masculino,67146.8618,1.661595076,Santo Domingo,sin  educacion,4
620,18,Masculino,59470.76669,1.577727796,Quito,bachiller,0
621,33,masculino ,21350.5535,1.715475131,Quito,mre,4
622,78,Masculino,51424.94509,1.631913741,Quito,Ph.D,4
623,56,Femenino,50996.61405,1.816348608,Esmeraldas,Secundaria,0
624,22,Femenino,70174.10551,1.767513154,Manta,PhD,4
625,39,Masculino,70440.88856,1.630634766,Santo Domingo,bachiller ,2
626,46,Masculino,34918.45844,1.612304773,Santo Domingo,Secundaria,0
627,72,Masculino,66577.07635,1.635802704,Quito,Ph.D,2
628,20,Masculino,58890.54232,1.605434935,Esmeraldas,PhD,3
629,29,Femenino,61896.36612,1.672045103,Guayaquil,Ph.D,0
630,43,Masculino,50792.59472,1.615928092,,Master,3
631,33,Masculino,59072.55116,1.816827092,Esmeraldas,mre,1
632,68,Femenino,77254.90234,1.650165172,Quito,master,1
633,54,Femenino,61682.78639,1.757570172,,Master,2
634,39,M,59363.59942,1.758391837,Manta,bachiller,3
635,74,Femenino,52811.94939,,Quito,PhD,-5
636,,Masculino,75783.83901,1.771344815,Manta,Master,0
637,31, femenino,40788.18275,1.529312009,Esmeraldas,bachiller,
638,45,Femenino,,1.616615933,Guayaquil,mre,2
639,22,M,39926.82927,1.766736621,Santo Domingo,bachiller ,2
640,64,Masculino,63010.27763,1.712483681,Quito,Secundaria,0
641,66,Masculino,77696.2141,1.665955822,Esmeraldas,master,0
642,47,Masculino,55068.06874,1.521702214,Quito,mre,2
643,63,Masculino,-1716.147088,1.796463862,Manta,Ph.D,0
644,79,Masculino,,1.743409919,Esmeraldas,mre,3
645,69,Femenino,66769.246,1.614353819,Santo Domingo,Master,2
646,22,Femenino,64162.86215,3.892391987,Sto. Domingo,,4
647,29,Femenino,57147.14037,,Esmeraldas,phd,1
648,33,,70035.21258,1.730040426,,PhD,1
649,43,Masculino,63927.83346,1.563970075,Manta,Secundaria,4
650,43,Femenino,52780.97357,1.626960217,Santo Domingo,bachillers,4
651,65,Masculino,55292.9606,1.895729126,Esmeraldas,,3
652,38,Masculino,-10052.94285,1.800223776,Manta,bachiller ,2
653,56,M,42831.52219,1.700057128,Guayaquil,,0
654,53,Masculino,55550.21707,1.702237092,Quito,Secundaria,1
655,50,Masculino,77313.22338,1.482461909,Guayaquil,Master,4
656,79,Masculino,44487.55182,1.830662445,Santo Domingo,sin  educacion,2
657,47,Masculino,72545.55044,1.654858126,Esmeraldas,,0
658,54,Femenino,48015.9772,1.619133185,Quito,mre,1
659,40,Masculino,33200.95391,1.774997285,Esmeraldas,sin  educacion,2
660,75,Femenino,68198.99638,1.637004636,Santo Domingo,PhD,1
661,27,Femenino,84431.52131,1.517703407,Esmeraldas,PhD,3
662,71,Masculino,47163.9738,1.740980945,Manta,bachillers,1
663,22,Masculino,36451.93637,1.548453773,Manta,master,3
664,53,Femenino,,1.694120516,Santo Domingo,Secundaria,3
665,51,Femenino,46152.38707,1.731760887,Esmeraldas,bachiller ,3
666,-3,Femenino,68049.69868,1.672215984,,Secundaria,0
667,48,Femenino,77272.19391,1.672663281,,bachiller ,0
668,27,Masculino,64959.26243,1.855092366,Esmeraldas,bachiller ,3
669,75,Masculino,72146.52463,1.856529863,Manta,bachiller ,2
670,36,Masculino,72249.1823,1.608245955,Guayaquil,Ph.D,3
671,75,Femenino,74849.20068,1.640524342,Manta,,2
672,49,Masculino,60678.16151,1.646013257,Esmeraldas,PhD,1
673,18,Femenino,71686.14641,1.696856097,Esmeraldas,PhD,0
674,73,Masculino,62466.02619,1.691801736,Esmeraldas,Secundaria,2
675,22,Femenino,65869.80258,1.871708266,,,2
676,62,Masculino,105775.6698,1.681446794,Quito,phd,2
677,21,Masculino,63624.00785,1.596973453,Guayaquil,master,4
678,33,Femenino,37533.60101,1.641198431,Manta,bachillers,0
679,,Femenino,57038.71234,1.737338023,Quito,Master,4
680,,Femenino,55342.11367,1.674287539,Santo Domingo,Ph.D,1
681,72,Femenino,56028.09597,1.731360473,Esmeraldas,Secundaria,2
682,19,Femenino,74301.63639,1.675582503,Manta,PhD,0
683,66,,76958.87096,1.772479785,Santo Domingo,Secundaria,0
684,45,Femenino,58415.47136,1.691173459,Guayaquil,Ph.D,0
685,49,Masculino,39121.88477,1.578359674,Guayaquil,bachillers,2
686,44,Masculino,61486.43363,1.665314581,Quito,Secundaria,3
687,37,,51849.16887,1.921140586,Santo Domingo,bachiller ,3
688,41,Masculino,63156.07071,1.823622475,Manta,Ph.D,3
689,29,Masculino,58185.57162,1.583833206,Guayaquil,bachillers,4
690,67,Femenino,78245.36428,1.877839259,Esmeraldas,mre,2
691,52,Femenino,64122.1207,1.713710262,Manta,master,1
692,77,Masculino,51897.12534,1.651161636,Esmeraldas,Secundaria,4
693,50,Masculino,39217.01629,1.671841819,Santo Domingo,Master,0
694,50,Femenino,59279.78754,1.705682237,,master,3
695,,Femenino,59333.43969,1.808406425,Santo Domingo,Ph.D,0
696,68,masculino ,56063.08877,1.719002879,Esmeraldas,Ph.D,4
697,60,Femenino,71629.85627,1.733340248,,mre,3
698,54,masculino ,39258.32263,1.821133003,Quito,Secundaria,2
699,29,Femenino,48561.83905,1.66009099,Manta,master,3
700,20,Masculino,,1.730243155,Quito,Ph.D,3
701,18,Femenino,51607.37672,1.7438876,Esmeraldas,bachiller ,3
702,50,F,54649.36143,1.713472846,Manta,Secundaria,4
703,57,Masculino,59096.22948,1.749900263,Santo Domingo,Secundaria,
704,,Masculino,70289.474,1.630879264,Sto. Domingo,master,4
705,60,Masculino,58491.3952,1.797999846,Quito,bachiller ,
706,61,Masculino,30454.73315,1.644614484,Quito,Secundaria,2
707,46,Femenino,-43530.26095,1.745465516,Esmeraldas,sin  educacion,3
708,30,Masculino,67436.76413,1.721039039,Manta,phd,4
709,29,Masculino,71440.10458,1.631338718,Santo Domingo,Master,3
710,48,Masculino,72267.86817,1.862246116,Esmeraldas,Master,3
711,63,Femenino,76517.66505,1.871656333,Santo Domingo,,3
712,19,Femenino,61776.55916,1.607916597,,bachiller,1
713,78,Femenino,63947.47471,1.779929462,Guayaquil,bachillers,2
714,68,Femenino,44791.37181,1.687746155,Santo Domingo,bachiller,2
715,67,Femenino,27381.37031,1.632616867,Guayaquil,bachiller ,4
716,52,Femenino,38736.26125,,Manta,mre,0
717,40,Femenino,49472.43672,1.783379111,Manta,PhD,0
718,34,Masculino,39604.43173,1.716108291,Esmeraldas,bachillers,0
719,43,Masculino,55606.0959,1.663650178,Santo Domingo,bachiller,3
720,-5,Femenino,53068.67609,1.832942339,Esmeraldas,,4
721,46,Masculino,74067.40521,1.83653978,Manta,mre,3
722,43,F,45462.95268,3.843349348,Manta,phd,1
723,27,Femenino,62108.72876,1.709088795,Manta,phd,4
724,43,Masculino,53703.4846,1.542103458,Quito,bachiller,4
725,,Masculino,44901.32151,1.783534204,Guayaquil,PhD,4
726,51,Femenino,49084.32819,1.832750013,Esmeraldas,PhD,1
727,68,Masculino,29231.10442,1.738954443,Esmeraldas,mre,4
728,58,Femenino,71225.2024,1.596461203,Manta,,1
729,24,Femenino,81033.91881,1.861529667,,bachillers,0
730,21,Masculino,,1.903041629,Esmeraldas,Secundaria,4
731,75,F,,1.656812395,Esmeraldas,,3
732,70,Masculino,,1.744546092,Quito,master,2
733,,Femenino,47698.63078,1.781667362,Manta,mre,1
734,,Femenino,70573.5429,1.778737761,Quito,master,0
735,28,Femenino,64786.02488,1.704819445,Guayaquil,Secundaria,0
736,46,masculino ,16317.98431,1.879787398,Esmeraldas,Secundaria,2
737,73,Masculino,44480.83879,1.543470447,Guayaquil,master,4
738,53,Femenino,29204.08126,1.544750928,Esmeraldas,bachiller ,3
739,42,Masculino,83331.21518,1.698431525,Guayaquil,Secundaria,2
740,38,Masculino,57422.56841,1.874356281,Esmeraldas ,bachillers,4
741,,Femenino,63610.52343,1.81596932,Manta,Secundaria,4
742,74,Femenino,54700.57297,1.550667264,Santo Domingo,Ph.D,
743,53,Masculino,76540.45089,1.984344981,Quito,master,3
744,27,Femenino,72910.57759,1.75543433,Esmeraldas,PhD,3
745,54,Masculino,56767.81225,1.58477805,Quito,master,1
746,26,Femenino,85769.89584,1.690787873,Esmeraldas,Ph.D,4
747,,Femenino,62779.77213,1.796714519,Santo Domingo,bachillers,4
748,52,Femenino,38098.12387,1.825247537,Manta,bachiller,3
749,66,Masculino,61500.28106,1.693402383,Manta,mre,2.724221856
750,52,Masculino,67761.60987,1.752216449,Quito,bachillers,3
751,65,,58001.62871,1.687521816,Santo Domingo,,3
752,53,Femenino,53827.75432,1.693414897,Quito,phd,4
753,35,Femenino,86465.41974,1.772478798,Manta,mre,3
754,66,Masculino,42212.06312,1.84407146,Guayaquil,Secundaria,4
755,56,F,18544.29262,1.586253693,Quito,Ph.D,1
756,49,,84285.81046,1.676721255,Esmeraldas,Ph.D,0
757,,Femenino,41609.28906,1.639806324,Sto. Domingo,mre,1
758,40,Femenino,55700.72942,1.599199547,Esmeraldas,Secundaria,1
759,79,Masculino,54338.51767,1.594095792,Santo Domingo,Secundaria,2
760,49,Masculino,78476.22736,1.702495098,Manta,bachiller ,1
761,54,Femenino,81522.84569,1.592744003,Manta,PhD,2
762,29,Masculino,40614.36819,1.589353452,Quito,bachiller ,2
763,66,Masculino,80353.64442,1.682064761,Quito,phd,2
764,72,Masculino,80076.15474,1.602055238,Esmeraldas,phd,1
765,30,Femenino,60290.32411,1.750859431,Quito,phd,0
766,40,Masculino,73988.13833,1.652085419,Guayaquil,,2.529668391
767,42,Masculino,75492.44931,1.580548496,Manta,master,3
768,52,F,56213.58223,1.93257204,Santo Domingo,Secundaria,3
769,58,,57636.50164,1.486724191,Manta,phd,4
770,47,Femenino,1000704.36,1.785630465,Esmeraldas,bachiller,3
771,34,Masculino,35572.1255,1.734610114,Quito,bachillers,3
772,66,masculino ,54692.9,1.651525487,Manta,,2
773,79,Femenino,41994.61881,1.609228572,Quito,,1
774,37,Femenino,81353.67304,1.872841967,Esmeraldas,PhD,3
775,65,Masculino,54516.26063,1.912389471,Quito,mre,1
776,42,Masculino,64145.60585,1.670718977,Sto. Domingo,bachiller,0
777,39, femenino,56723.82096,1.656176445,Esmeraldas,,3
778,30,Femenino,55747.73872,1.812874616,Manta,PhD,0
779,-9,Masculino,63164.49431,1.67539975,Manta,Secundaria,
780,36,Femenino,49040.34503,1.758345463,Santo Domingo,bachillers,4
781,66,Masculino,57022.76473,1.755801513,Guayaquil,master,1
782,53,Masculino,56912.35504,2.641450254,,sin  educacion,1
783,29,masculino ,53651.7705,1.716509894,Manta,bachillers,4
784,78,Femenino,65865.85362,3.135118147,Santo Domingo,Ph.D,2
785,58,Masculino,53295.06102,2.675178905,Quito,PhD,4
786,-13,Masculino,84166.72474,1.632026782,Esmeraldas,Secundaria,4
787,,F,69434.46162,1.722576126,Santo Domingo,bachiller,4
788,26,Femenino,39760.34918,1.654572075,Esmeraldas,bachillers,0
789,24,Masculino,68263.16916,1.977735261,Esmeraldas,Ph.D,1
790,45,,49657.80454,1.71325785,Esmeraldas,bachiller,2
791,31,Femenino,62035.35263,1.526180496,Quito,mre,3
792,48,Femenino,49032.06839,1.418605568,Guayaquil,PhD,3
793,69,Femenino,27083.94169,1.782106014,Esmeraldas,PhD,3
794,,Masculino,59673.99761,1.714126308,Manta,master,-5
795,75,Masculino,38483.76362,1.844068053,Quito,bachiller ,3
796,64,Masculino,66295.73083,1.635600056,,,2
797,33,F,,1.687941118,Esmeraldas,phd,3
798,70,Masculino,-45214.13666,1.727921337,Manta,Ph.D,3
799,22,Femenino,87383.05557,1.684493952,Santo Domingo,bachillers,2
800,52,Masculino,41410.68799,1.676225819,Quito,PhD,1
801,29,Femenino,50634.93523,1.772559875,Esmeraldas,bachiller ,2
802,42,Masculino,43189.62626,1.616622047,Esmeraldas,Secundaria,2
803,69,Masculino,90619.74048,1.753568082,Guayaquil,Master,4
804,76,Femenino,80283.66212,,Guayaquil,bachiller ,0
805,38,Femenino,38668.17204,1.865513813,Santo Domingo,bachillers,0
806,53,Masculino,47616.28438,1.5194123,Santo Domingo,master,1
807,70,F,48125.12012,1.651021867,,bachiller,1
808,40,Femenino,51739.09473,1.729057179,,mre,1
809,33,Masculino,-36180.5456,1.82778949,Esmeraldas,Secundaria,0
810,74, femenino,50913.73444,1.720989798,Esmeraldas,phd,1
811,56,Masculino,75073.08404,1.827977015,Esmeraldas,Master,1
812,62,Masculino,89203.68504,1.633061977,Manta,master,2
813,70,Femenino,36834.02732,1.732979687,Santo Domingo,phd,2
814,59,Femenino,44383.39315,1.735496526,Manta,Ph.D,3.442942744
815,75, femenino,63203.39167,1.831334364,Quito,sin  educacion,2
816,56,Masculino,36295.41541,1.79085558,Quito,bachillers,1
817,31,Masculino,63591.48032,1.769000144,Esmeraldas,bachiller,2
818,48,Masculino,68101.54181,1.784932983,Quito,Ph.D,4
819,75,Masculino,-37351.70895,1.579039916,,PhD,2
820,,,67682.1679,1.682853826,Santo Domingo,phd,0
821,52,Femenino,51971.27179,1.599509261,Manta,bachiller,1
822,40,Femenino,57274.95658,1.634688,Esmeraldas,Ph.D,1
823,46,Femenino,42307.08621,1.682625547,Guayaquil,PhD,0
824,60,Masculino,66965.07982,1.474360284,Guayaquil,Secundaria,2
825,28,Femenino,84050.40401,1.686231981,Santo Domingo,mre,
826,35,Masculino,66933.01349,1.621718174,Manta,mre,1
827,64,Masculino,49574.98896,1.594389535,Esmeraldas,,4
828,29,Femenino,74921.87779,1.709585688,Santo Domingo,bachiller,0
829,,Masculino,95484.70042,1.661126598,Manta,Secundaria,2
830,178,Masculino,63647.24657,1.734150174,Guayaquil,Secundaria,2
831,75,F,68317.09266,1.635117752,Esmeraldas,Master,1
832,61,Masculino,70165.51641,1.682440025,Guayaquil,Secundaria,3
833,34,Masculino,35933.14101,1.945868437,Quito,Secundaria,4
834,78,Masculino,53833.16741,1.762310119,Esmeraldas,Secundaria,4
835,55,Femenino,52292.00368,1.615392779,,phd,4
836,24,Masculino,72522.99973,1.823943219,Santo Domingo,Master,1
837,63,Masculino,70775.53962,1.854840831,Manta,master,0
838,30,Masculino,58188.94886,1.75986817,Manta,bachillers,0
839,57,Masculino,51391.82911,1.621804356,Manta,PhD,4
840,59,Femenino,34701.0606,1.803298034,Manta,,3
841,26,Femenino,59768.81207,1.642268775,Esmeraldas,PhD,3
842,67,Masculino,45681.47828,1.835084692,,Secundaria,2
843,44,Masculino,43822.47991,1.675908122,Quito,Secundaria,-4
844,75,Masculino,73894.03146,1.672048496,,bachiller ,4
845,19,Femenino,72328.79693,1.752405735,,bachiller ,2
846,22,M,52671.08763,1.841026584,Manta,,4
847,46,Femenino,36464.33578,1.936821838,Guayaquil,,0
848,54, femenino,47612.8263,1.702701463,Guayaquil,Secundaria,4
849,55,Masculino,74898.80942,1.659032673,Manta,PhD,2
850,36,Femenino,67015.77925,1.617932921,Quito,,4
851,25,Femenino,52922.92804,1.551812547,Santo Domingo,Secundaria,1
852,65,Masculino,60881.29765,1.599396323,Esmeraldas,PhD,4.531024173
853,62,Masculino,28877.67123,1.723563965,,phd,3
854,18,Femenino,27742.13419,1.805465149,,Secundaria,0
855,39,Femenino,89656.89781,1.609625967,Guayaquil,Secundaria,3
856,181,Femenino,67597.89328,1.778713178,Quito,bachiller ,4
857,34,Femenino,-28638.11361,1.613809801,Quito,bachiller ,3
858,-12,Masculino,54045.65724,1.625965891,Manta,bachiller ,2
859,42,Masculino,33572.49016,1.593045156,Manta,PhD,1
860,62,,74898.21191,1.833184016,Guayaquil,bachiller ,3
861,21,Femenino,42946.66855,1.860640434,Esmeraldas ,Secundaria,4
862,53,Femenino,70562.73968,1.62708871,Santo Domingo,bachiller ,3
863,23,Femenino,61980.01148,1.619085914,,Secundaria,4.126473336
864,77,Femenino,59218.58304,1.762257132,Quito,,2
865,48,Masculino,40464.50521,1.87280312,Santo Domingo,master,4
866,36,Masculino,40664.24993,1.86139191,Santo Domingo,mre,4
867,78,Masculino,,1.661494013,Esmeraldas,sin  educacion,1
868,61,M,61188.25237,1.681645203,,Secundaria,
869,71,,60707.5061,1.576845845,Santo Domingo,mre,2
870,56,Masculino,,1.660366228,Esmeraldas,,0
871,44,Masculino,30948.84765,1.70966318,Manta,Master,1
872,27,Femenino,75227.1576,1.565022373,Quito,bachiller ,1
873,43,Masculino,54661.50389,1.645501224,Manta,Ph.D,4
874,36,Femenino,77544.67533,1.722221443,Esmeraldas,PhD,4
875,56,Femenino,29875.13993,1.548002543,Quito,Secundaria,4.222043692
876,79,Masculino,68535.39008,1.746905951,,Secundaria,2
877,20,Masculino,68393.68947,1.802039435,Guayaquil,Secundaria,0
878,62,Masculino,37708.0099,1.757003009,Guayaquil,Secundaria,3.973700266
879,30,Femenino,50411.15824,1.650320753,Santo Domingo,mre,0
880,67,Femenino,44107.40406,1.817199673,Guayaquil,bachiller,1
881,45,Masculino,72948.18934,1.838744672,Santo Domingo,bachillers,2
882,79,Femenino,-49463.76559,1.731778897,Santo Domingo,Secundaria,0
883,75,Femenino,83982.73239,2.974095782,Esmeraldas,,3
884,37,,,1.638029295,Guayaquil,mre,1
885,45,Masculino,70983.6628,1.659332324,Quito,mre,2
886,25,Femenino,-17319.07394,1.807217526,Santo Domingo,bachillers,1
887,,M,68316.4009,1.884938668,Esmeraldas,Secundaria,1
888,58,Masculino,54237.25196,1.658502269,Santo Domingo,master,0
889,56,Femenino,51445.58332,1.682870133,Sto. Domingo,,0
890,18,Masculino,58803.99859,1.63527618,Quito,Secundaria,3
891,20,Femenino,71948.75685,1.656918726,Guayaquil,,4
892,30,Masculino,48508.45407,1.574199638,Santo Domingo,bachiller,3
893,45,Masculino,69782.30289,1.742916399,Quito,Ph.D,2
894,79,Femenino,64839.48477,1.573188636,Manta,bachiller,2
895,74,Masculino,41200.40815,1.645175644,Quito,sin  educacion,1
896,77,Masculino,,1.693887137,Quito,Secundaria,0
897,66,Masculino,62128.81519,1.568595917,Santo Domingo,bachillers,
898,42,Femenino,51742.13683,1.622613566,Quito,PhD,
899,73,Femenino,61911.42859,1.587464247,Esmeraldas,Secundaria,4.103780896
900,50,Masculino,52325.23465,1.809961074,Quito,Secundaria,2
901,55,Masculino,63715.08097,1.842467539,Manta,bachiller ,2
902,70,Masculino,57480.59446,1.621068977,Quito,Ph.D,3
903,23,Femenino,37051.13652,1.976331467,Guayaquil,phd,1
904,75,Femenino,57929.46567,1.606596322,Santo Domingo,PhD,0
905,197,Masculino,53359.74157,1.657673899,Esmeraldas ,Secundaria,4
906,,Femenino,69533.79531,,Esmeraldas,PhD,4
907,49,,73196.52744,1.75872904,Quito,bachillers,0
908,62,Femenino,52364.97357,1.668097934,Quito,Secundaria,4
909,78,M,48159.06785,1.809424329,Sto. Domingo,phd,0
910,64,Masculino,34797.68928,,Quito,master,0
911,38,Femenino,47789.44315,1.699232506,Guayaquil,Ph.D,3
912,33,Femenino,55150.96838,1.68498972,Sto. Domingo,Ph.D,1
913,71,Masculino,39911.04996,1.638945732,Quito,,2
914,38,Masculino,73397.04888,1.595975258,Esmeraldas,bachiller,2
915,28,Femenino,63932.42941,1.61995385,Esmeraldas,Master,
916,77,Femenino,58193.74929,1.754453156,Manta,,4
917,54,Masculino,59749.93043,1.700070332,Guayaquil,phd,0
918,53,Masculino,64590.6743,1.675579467,Manta,Secundaria,2
919,52,Masculino,69496.42467,1.642897578,Quito,Secundaria,3
920,36,,72135.11455,1.645059831,Guayaquil,mre,4
921,37,Femenino,55363.03507,1.695485182,Guayaquil,phd,3
922,74,Masculino,57870.9758,1.687588574,Esmeraldas,Secundaria,2
923,35,Femenino,62594.55159,1.699895979,Guayaquil,bachillers,1
924,64,Masculino,57258.58008,1.655537937,Quito,master,1
925,58,Femenino,73084.76124,1.632918759,Quito,Secundaria,3
926,66,Masculino,78409.83657,1.700842447,Quito,mre,4
927,31,Masculino,65161.09972,1.764979699,Santo Domingo,Secundaria,4.487964635
928,32,Femenino,46377.12538,1.649140785,Guayaquil,Secundaria,0
929,48,F,67626.01681,1.461264187,Guayaquil,Secundaria,1
930,18,Femenino,65755.48581,1.563252642,Quito,bachillers,3
931,70,Femenino,45119.36962,1.807425111,Guayaquil,bachillers,2
932,71,Femenino,65738.99939,1.799373802,,,4
933,71,Femenino,51837.14222,1.764675778,Santo Domingo,Secundaria,0
934,129,masculino ,71191.40723,1.751266388,Guayaquil,,0
935,33,Femenino,67504.05783,1.801770826,Manta,Master,1
936,40,Masculino,63344.79808,1.665683993,Santo Domingo,bachillers,1.837762493
937,74,Masculino,60578.20101,1.713891505,Esmeraldas,Master,2
938,28,Femenino,27999.4189,1.622823916,Santo Domingo,Ph.D,1
939,29,Masculino,41785.87343,1.68246658,,PhD,1
940,27,Masculino,58037.9817,1.889625791,Guayaquil,,1
941,49,Femenino,82790.75322,1.617337546,Santo Domingo,bachillers,2
942,33,Femenino,,1.583483572,Quito,mre,3
943,25,Femenino,87210.69494,1.680636656,Santo Domingo,Secundaria,40
944,-3,Masculino,61244.8079,1.660011621,Guayaquil,Master,0
945,29, femenino,59537.23854,1.726597932,Quito,PhD,3
946,41,Femenino,81376.8778,1.779286969,,Secundaria,1
947,45,Femenino,57611.78543,1.66254708,Manta,master,4
948,70,M,45202.9514,1.910677879,Santo Domingo,bachiller ,2
949,25,Masculino,64751.31176,1.823069704,Quito,Ph.D,1
950,75,Femenino,76837.70973,1.62364731,Quito,PhD,1
951,45,Masculino,47610.7873,1.692091132,,sin  educacion,1
952,53,Femenino,68835.6531,1.752840291,Esmeraldas,Master,0
953,43,Masculino,58601.45237,,Manta,bachillers,3.510004341
954,25,Masculino,66770.24677,1.493530455,Manta,Master,4
955,75,Masculino,64703.00816,1.892937876,Guayaquil,PhD,2
956,77,Femenino,53785.43413,1.589299518,Manta,bachillers,1
957,67,Masculino,58407.18208,1.78524244,Manta,Ph.D,0
958,45,F,54701.5826,1.770042932,Quito,PhD,3
959,45,Femenino,61781.2233,1.618415008,Santo Domingo,Secundaria,0
960,54,Femenino,47308.54198,1.895990415,Santo Domingo,bachiller,1
961,58,Femenino,50893.72597,1.706458916,Manta,phd,1
962,53,Femenino,53790.59392,1.713776829,Guayaquil,master,0
963,44,Masculino,65875.54358,1.546174394,Guayaquil,bachillers,3
964,71,Femenino,38766.99106,1.488801074,Santo Domingo,Master,3
965,34,Masculino,58393.05548,1.675742541,Esmeraldas,Master,-5
966,26,Masculino,49376.86504,1.829726246,Quito,master,0
967,50,Masculino,53828.82129,1.513817326,Manta,sin  educacion,2
968,,Masculino,50097.46204,1.71453538,Quito,mre,2
969,37,Masculino,62918.57971,1.708160425,,bachiller,2.104245305
970,30,masculino ,57643.30058,1.824102733,Manta,Secundaria,3
971,45,,70674.15335,1.801647997,Santo Domingo,master,2
972,65,Femenino,66025.97108,1.714028153,Quito,bachiller,0
973,46,Masculino,36944.30873,1.690643646,Quito,,4
974,30,Femenino,45600.01414,1.628014099,Esmeraldas,PhD,4
975,63,Masculino,57403.39071,1.585456465,Esmeraldas,master,3
976,52,Masculino,59355.97209,1.637360021,Quito,Ph.D,
977,78,Masculino,46923.28845,1.589318806,Esmeraldas,phd,2.016394778
978,23,Masculino,79559.61556,1.689489709,Esmeraldas,mre,1
979,35,Femenino,72970.31611,1.696526774,Manta,master,1
980,68,M,35328.88736,1.672531918,Santo Domingo,Ph.D,
981,22,Femenino,825193.9917,1.710935224,,Secundaria,1
982,64,Masculino,59313.05195,1.654081052,Esmeraldas,,0
983,42,Masculino,78658.12561,1.784166117,Manta,Master,0
984,19,Masculino,36451.74109,1.722871525,Manta,phd,4
985,27,Femenino,90897.82217,1.651597815,Guayaquil,bachillers,4
986,,Masculino,47355.81508,1.583346595,Manta,Master,3
987,47,Femenino,65677.90228,1.691842056,Manta,bachiller ,4
988,67,Femenino,50904.64535,1.814114863,,PhD,1
989,76,Masculino,54357.61622,1.758944432,Quito,,4
990,62,Masculino,34658.73016,1.775816973,Guayaquil,Secundaria,0
991,-15,Femenino,77953.30146,1.772404887,Guayaquil,bachiller,4
992,72,Femenino,55955.28972,1.821566179,Guayaquil,Master,2.042530988
993,73,Femenino,56975.13131,1.786211086,Guayaquil,bachiller,
994,50, femenino,94687.22858,1.714907087,Santo Domingo,bachiller ,2
995,71,Masculino,74391.64063,1.659292453,,mre,0
996,18,F,49974.58086,1.78759755,Santo Domingo,,1
997,,Masculino,50846.16149,1.45808987,Guayaquil,master,1
998,49,M,63897.01816,1.826739234,Quito,PhD,2
999,64,masculino ,71560.9487,,Guayaquil,,3
1000,66,Femenino,86286.63075,1.863860022,Quito,bachiller,
1001,28,Femenino,35878.50962,1.5880409,Santo Domingo,master,3
1002,38,masculino ,70905.28961,1.81620296,Quito,PhD,2
1003,43,Masculino,73315.03967,1.76635606,Santo Domingo,PhD,0
1004,42,Femenino,48157.39723,1.639252924,Guayaquil,mre,4
1005,39,Masculino,54596.10148,1.686364726,Guayaquil,bachiller,3
1006,76,Masculino,35545.02533,1.679372902,Guayaquil,PhD,4
1007,44,M,52486.59457,1.663503265,Santo Domingo,bachiller ,0
1008,66,Masculino,63481.41127,1.565135152,Quito,sin  educacion,2
1009,30,Femenino,83911.76192,1.817433617,,phd,4
1010,50,Femenino,85295.48188,1.605366748,Esmeraldas,Secundaria,4
1011,51,Masculino,44560.50748,1.59502473,Manta,PhD,1
1012,58,Femenino,81867.8877,1.819916427,Guayaquil,bachiller,0
1013,52,Femenino,30759.82117,1.559729689,Guayaquil,Secundaria,2
1014,18,Femenino,51226.05122,1.669736481,Guayaquil,bachiller,1
1015,38,Femenino,55472.84839,1.600573389,Esmeraldas,Ph.D,3
1016,65,F,63776.84086,1.863672997,Esmeraldas,bachillers,2
1017,72,Femenino,61597.65511,1.814375492,Esmeraldas,Secundaria,1
1018,23,Femenino,65485.47786,1.617832175,Guayaquil,,3
1019,45,Femenino,57255.63862,1.60029579,Quito,master,2
1020,34,Masculino,74393.83033,1.776723942,Guayaquil,,1
1021,22,Femenino,70377.53456,1.743334981,Esmeraldas,mre,2
1022,48,Masculino,55656.55693,1.664591876,Esmeraldas,Ph.D,4
1023,22,Femenino,72635.90535,1.655344279,Manta,bachiller,3.702443986
1024,55,Femenino,91026.53011,1.676612518,Santo Domingo,bachiller,4
1025,20,Femenino,49901.12318,1.790193279,Manta,Secundaria,1
1026,70,Masculino,85130.04774,1.857070749,Manta,Secundaria,4
1027,,Masculino,51247.87025,1.882272136,Guayaquil,Master,0
1028,54,Masculino,81154.88934,1.626555627,Santo Domingo,bachiller,4
1029,70,Masculino,51810.95999,1.705802046,Santo Domingo,Secundaria,0
1030,54,Masculino,71484.93638,1.834351334,Guayaquil,master,2
1031,27,Masculino,62694.49666,1.612943287,Quito,PhD,3
1032,27,Femenino,33221.12298,1.631792171,,Secundaria,3
1033,36,Masculino,88733.28559,1.779687008,Quito,Secundaria,3
1034,178,Femenino,46568.22016,1.653131649,Esmeraldas ,Master,
1035,38,Masculino,40956.01033,1.552459137,Santo Domingo,Secundaria,3
1036,31,Masculino,50408.41829,1.617308264,Guayaquil,mre,
1037,26,Masculino,97968.7085,1.799029912,Guayaquil,Secundaria,4
1038,63,Femenino,41194.29619,1.724903339,Santo Domingo,bachiller,3
1039,18,F,62673.65277,1.543776139,Manta,sin  educacion,0
1040,68,Masculino,43152.5651,1.63910633,Guayaquil,bachiller,
1041,62, femenino,45724.37643,1.882272424,Esmeraldas,Secundaria,0
1042,30,,36008.66146,1.693051188,Esmeraldas,master,1
1043,21,Femenino,64727.52306,1.675660204,Guayaquil,bachiller,3
1044,79,Femenino,57581.70223,1.700820894,,Ph.D,0
1045,18,Masculino,43029.50635,1.720513103,Santo Domingo,,0
1046,66,Femenino,73098.05202,1.660918387,Quito,master,
1047,57,Masculino,,1.834053918,Esmeraldas,Secundaria,1
1048,49,,,1.652903603,Esmeraldas,Master,1
1049,51,Femenino,77560.04909,1.799376677,Sto. Domingo,master,3
1050,45,Masculino,54764.84601,1.88224448,Esmeraldas,Secundaria,2
1051,48,Femenino,1167917.622,1.737772323,Manta,Ph.D,2
1052,25,Masculino,835649.9832,1.595235751,Esmeraldas,Ph.D,4
1053,56,Femenino,37390.00323,1.718824202,Quito,Secundaria,3
1054,43,M,63288.69601,1.643623418,Quito,bachiller,4
1055,75,Femenino,62380.1686,,Manta,bachillers,3
1056,51,Femenino,59547.08538,1.720724728,Quito,master,1
1057,71,Femenino,65608.13085,1.688094623,Quito,,2
1058,71,Femenino,81178.53651,1.599163708,Quito,Secundaria,0
1059,20,Masculino,56933.70028,1.513906013,Guayaquil,Secundaria,2
1060,183,Masculino,45642.46846,1.618845918,Manta,,3
1061,67,Masculino,56283.73486,1.765104638,Manta,bachiller,2
1062,29,M,57947.3995,1.818280008,,bachiller,0
1063,18, femenino,74753.82861,1.668989805,Manta,Master,1
1064,71,Femenino,61599.94655,1.605531234,Santo Domingo,Secundaria,1
1065,61,Masculino,42777.15963,1.718972725,Manta,,3
1066,22,Masculino,72081.86795,1.76885031,Santo Domingo,Secundaria,2
1067,47,Femenino,-25962.79165,1.777719191,Quito,sin  educacion,3
1068,47,Masculino,,1.719454046,Santo Domingo,Ph.D,3.102173112
1069,121,Masculino,74223.69695,1.907027803,Guayaquil,PhD,4
1070,74,Masculino,76734.10517,1.826888265,Quito,Secundaria,3
1071,34,Femenino,54338.39265,1.577721389,Santo Domingo,,2
1072,65, femenino,46497.5815,1.553252901,Quito,bachillers,4
1073,64,Femenino,59821.8537,1.58696723,Guayaquil,Secundaria,3
1074,40,Masculino,68049.17588,1.816836149,Quito,,1
1075,32, femenino,58419.67592,1.529074181,Quito,,4
1076,54,Masculino,45173.64626,1.745755971,Manta,bachillers,3
1077,38,Masculino,62440.07959,1.682999771,Esmeraldas,Secundaria,0
1078,31,Femenino,29497.48995,1.575520755,Santo Domingo,mre,1
1079,19,Masculino,55133.08392,1.724884422,Esmeraldas,Ph.D,4
1080,28,F,1749912.507,1.682355601,Guayaquil,mre,2
1081,68,Femenino,73581.57551,1.780693618,Guayaquil,bachillers,0
1082,56,Masculino,,1.537301445,Quito,phd,2
1083,55,Masculino,57111.23843,1.610643851,Guayaquil,bachiller ,0
1084,77,Femenino,68989.13693,1.612646245,Santo Domingo,Secundaria,3
1085,51,Femenino,42358.76891,1.76616458,Santo Domingo,PhD,3
1086,55,Masculino,54420.67988,1.676236582,Quito,bachillers,2
1087,124,Masculino,,1.818079785,Santo Domingo,bachillers,2
1088,-7,Masculino,52737.54875,1.66012057,Manta,,2
1089,-15,,83979.62503,1.722065061,Esmeraldas,master,4
1090,47, femenino,48882.21425,1.848424017,Guayaquil,phd,1
1091,32,Femenino,81148.20257,1.522706824,Santo Domingo,,2
1092,44,Masculino,60503.45332,1.702899816,Santo Domingo,Ph.D,3
1093,68,M,46825.09069,1.696842614,Santo Domingo,Secundaria,3
1094,,,81198.21124,1.62121568,Quito,Secundaria,2
1095,69,Masculino,41902.8757,1.683613742,Guayaquil,bachillers,2
1096,74,Masculino,48060.41634,1.731217987,Esmeraldas,Ph.D,3
1097,55,Femenino,67348.79111,1.625375799,Santo Domingo,bachillers,4
1098,50,Masculino,61212.26092,1.705540768,Manta,bachillers,0
1099,41,Femenino,64109.45634,1.598026486,Quito,sin  educacion,3
1100,-14,Masculino,54475.22515,1.679569048,Esmeraldas,PhD,-3
1101,,Masculino,42009.09733,1.792870147,Santo Domingo,mre,2
1102,,Masculino,50216.16355,1.797549236,Esmeraldas,,1
1103,72,Femenino,79805.98922,1.817276761,Quito,Master,2
1104,59,Femenino,,1.689835948,Manta,Master,2
1105,68,Femenino,84667.0115,1.667327662,Santo Domingo,mre,2
1106,34,Femenino,64737.8848,1.773795758,Manta,Secundaria,3
1107,22,Masculino,51047.92641,1.816687939,Quito,Secundaria,3
1108,46,masculino ,29969.20523,1.708344001,Manta,mre,1
1109,21,Femenino,31939.71624,1.851216469,Esmeraldas ,PhD,0
1110,27,Femenino,54661.7415,1.771058417,Manta,Secundaria,0
1111,73,Masculino,-47313.62188,1.642898923,Esmeraldas,Master,0
1112,34,Masculino,61766.22862,1.655002947,Esmeraldas,sin  educacion,2
1113,27, femenino,,1.695952158,Quito,Secundaria,1
1114,34,Femenino,68063.91024,1.542954775,Esmeraldas,sin  educacion,2
1115,77,Masculino,58069.66826,1.644655998,Sto. Domingo,Master,1
1116,37,Femenino,78252.66535,1.814081458,Guayaquil,master,4
1117,41,Femenino,62259.8089,1.834513338,Santo Domingo,Master,3
1118,22,Femenino,83995.63491,1.728603119,Quito,bachillers,2
1119,,,49918.7056,1.745436806,Esmeraldas,Secundaria,4
1120,23,Masculino,42783.13842,1.669008055,Quito,mre,0
1121,,Masculino,29995.01586,1.635985046,Esmeraldas,Ph.D,4
1122,19,Masculino,58418.83114,1.757030653,Santo Domingo,mre,3
1123,30,Femenino,41480.37715,1.656019101,Manta,sin  educacion,3
1124,79,Femenino,41267.95301,1.869033518,Manta,Secundaria,3
1125,176,Masculino,75514.79125,1.740859165,Guayaquil,phd,
1126,60,Masculino,34168.47563,1.744527168,Quito,,0
1127,65,Masculino,61553.37709,1.594048186,Esmeraldas,Secundaria,2
1128,28,Femenino,58751.50935,1.468140893,Guayaquil,sin  educacion,0
1129,68, femenino,61381.96722,1.744512756,Quito,Secundaria,1
1130,64,Femenino,,1.650309724,Esmeraldas,bachiller,1
1131,74,Femenino,47614.63045,1.798397105,Santo Domingo,Secundaria,2
1132,40,Masculino,80774.22731,,Quito,Secundaria,3
1133,72,Masculino,,1.64687887,Esmeraldas,bachiller ,2
1134,33,F,69761.11556,1.811945775,Manta,Master,4
1135,48,Masculino,82145.60068,1.743679332,Quito,Ph.D,3
1136,28,Masculino,-810.7512714,1.599867815,Esmeraldas,bachiller,2
1137,71,Femenino,59469.10612,1.703400717,Manta,bachillers,2
1138,33,Femenino,,1.890373023,Manta,bachillers,4
1139,25,Femenino,61077.72764,1.71436314,Guayaquil,Secundaria,4
1140,,Femenino,85673.36881,1.68519606,Esmeraldas,Master,0
1141,57,Femenino,48545.53701,1.789523297,Guayaquil,master,1
1142,21,Masculino,42232.37205,1.735227375,Guayaquil,,2
1143,,Femenino,,1.844366628,Santo Domingo,PhD,0
1144,42,Femenino,76864.70162,1.775509757,Guayaquil,master,3
1145,20,Femenino,68379.52325,3.90214511,Guayaquil,PhD,3
1146,,Masculino,60514.82995,1.849230853,Santo Domingo,Secundaria,1
1147,20,Femenino,56561.53496,1.670094759,,master,-5
1148,44,Femenino,29896.04507,1.640123655,Quito,phd,1
1149,46,Femenino,68787.93793,1.565426956,Guayaquil,Secundaria,3
1150,49,Masculino,70580.10874,1.678915223,Manta,sin  educacion,3
1151,67,Femenino,49614.99648,1.569139165,Santo Domingo,Ph.D,2
1152,78,Femenino,53029.202,1.736548559,Esmeraldas,Secundaria,4
1153,75,Femenino,44276.56469,1.638651132,Quito,Secundaria,2
1154,68,Masculino,73021.85209,1.796233426,Quito,Master,0
1155,36,Masculino,54512.00579,1.777867815,Guayaquil,PhD,4
1156,,,57760.42999,1.661040015,Manta,Secundaria,2
1157,22,Masculino,,1.797629219,Santo Domingo,,4
1158,35,Femenino,64904.6108,1.714923573,Esmeraldas,bachillers,4
1159,45,Femenino,68449.21702,1.522873829,Guayaquil,Secundaria,4
1160,59,Masculino,62622.55959,1.601136785,Manta,,3
1161,78,Masculino,62956.77503,1.627583698,Guayaquil,bachiller ,4.653231251
1162,39,Femenino,62814.56782,1.701024378,Guayaquil,mre,3
1163,38,Femenino,66793.73639,1.657094204,Quito,Secundaria,4
1164,23,Masculino,67522.60638,1.647101833,Esmeraldas,phd,3
1165,18,Masculino,41629.38059,1.758097024,,Secundaria,4
1166,22,Masculino,51042.08623,1.77869164,Esmeraldas,Secundaria,0
1167,58,Masculino,56949.62605,1.638144808,Esmeraldas,bachillers,2
1168,29,Femenino,66777.27385,1.615026517,Santo Domingo,phd,4
1169,43,Masculino,83961.35044,1.826420142,Santo Domingo,Master,0
1170,63,Masculino,47801.65453,1.972607918,Esmeraldas,master,2
1171,51,Femenino,73179.77513,1.605809902,Manta,Ph.D,1
1172,66,Femenino,51465.80232,1.789113973,Santo Domingo,Master,4
1173,31,Femenino,80557.75253,1.686097413,Santo Domingo,bachiller ,1
1174,43,Femenino,88685.15898,1.767598517,Manta,Secundaria,2
1175,-16, femenino,33779.7946,1.604705061,Esmeraldas,master,2
1176,44,Masculino,55104.99651,1.574825207,Guayaquil,,4
1177,26,Masculino,24746.32977,1.587725658,Santo Domingo,master,
1178,43,M,34652.45963,1.643586178,Guayaquil,bachiller ,4
1179,74,Femenino,35587.1214,1.676529168,Guayaquil,Master,0
1180,64,M,,1.794512744,Sto. Domingo,Master,4
1181,74,,66554.75466,1.616653611,Esmeraldas,PhD,0
1182,39,masculino ,72018.66682,1.636217105,Guayaquil,phd,3
1183,64,,69118.74778,,Esmeraldas,bachiller,0
1184,73,Femenino,67275.97232,1.705337573,Quito,PhD,0
1185,47,Femenino,,1.728531754,Esmeraldas,sin  educacion,2
1186,60,Masculino,58036.79542,1.774530659,Manta,PhD,1
1187,65, femenino,75293.96598,1.647616099,Manta,bachiller ,4
1188,78,Masculino,60184.16834,1.698165534,Quito,PhD,2
1189,34,Masculino,67877.68472,1.667754323,,bachillers,1
1190,43,Masculino,,1.691696091,Esmeraldas,Secundaria,3.842586466
1191,53,Femenino,42373.96379,1.784324268,Esmeraldas,bachillers,2
1192,18,Femenino,74703.3638,1.767466598,Esmeraldas,bachillers,4
1193,25,Femenino,49973.476,1.471771925,Manta,Secundaria,3
1194,66,Femenino,39069.63723,1.799787831,,Secundaria,2
1195,52,M,69619.38497,1.665427427,Santo Domingo,,4
1196,78,Masculino,60020.01488,1.73948037,Quito,mre,0
1197,69,masculino ,53895.91243,1.659243474,Esmeraldas ,mre,1
1198,32,Masculino,82636.66453,1.694819503,Esmeraldas,bachiller,4
1199,64,Femenino,80061.51162,1.831529011,Manta,,3
1200,73,Masculino,57182.44201,1.733607561,Quito,bachillers,4
1201,39,Masculino,70835.62957,1.826417127,Santo Domingo,bachillers,4
1202,31,Masculino,26419.44282,1.694903104,Esmeraldas,phd,0
1203,,Femenino,76400.38549,1.684509133,Manta,Secundaria,
1204,45,Femenino,43701.20237,1.701217807,Esmeraldas,bachillers,1
1205,40,Femenino,38217.87097,1.573052323,Santo Domingo,Master,3
1206,31,Femenino,33221.02428,1.43089914,Santo Domingo,Secundaria,1
1207,41,Masculino,32061.72165,1.621926411,Quito,Secundaria,0
1208,19,F,76204.88311,1.802723344,Manta,bachiller ,3
1209,62,Masculino,69467.17064,1.842053756,Guayaquil,Master,0
1210,43,Masculino,48512.10536,1.499763614,,PhD,0
1211,31,Femenino,72823.48555,1.828667733,Manta,phd,4
1212,76,Masculino,51075.27856,1.640767615,Guayaquil,phd,4
1213,73,Masculino,64854.74162,1.557359997,Manta,Master,4
1214,68,,52765.3646,1.805922671,Esmeraldas,Secundaria,2
1215,24,Femenino,58200.55307,1.649455617,Esmeraldas,Secundaria,0
1216,20,Femenino,46377.04638,1.961553516,Quito,bachiller,1
1217,64,Femenino,48602.73557,1.632675738,Santo Domingo,Secundaria,3
1218,40,Masculino,68161.44271,1.672364503,Santo Domingo,Secundaria,2
1219,196,F,-48112.59033,1.602350802,Santo Domingo,Ph.D,4
1220,60,Masculino,53788.13828,1.714990052,Quito,Ph.D,4.249453706
1221,64,Masculino,37116.89634,1.779706497,Santo Domingo,sin  educacion,2
1222,77,Masculino,97068.70567,1.526972448,Manta,Secundaria,0
1223,62,Femenino,60550.44987,1.765579867,Guayaquil,bachiller,0
1224,35,,64682.11244,1.659133753,Santo Domingo,Secundaria,1
1225,75,Masculino,41080.05302,1.613909142,Esmeraldas,,3
1226,55,Masculino,78228.50323,1.559877173,Quito,Secundaria,3
1227,52,Femenino,80518.42895,1.79786235,Quito,mre,4
1228,68,masculino ,34379.47714,1.728668768,Sto. Domingo,Secundaria,1
1229,32,Femenino,58464.21559,1.641792126,Guayaquil,Master,3
1230,42,Masculino,57293.44544,1.7779459,Esmeraldas,bachillers,2
1231,72,Masculino,95826.70225,1.752982614,Santo Domingo,Secundaria,
1232,54,F,81654.20711,1.78678474,Guayaquil,Secundaria,3
1233,45,masculino ,38238.32379,1.86405989,Manta,bachiller,2
1234,27,Femenino,49079.21731,1.721751839,Esmeraldas,phd,2
1235,56,Femenino,46605.08977,1.893237577,Quito,PhD,4
1236,74,Masculino,,1.842757961,,mre,2
1237,34,Masculino,83583.13321,1.778344142,Santo Domingo,Secundaria,3
1238,56,masculino ,,1.530876942,Guayaquil,phd,0
1239,39,Masculino,67517.49355,1.710979208,Quito,bachiller ,2
1240,43,Femenino,50035.36943,1.72463256,Manta,bachiller ,3
1241,79,Masculino,997142.8355,1.721557116,Guayaquil,Secundaria,
1242,61,Femenino,52921.23249,1.689019253,Santo Domingo,,1
1243,42,Masculino,35388.60703,1.764604991,Guayaquil,bachiller ,-2
1244,34,Masculino,66463.06064,1.777915585,Manta,Secundaria,0
1245,30,Femenino,,1.532782871,Guayaquil,Master,2
1246,37,Femenino,43542.03685,1.835484024,Manta,phd,3
1247,42,Femenino,84680.77988,1.552354807,Manta,Secundaria,0
1248,21,Femenino,48503.19016,1.659410091,Esmeraldas,master,2
1249,27,Femenino,69136.51972,,Esmeraldas,bachiller,1
1250,20,Masculino,54561.77714,1.627823624,Santo Domingo,Ph.D,3
1251,58,Femenino,-41637.16994,1.808653303,Santo Domingo,bachiller,4
1252,172,Femenino,56436.18129,1.71216198,Santo Domingo,bachiller,2
1253,35,Femenino,34880.57867,1.768259913,Manta,PhD,3
1254,,Masculino,72150.03171,,,Secundaria,2
1255,53,Femenino,83093.15982,1.508495439,,Secundaria,4
1256,64,Femenino,53585.82904,1.644225844,Manta,Secundaria,1
1257,39,Femenino,70183.27214,1.774857248,Esmeraldas,bachillers,4
1258,51,Masculino,61941.47408,1.765683798,Guayaquil,bachillers,4
1259,64,Masculino,54259.26067,1.524332394,Santo Domingo,Secundaria,4
1260,25,Femenino,72611.40566,1.803002713,Santo Domingo,sin  educacion,0
1261,57,Masculino,47999.46016,1.761605595,Quito,phd,3
1262,66,masculino ,60487.42807,1.60372077,Esmeraldas,bachillers,2
1263,61,Masculino,63860.3509,,Quito,mre,1
1264,36,Femenino,63316.34056,1.677088823,Santo Domingo,Secundaria,2
1265,59,Masculino,48368.89862,1.749196539,Quito,Secundaria,0
1266,,Femenino,90894.0783,1.51997639,Guayaquil,bachillers,1
1267,54,Femenino,78933.67999,1.664739514,Quito,,0
1268,23,Masculino,74856.18838,1.81807169,Guayaquil,Secundaria,2
1269,69,Femenino,81498.19462,1.753881917,Santo Domingo,bachiller,
1270,43,M,61031.42322,1.779164086,Manta,Secundaria,2
1271,51,Femenino,54430.64548,1.676645875,Esmeraldas,Ph.D,2.010400963
1272,,Femenino,43664.46337,1.756434595,Quito,master,0
1273,73,Masculino,49448.52618,1.683691099,,bachiller,29
1274,76,Femenino,44789.6493,1.607515985,Santo Domingo,Ph.D,3
1275,62,Masculino,52078.41778,1.674784488,Santo Domingo,bachiller ,2
1276,23,Masculino,64147.13439,1.845404004,Manta,bachiller,2
1277,-18,Masculino,73710.37349,1.813232136,Santo Domingo,bachiller,4
1278,74,Masculino,73295.30262,1.600779811,Santo Domingo,Master,4
1279,145,Femenino,,1.658265863,Manta,PhD,1
1280,70,Femenino,70336.93978,1.607576178,,,2
1281,39,Masculino,77157.86156,1.717952317,Guayaquil,bachillers,0
1282,38,F,56186.47307,1.799727282,Quito,Secundaria,2
1283,23,Masculino,77966.25041,1.903179342,Quito,,2
1284,23,M,73137.0039,1.55725478,,Secundaria,3
1285,72,Femenino,41031.13586,1.785834735,Quito,sin  educacion,3
1286,65,Femenino,92876.0428,1.699231437,Santo Domingo,Secundaria,4
1287,21,Masculino,49265.28654,1.663286303,Quito,mre,1
1288,47,Masculino,74361.29922,1.606470819,Quito,PhD,1
1289,28,Femenino,73818.33001,1.877986094,Santo Domingo,Secundaria,2
1290,79,Masculino,41639.82148,1.537113577,Quito,master,0
1291,79,Masculino,62684.69227,1.651024485,Santo Domingo,phd,3
1292,47,Femenino,73633.74466,1.736729691,Manta,bachiller,0
1293,48,Masculino,41480.80038,1.745328839,Manta,Ph.D,
1294,41,F,61494.2424,1.824679782,Quito,bachiller,2
1295,-11,Femenino,74890.09582,1.611931943,Manta,mre,1
1296,-5,Femenino,75858.609,1.762438689,Quito,master,2
1297,72,Masculino,54043.90464,1.693706548,Manta,phd,3
1298,20,Femenino,83165.53824,1.704021711,Quito,mre,1
1299,68,Femenino,79582.83088,1.654042277,Esmeraldas,,0
1300,48,Masculino,63618.41946,1.716186643,Guayaquil,bachillers,0
1301,57,Masculino,50115.72835,1.685761367,Manta,mre,4
1302,54,Masculino,42512.22267,1.664374502,Santo Domingo,Secundaria,0
1303,53,Masculino,65663.18492,1.647479707,Guayaquil,bachiller ,4
1304,41,Femenino,81967.68857,1.737249555,Quito,Secundaria,1
1305,48,Masculino,57792.71001,1.56691093,Guayaquil,,2
1306,23,,-33978.55898,1.680765181,Santo Domingo,Secundaria,2
1307,19,Masculino,72373.85828,1.623228255,,,1
1308,37,Masculino,62617.68744,1.687709027,Quito,,1
1309,,Femenino,67738.57481,1.688979625,Manta,master,3
1310,28,Masculino,52120.81994,1.786685273,Manta,phd,0
1311,21,Femenino,-47018.24171,1.765901512,,PhD,0
1312,32,Masculino,52050.06504,1.729179584,Santo Domingo,bachillers,0
1313,23,Femenino,67487.53684,1.717273114,Esmeraldas,Secundaria,4
1314,71,,54909.06479,1.680913758,Santo Domingo,mre,0
1315,66,Masculino,68886.36544,1.679065326,Esmeraldas,Ph.D,3
1316,47,Femenino,50679.42569,1.525213585,Manta,bachiller ,2
1317,73,Masculino,67462.52353,1.77337493,,phd,2
1318,55,Femenino,70556.71755,1.726652614,Manta,Secundaria,3.564303126
1319,68,Femenino,64973.14424,1.820037419,Guayaquil,PhD,3
1320,79,Femenino,-34035.32141,2.946194707,Manta,Secundaria,1
1321,74,Masculino,52778.15262,1.82603697,Guayaquil,,
1322,19,,70389.63199,1.680817834,Guayaquil,Secundaria,3
1323,32,Masculino,63500.17969,1.642683978,Esmeraldas,sin  educacion,1
1324,28,Femenino,47853.9923,1.854544462,,Secundaria,4
1325,25,Femenino,31394.51968,1.736389288,,Secundaria,0
1326,43,Femenino,34602.59807,1.867100709,Quito,Master,
1327,68,Femenino,,1.71704884,Quito,sin  educacion,2
1328,62,F,66391.93916,1.78074227,Guayaquil,PhD,4
1329,-10,Femenino,55128.46467,1.802870466,Esmeraldas,PhD,3
1330,22,Masculino,61308.18509,1.671862935,Manta,Ph.D,
1331,23,Masculino,57293.97625,1.73460671,Guayaquil,master,1
1332,43,,68725.05109,1.715421759,Esmeraldas,,3
1333,71,Femenino,69163.68601,1.783232308,Manta,Secundaria,0
1334,21,,1104563.611,,Manta,PhD,3.49346069
1335,36,Femenino,61551.3067,1.760113283,Esmeraldas,Secundaria,0
1336,37,Masculino,62150.47033,1.792046588,Manta,PhD,4
1337,50,Masculino,80876.74428,1.631712496,Santo Domingo,Ph.D,0
1338,37,Femenino,29931.02177,1.611855308,Santo Domingo,,1
1339,66,Femenino,49942.18658,1.534172514,Guayaquil,master,1
1340,29,M,72978.9194,1.907846781,Manta,bachiller,1
1341,64,Masculino,76618.53747,1.626831916,Manta,bachillers,4
1342,18,Masculino,66408.00125,1.841795295,Esmeraldas,Secundaria,2
1343,43,Masculino,57238.09487,1.679201784,Santo Domingo,PhD,4
1344,31,Femenino,87923.39562,1.809820773,Quito,bachiller ,1
1345,55,Masculino,62667.17625,1.758094025,Guayaquil,bachiller,
1346,54,Femenino,60461.78985,1.910214846,Santo Domingo,Secundaria,3
1347,,Femenino,79976.7797,1.844581804,Esmeraldas ,master,3
1348,28,Masculino,67133.26702,1.721310019,Guayaquil,Secundaria,2
1349,53,Femenino,74097.45333,1.730983474,,Secundaria,4
1350,30, femenino,75854.585,1.767911988,Guayaquil,,4
1351,60,Femenino,54412.92566,1.968130465,Santo Domingo,mre,3
1352,20,Femenino,86515.97719,1.706773415,Quito,Secundaria,1
1353,50,Masculino,23068.19834,1.57073205,Esmeraldas,bachiller ,0
1354,23, femenino,30305.14638,1.724471273,Guayaquil,bachiller,1
1355,67,Femenino,49796.78067,1.635933419,Santo Domingo,,2
1356,73,Masculino,53649.59166,1.721127798,Esmeraldas,phd,0
1357,27,Femenino,65439.37037,1.815115286,Quito,phd,1
1358,22,masculino ,49658.33194,1.750408099,Guayaquil,Secundaria,4
1359,40,Masculino,59821.22415,1.640679607,Manta,Master,4
1360,27, femenino,56922.85991,1.679710539,Santo Domingo,PhD,3
1361,61,Femenino,90066.97596,1.593376826,,,4
1362,19,Femenino,47925.36511,1.827563332,Manta,mre,4
1363,30,Femenino,1068321.375,1.78206133,Esmeraldas,Secundaria,2
1364,57,Masculino,76785.00349,1.59116571,Guayaquil,master,
1365,19,Femenino,49290.6515,1.95210207,Esmeraldas,,1
1366,37,Femenino,58625.05064,1.678304079,Quito,Ph.D,1
1367,18,Femenino,50307.36825,1.729552884,Manta,bachiller,2
1368,54,Femenino,71057.64147,1.666247633,Esmeraldas,Secundaria,0
1369,26,Femenino,39385.88167,1.742009225,Quito,Master,4
1370,34,Femenino,,1.709405467,Guayaquil,Master,-5
1371,26,Masculino,79435.74433,1.560238644,Santo Domingo,Master,4
1372,28,Masculino,,,,mre,1
1373,32,Femenino,76089.66626,1.617186174,Esmeraldas ,bachiller,2
1374,41,Femenino,78933.17959,1.791711047,Guayaquil,bachillers,2
1375,55,masculino ,46253.00679,1.676813864,Guayaquil,bachiller,2
1376,116,Masculino,60909.97497,1.706332482,Esmeraldas,phd,1
1377,52,Masculino,67580.82719,1.748211291,Santo Domingo,bachiller ,1
1378,47,Femenino,58375.61892,1.713726813,Manta,,3
1379,48,Femenino,55317.73174,1.774382222,Santo Domingo,Secundaria,1
1380,66,Femenino,56795.2322,1.62918008,Santo Domingo,Secundaria,1
1381,22,Femenino,-49478.69584,1.803688488,Santo Domingo,Secundaria,4
1382,79,Masculino,,1.596946713,Quito,,1
1383,77,Masculino,69003.44201,1.608716584,Quito,bachiller ,0
1384,61,Masculino,65203.39206,1.757901511,Quito,,4
1385,67,Masculino,45537.25492,1.804954652,Quito,PhD,3
1386,31,Femenino,64529.54234,,Santo Domingo,Master,0
1387,70,Femenino,36919.93391,1.849219863,Santo Domingo,master,3
1388,73,Masculino,66021.49855,1.616641367,Manta,Secundaria,2
1389,28,Masculino,73366.75779,1.583469734,Manta,Ph.D,2
1390,,masculino ,1511424.519,1.783824957,Manta,bachillers,2
1391,51,Masculino,45709.64789,1.712230112,Manta,Master,1
1392,29,Masculino,51957.68893,1.78061549,Manta,Secundaria,1
1393,52,Femenino,64260.97811,1.597197093,Quito,,-2
1394,52,Femenino,52861.12783,,Guayaquil,master,0
1395,18,Masculino,31066.84526,,Sto. Domingo,Master,0
1396,57,Masculino,51874.55289,1.679898429,Esmeraldas ,sin  educacion,1.731556548
1397,39,Masculino,64203.02457,1.842650414,Sto. Domingo,bachiller ,2
1398,77,Femenino,76012.92472,1.777679528,Manta,Master,1
1399,46,Femenino,85338.12743,1.671453665,Guayaquil,PhD,3
1400,25,Femenino,61874.21751,1.841175814,Quito,Ph.D,0
1401,28,Masculino,68497.4173,1.732635496,Guayaquil,mre,0
1402,-18,Femenino,74411.75987,1.701353009,Santo Domingo,bachillers,3
1403,,Masculino,29241.60764,1.692013545,Quito,Secundaria,0
1404,31,Femenino,44711.75863,1.7438829,Esmeraldas,mre,0
1405,77,Femenino,61538.43305,1.587169019,Guayaquil,mre,1
1406,47,Femenino,83339.17302,1.789901482,Quito,master,0
1407,52,Masculino,69446.41098,1.744141351,Quito,Ph.D,2
1408,38,Masculino,64945.49407,1.642882527,Guayaquil,phd,2
1409,54,Femenino,56578.31942,1.573152785,Quito,Secundaria,4
1410,22,Masculino,66401.91196,1.674932765,Manta,bachillers,1
1411,36,Masculino,51053.39098,1.72501684,Quito,,1
1412,76,Masculino,48302.56081,1.715597349,Guayaquil,master,2
1413,31,Masculino,49605.94502,1.714981254,Quito,master,1
1414,43,Masculino,80107.22267,1.767380157,Esmeraldas,Secundaria,1
1415,79,Masculino,47396.21894,1.584931395,Manta,,4
1416,21,Masculino,54018.34368,1.693458675,Guayaquil,Ph.D,3
1417,42,Femenino,67065.16848,1.729784023,Guayaquil,bachillers,0
1418,62,Masculino,46797.22721,1.746070135,Santo Domingo,PhD,4
1419,59,Masculino,63392.45868,1.789883565,Santo Domingo,mre,3
1420,42,Femenino,,1.679650165,Manta,Secundaria,0
1421,35,Femenino,50633.18837,1.705330482,Guayaquil,Ph.D,2
1422,57, femenino,56118.29669,1.62584563,Esmeraldas,bachiller ,2.752479814
1423,25,Femenino,45846.35565,1.738824458,Quito,Secundaria,0
1424,56,Masculino,80741.49005,1.612954933,Quito,Master,4
1425,,Femenino,63863.90791,1.75737239,,master,0
1426,31,masculino ,,1.818114179,Santo Domingo,Secundaria,1
1427,49,Masculino,61894.77125,1.746828491,Guayaquil,PhD,0
1428,68,Masculino,,1.828329793,Guayaquil,PhD,2
1429,78,Masculino,26351.40234,1.654651816,Esmeraldas,Secundaria,4
1430,55,Femenino,80106.66067,1.580129069,Santo Domingo,PhD,3
1431,50,Masculino,45155.87832,1.683822201,Esmeraldas,bachiller,0
1432,40,Femenino,91353.22031,1.638595788,Guayaquil,Secundaria,4
1433,32,Masculino,71929.36141,1.650656694,,bachiller ,2
1434,50,Masculino,43097.5539,1.477817929,Santo Domingo,Secundaria,4.178053717
1435,42,,55286.24069,1.717562395,Santo Domingo,bachiller ,0
1436,34,Masculino,73839.27241,,Santo Domingo,master,2
1437,50,,56433.70893,1.784307195,Quito,mre,1
1438,64,Masculino,77673.56002,1.755309759,Santo Domingo,Ph.D,4
1439,72,Masculino,54358.96788,1.682465673,,Secundaria,4
1440,19,Masculino,58820.02151,1.791285211,Santo Domingo,Master,0
1441,31,Femenino,74252.25045,1.788664336,Quito,,2
1442,,Femenino,69050.8649,1.651301038,Santo Domingo,Secundaria,3
1443,57,Masculino,46121.58844,1.719610574,Manta,,3
1444,57,Femenino,66510.77455,1.851049593,Manta,mre,3
1445,68,Femenino,62511.72166,1.73265332,Santo Domingo,phd,3
1446,56,Femenino,46323.99859,1.617782778,Guayaquil,phd,0
1447,68,Masculino,39142.8451,1.587751898,Guayaquil,PhD,0
1448,23,Masculino,31029.24503,1.552868149,Esmeraldas,Secundaria,4
1449,23,Masculino,55583.63873,1.495225001,Manta,phd,34
1450,20,Femenino,59189.90096,1.651592009,Guayaquil,,1
1451,24,Femenino,67568.67084,1.682543669,Esmeraldas,mre,0
1452,68,Masculino,72307.17929,1.602367275,Guayaquil,Secundaria,3
1453,25,Masculino,53792.11735,1.63157657,Santo Domingo,PhD,-3
1454,-6,,58753.92979,1.604593475,Manta,Master,4
1455,69,Femenino,48619.16519,1.542007689,Guayaquil,PhD,
1456,32,Masculino,61308.57631,1.683012578,Santo Domingo,Secundaria,2
1457,64,Femenino,74527.63022,1.766869106,Esmeraldas ,Secundaria,-2
1458,46,Femenino,61517.14262,1.64900258,Santo Domingo,Ph.D,4
1459,50,Femenino,77449.881,1.813610136,Esmeraldas,mre,0
1460,69,M,74276.7249,1.715313275,Guayaquil,Secundaria,2
1461,47,Femenino,-18288.0101,1.789300949,Quito,bachiller ,3
1462,56,Femenino,61938.48648,1.703169537,Santo Domingo,bachiller,1
1463,44,F,52013.54738,1.767118232,Quito,bachillers,4
1464,53,Masculino,69318.50284,1.558907399,Manta,bachiller ,1
1465,46,Masculino,54406.45505,1.784246005,Quito,phd,2
1466,55,Femenino,68847.77459,1.700650275,Manta,Secundaria,0
1467,74,Femenino,50057.9504,1.809792572,Guayaquil,master,-2
1468,,,47573.91222,1.674775265,,bachillers,2
1469,78,Masculino,78246.68975,1.874169665,Santo Domingo,sin  educacion,3
1470,54,Masculino,44811.38354,1.753371006,Quito,,1
1471,44,Femenino,75333.71668,1.609473546,Manta,Ph.D,3
1472,72,Masculino,68790.46455,1.812812513,Manta,Secundaria,4
1473,50,Femenino,61414.46351,1.594215073,Quito,bachiller ,3
1474,79,Femenino,31610.32721,,Guayaquil,master,2
1475,21,Femenino,82284.88683,1.828876687,Guayaquil,mre,0
1476,39,Femenino,45977.40497,1.733545225,Manta,Ph.D,2
1477,19,Femenino,74297.30433,1.707239206,Santo Domingo,Ph.D,2
1478,27,Femenino,49635.88798,1.649605264,,Secundaria,1
1479,22,M,48432.55181,1.783169979,Esmeraldas,,2
1480,76,Masculino,70029.24168,1.672825409,Manta,bachiller ,4
1481,27,Femenino,68076.97555,1.720163729,Quito,bachillers,1
1482,50,Masculino,42823.53679,1.5872758,Quito,mre,1
1483,110,Femenino,81551.38681,1.694232929,Manta,master,3
1484,55,Femenino,56909.31502,1.717525231,Manta,Secundaria,2
1485,30,Masculino,61033.93001,1.753431362,Guayaquil,bachiller ,3
1486,48,Masculino,55543.83564,1.733778091,Manta,bachillers,3
1487,64,Femenino,43458.54133,1.666645614,Manta,Ph.D,4.469972091
1488,53,Masculino,71028.36692,1.728472364,Esmeraldas,phd,3
1489,62,,-5128.189488,1.798071235,Quito,bachiller ,3
1490,41,Femenino,-41431.60601,1.551590259,Guayaquil,,1
1491,69,Masculino,74161.99995,1.683452405,Santo Domingo,master,4.26783102
1492,73,Masculino,60822.55412,1.720872231,Guayaquil,phd,
1493,32,M,61145.65525,1.607773677,Quito,,
1494,46,Masculino,86647.78037,1.792971686,Santo Domingo,Secundaria,0
1495,25,Femenino,35880.00313,1.759950079,Manta,master,1
1496,22,Masculino,35681.94136,1.799812134,Esmeraldas ,master,4
1497,181,,39059.92401,1.915969418,Esmeraldas,Master,3
1498,64,Masculino,65454.4985,1.73301384,Quito,,30
1499,21,Masculino,54614.34625,1.671683029,Quito,mre,1
1500,29,Masculino,55806.80321,1.793857537,Esmeraldas,bachillers,3
1501,158,Femenino,45863.75383,1.64120367,Santo Domingo,Ph.D,0
1502,19,Femenino,84978.76911,,Santo Domingo,,3
1503,44,Masculino,90015.26955,1.803682826,Guayaquil,mre,-2
1504,48,Masculino,73483.56844,1.783219131,Manta,Secundaria,2
1505,68,Femenino,37390.71491,1.840734526,Santo Domingo,Master,0
1506,68,Masculino,52696.54714,1.672678514,Manta,phd,2
1507,53,Femenino,72411.91702,1.770905579,Quito,mre,
1508,53,Femenino,59312.55978,1.709280735,Santo Domingo,phd,4
1509,43,masculino ,73533.30668,1.725323956,Santo Domingo,bachiller,4
1510,60,Femenino,78717.23059,1.725328851,Santo Domingo,Master,
1511,44,Masculino,88607.9359,1.753891045,Guayaquil,phd,4
1512,,Masculino,50177.02262,1.696657641,Quito,bachillers,0
1513,37,Femenino,61219.27421,1.557955884,Esmeraldas,PhD,4
1514,28,Femenino,53388.55032,1.715421518,Guayaquil,master,0
1515,79,Masculino,29988.2664,1.736176098,,phd,3
1516,27,Femenino,70523.81597,1.69581333,Santo Domingo,master,2
1517,57,Masculino,68451.62702,1.743548362,Guayaquil,PhD,3
1518,55,Femenino,51797.6077,1.687651954,Esmeraldas,bachiller ,3
1519,23,,36029.16762,1.672885744,Guayaquil,Master,1
1520,25,Masculino,,1.839108691,Guayaquil,bachillers,3
1521,40,Masculino,70966.89983,1.925703988,Santo Domingo,Master,3
1522,64,Masculino,80059.9932,1.787961095,Quito,phd,-5
1523,43,Femenino,49311.32006,1.642543317,Esmeraldas,bachiller ,3
1524,63,Masculino,76615.44529,1.72250024,Santo Domingo,Master,1
1525,60,Masculino,69337.06374,1.715004961,Guayaquil,bachiller ,0
1526,29,Femenino,66198.51121,1.767072071,Sto. Domingo,,2
1527,43,Femenino,40596.71781,1.718815699,Manta,bachiller ,4
1528,30,Masculino,41248.56785,1.761504687,Guayaquil,mre,3
1529,57,Masculino,47538.21055,1.878838659,Esmeraldas ,phd,0
1530,79,Masculino,55104.18723,1.515666159,Guayaquil,,2
1531,35,Masculino,87011.19104,1.649373022,Quito,Secundaria,0
1532,42,Femenino,,1.795941538,Manta,Secundaria,1
1533,50,Femenino,71568.77121,1.695578849,Santo Domingo,bachiller ,0
1534,64,Masculino,53028.55143,1.759277155,Santo Domingo,Master,
1535,57,Masculino,67090.60969,1.681019894,Sto. Domingo,bachillers,3
1536,77,M,59055.28251,1.85601686,Esmeraldas,Secundaria,4
1537,60,Femenino,,1.816127516,Quito,Secundaria,4
1538,,Masculino,65544.22194,1.729869364,Guayaquil,Secundaria,3
1539,61,Masculino,56258.14042,1.867421497,Esmeraldas,bachiller,0
1540,53,F,65616.96061,1.730966461,Esmeraldas,Secundaria,3
1541,65,Femenino,78508.73743,1.706623628,Guayaquil,,0
1542,21,Masculino,48688.26877,1.847016525,Manta,,3
1543,22,Masculino,77787.98734,1.560079043,Santo Domingo,Secundaria,2
1544,73,F,56021.95492,1.716784812,Manta,Master,0
1545,54,Masculino,54435.11549,1.735316002,Manta,sin  educacion,1
1546,25,Masculino,70493.39042,1.677738132,Sto. Domingo,Secundaria,1
1547,59,Femenino,54882.61225,1.625448465,Manta,,4
1548,66,Femenino,64787.53876,1.692809766,Esmeraldas,Secundaria,
1549,45,Femenino,63386.21861,1.5489683,Guayaquil,phd,1
1550,-20,Masculino,28747.69222,,Esmeraldas,phd,3
1551,75,Femenino,66263.77623,1.860341392,Esmeraldas,mre,1
1552,26,F,,1.707331068,Quito,master,3
1553,71,Masculino,39526.77638,1.668902761,Esmeraldas ,bachiller ,2
1554,68,Masculino,,1.552294054,Santo Domingo,phd,4
1555,46,Femenino,68048.84651,1.63462179,Esmeraldas,,1
1556,31,Femenino,78075.74185,1.848289549,Santo Domingo,mre,4
1557,57,Masculino,43659.48619,1.70081176,,bachiller ,2
1558,58,Masculino,48880.81494,1.648622536,Guayaquil,master,0
1559,39,Femenino,66965.48691,1.704651184,Manta,mre,2
1560,28,masculino ,78364.16189,1.64606084,Santo Domingo,bachiller ,2
1561,40,Masculino,62882.62188,1.542345858,Esmeraldas,PhD,2
1562,18,Femenino,46830.01576,1.669356085,Guayaquil,Ph.D,-4
1563,63,,82596.25535,1.595492472,Esmeraldas,bachiller ,1.770120158
1564,54,Femenino,56064.50205,1.742800844,Manta,phd,2
1565,38,Masculino,56531.99062,1.792827396,Santo Domingo,bachiller,0
1566,43,M,38462.28916,1.628792389,Manta,bachillers,3
1567,,Femenino,70861.31512,1.719466416,Esmeraldas,mre,2
1568,53,Femenino,72789.08384,1.698438956,Quito,PhD,1
1569,71,Masculino,49412.5348,1.626301122,Quito,phd,3
1570,40,Femenino,86268.10589,1.472238469,Guayaquil,bachiller,2
1571,74,M,51193.07419,1.597536659,,master,1
1572,18,Femenino,69378.81718,1.622389986,Esmeraldas,Master,1
1573,71,Masculino,-27447.36443,1.714329831,Esmeraldas,,4
1574,72,Femenino,29616.65708,1.724319024,Quito,Secundaria,4
1575,68,Femenino,68158.55225,1.824153855,Quito,,1
1576,,Masculino,66811.86969,1.596662009,Quito,Ph.D,2
1577,32,Femenino,33504.26004,1.618015758,Santo Domingo,phd,2
1578,38,Femenino,82879.99911,1.635519223,Santo Domingo,Secundaria,2
1579,,Masculino,66872.82645,1.680951537,Quito,Secundaria,2
1580,26,Masculino,78591.017,1.721956324,Manta,Master,1
1581,70,Femenino,34258.39181,1.743017274,Santo Domingo,master,0
1582,26,Femenino,53843.51556,1.511766943,Santo Domingo,Master,0
1583,27,Masculino,77709.03759,1.819499829,Santo Domingo,mre,2
1584,69,F,36475.62966,1.746954955,Santo Domingo,bachillers,4
1585,,Femenino,54283.34768,1.788271306,Guayaquil,Secundaria,
1586,70,Femenino,,1.461110693,Santo Domingo,,0
1587,43,Femenino,31581.29505,1.783189775,Manta,mre,1.819068397
1588,,Masculino,40179.15365,1.600493512,Guayaquil,PhD,1.993598334
1589,52,Femenino,80731.26352,1.654927628,Santo Domingo,bachiller,1
1590,69,Masculino,60896.91909,1.843400583,Esmeraldas,master,4
1591,42,,77650.5014,1.765759525,Guayaquil,sin  educacion,4
1592,43,Masculino,62731.43394,1.632331169,Santo Domingo,master,3
1593,28,Femenino,96838.44655,1.779619106,Manta,phd,4
1594,,Femenino,66580.98425,1.736080513,Quito,bachiller,17
1595,19,Femenino,79046.68411,1.65926406,Santo Domingo,Master,4
1596,24,Masculino,56308.70345,1.747578809,Esmeraldas,sin  educacion,2.568102704
1597,35,F,63160.94413,1.662182671,Manta,Ph.D,1
1598,44,Masculino,69628.06166,1.738692008,Guayaquil,Ph.D,3
1599,51,Masculino,72117.09688,1.737417428,Manta,mre,0
1600,44,Masculino,59415.13595,1.750343363,Santo Domingo,phd,0
1601,34,Masculino,60041.16585,1.892433619,Esmeraldas,sin  educacion,1
1602,60,Masculino,67528.79637,1.794525812,Manta,master,0
1603,76,Masculino,67518.94683,1.799998,,bachiller ,
1604,61,Femenino,44624.12404,1.647309642,,phd,4
1605,76,M,63374.41728,1.548261413,Quito,Master,2
1606,68,Femenino,64811.6089,1.681230887,Santo Domingo,bachiller ,2
1607,71,Masculino,45355.22764,1.651361953,Guayaquil,Ph.D,0
1608,41,F,73588.90249,1.75996109,Esmeraldas ,master,1
1609,42,Femenino,66191.16935,1.680234256,Esmeraldas,,1
1610,24,Femenino,94959.7397,1.832622415,Santo Domingo,master,3
1611,69,Femenino,59609.79731,2.593308667,Guayaquil,Ph.D,1
1612,23,Masculino,77041.66626,1.672065915,Manta,,1
1613,70,Masculino,68086.88357,1.737279228,Santo Domingo,sin  educacion,
1614,41,Masculino,,1.602444854,Manta,,4
1615,50,Masculino,45450.28864,1.790505991,Esmeraldas,PhD,0
1616,66,Femenino,52570.28993,1.787237002,Santo Domingo,Ph.D,1
1617,46, femenino,45964.38823,1.656875904,Esmeraldas,bachiller ,2
1618,60,Femenino,58831.23592,1.964889002,Quito,bachillers,1
1619,39,Masculino,43129.13538,1.588219217,Esmeraldas,bachiller,1
1620,43,Femenino,37108.74139,1.565361575,Quito,bachillers,-4
1621,45,Masculino,,1.652576597,Santo Domingo,Master,2
1622,67,Femenino,,1.719029186,Manta,sin  educacion,0
1623,38,Femenino,69845.87536,1.538675484,Manta,Secundaria,1
1624,66,Femenino,53168.42625,1.761925392,Manta,bachillers,2
1625,24,,41493.71909,1.946029352,Esmeraldas,,1
1626,34,,50113.80552,1.560698898,Santo Domingo,Secundaria,0
1627,37,Masculino,52081.45579,1.719641684,Santo Domingo,Secundaria,0
1628,58,Femenino,,1.795795256,Quito,,4
1629,,Masculino,84083.25741,1.776568191,Santo Domingo,bachiller,2
1630,37,,81252.43354,1.915840582,Manta,Master,4
1631,71,F,83827.34773,1.653062421,Santo Domingo,bachiller ,2
1632,39,Masculino,62687.94582,1.898598471,Quito,Secundaria,3
1633,45,Masculino,64206.9673,1.693973672,Santo Domingo,bachiller,2
1634,78,Masculino,,1.648978033,Santo Domingo,,1
1635,57,Masculino,47293.93341,1.887913523,,Master,2
1636,66,Masculino,60325.88373,1.663228347,Guayaquil,Master,4
1637,24,Femenino,69785.34038,1.807115517,Guayaquil,mre,0
1638,,Femenino,77936.52228,1.650732842,Quito,master,0
1639,49,Masculino,51810.16285,1.572594837,Quito,bachiller ,2
1640,30,M,41208.99227,1.572874893,Quito,PhD,3
1641,47,Masculino,71009.7748,,Santo Domingo,master,0
1642,40,Femenino,32727.84673,1.59360736,Esmeraldas,Ph.D,0
1643,68,Femenino,59411.84147,1.678991279,Quito,bachiller ,0
1644,76, femenino,61339.56939,1.635044242,Guayaquil,master,3
1645,73,Masculino,54318.18298,1.61211998,Manta,phd,4
1646,36,Femenino,36821.32337,1.624313472,,PhD,2
1647,131,Femenino,54515.83486,1.720726701,Guayaquil,Secundaria,3
1648,49,Masculino,84638.13677,1.402207843,Quito,,2
1649,47,Masculino,-33078.81998,1.784407825,Guayaquil,Secundaria,1
1650,46,Masculino,77425.71903,1.570506158,Guayaquil,Secundaria,2
1651,66,Masculino,41741.97259,1.583258256,Esmeraldas,PhD,0
1652,62,Femenino,63835.61898,1.555599464,Manta,Secundaria,3
1653,46,F,61325.10528,1.726917046,Santo Domingo,Ph.D,3
1654,47,Masculino,61615.58177,1.846390075,Quito,Secundaria,4
1655,33,Masculino,68337.68899,,Guayaquil,master,1
1656,57,Masculino,62209.83751,1.743688532,Guayaquil,Master,4
1657,36,Femenino,42158.1139,1.753884456,Santo Domingo,mre,4
1658,35,Masculino,69198.81073,1.774119701,Santo Domingo,,1
1659,18, femenino,72613.2642,1.599642678,Santo Domingo,Ph.D,0
1660,31,Masculino,79792.18456,1.859345672,,,3
1661,68,Femenino,80454.79266,1.666603787,Quito,phd,2
1662,64,Masculino,67146.496,1.728105984,Esmeraldas,bachillers,1
1663,67,Femenino,42857.44338,1.68500251,Quito,,4
1664,19,masculino ,37059.24249,2.887395449,Quito,mre,2
1665,71,Masculino,56593.5959,1.793956829,Esmeraldas,phd,1
1666,45,F,73792.06462,1.763511077,Quito,phd,1
1667,66,Femenino,72825.52602,1.481382764,Guayaquil,,0
1668,67,Masculino,64109.98893,1.741915746,Guayaquil,bachiller,0
1669,47,Masculino,59451.61142,1.909762462,Esmeraldas,phd,3
1670,,Femenino,88556.02836,1.718573558,Esmeraldas,bachiller ,3
1671,68,Femenino,68610.47814,1.648917462,Guayaquil,Ph.D,2
1672,21,Femenino,58690.90385,1.661654398,Santo Domingo,PhD,3
1673,-14,Masculino,50318.38465,1.643807491,Quito,Secundaria,1
1674,25,Femenino,44870.92023,,Manta,,1
1675,46, femenino,43394.03978,1.681532135,Sto. Domingo,Master,1
1676,72,Femenino,44872.59866,1.681078001,Esmeraldas,sin  educacion,1
1677,56,Femenino,64214.2817,1.760016298,Manta,bachillers,0
1678,20,Femenino,59728.95509,1.647751095,,bachiller,1
1679,49,Masculino,55111.27857,1.901092566,Manta,,-2
1680,27,Masculino,71047.16903,1.606329443,Guayaquil,Ph.D,1
1681,27,Masculino,87137.62401,1.714726095,Esmeraldas,PhD,4
1682,36,Masculino,47649.79596,1.625242722,Manta,PhD,2
1683,63,Masculino,49885.70935,1.646133293,Quito,bachiller,2
1684,51,Masculino,943635.5523,1.672054016,Esmeraldas,Master,1
1685,77,Masculino,59605.03747,1.720381323,Santo Domingo,Secundaria,1
1686,50,Masculino,58085.69147,1.78029022,Guayaquil,Master,2
1687,40,Masculino,73391.85368,1.653435366,Manta,PhD,3
1688,72,Femenino,58697.80914,1.55031746,Guayaquil,Ph.D,4
1689,45,Femenino,51178.36053,1.836963697,Santo Domingo,PhD,4
1690,49,Masculino,62890.28613,1.602285774,Manta,,3
1691,67,Masculino,68356.02539,1.675350949,Esmeraldas,mre,1
1692,161,Masculino,35734.06411,1.705514426,Guayaquil,Ph.D,2
1693,-14,Masculino,75103.36486,1.689780124,Guayaquil,Secundaria,2.848403587
1694,25,Femenino,79594.5418,1.558807303,Santo Domingo,Secundaria,3
1695,18,Femenino,68211.82711,1.786205224,,bachillers,3
1696,74,Masculino,45981.6741,1.418174349,Guayaquil,mre,
1697,,Femenino,55109.60192,1.797979019,Guayaquil,Secundaria,3
1698,20,Femenino,77743.11744,1.815636891,Manta,PhD,0
1699,41,Masculino,45326.6872,1.790320042,,mre,0
1700,-15,Masculino,69429.65562,1.669576123,Santo Domingo,bachillers,4
1701,76,Masculino,59238.41986,1.712940837,Guayaquil,bachillers,1
1702,78,Masculino,62402.89874,1.633072709,,master,1
1703,25,Femenino,47463.42784,1.706867003,Manta,,3
1704,71,Masculino,64959.96428,1.762915668,Guayaquil,Secundaria,2
1705,74,Femenino,63886.13606,1.590496044,Manta,mre,
1706,,Masculino,37359.62114,1.686571227,Manta,PhD,0
1707,54,Femenino,59933.34158,1.652280125,Esmeraldas,sin  educacion,3
1708,20,Masculino,69208.45736,1.817286732,Esmeraldas,bachillers,3
1709,68,Masculino,54220.75125,1.605894654,Quito,Master,1
1710,50,Femenino,23284.04173,1.762615707,Quito,phd,-5
1711,45,Femenino,58277.74913,1.694723652,Santo Domingo,Ph.D,4
1712,64,Femenino,81997.019,1.687573856,Esmeraldas,bachiller,
1713,25,Masculino,54832.95766,1.76560794,Esmeraldas,Ph.D,3
1714,51,Femenino,81429.76624,1.661601241,,,1
1715,52,Femenino,47814.63666,1.710327039,Esmeraldas,bachillers,4
1716,,Femenino,42585.44031,1.81111039,Santo Domingo,phd,4
1717,41,Femenino,59923.46043,1.622302927,Guayaquil,Ph.D,4
1718,31,Femenino,47661.32448,1.72709759,,Master,
1719,49,Femenino,64947.86607,1.788134834,Guayaquil,master,2
1720,73,Femenino,54411.43719,1.746693805,Quito,,0
1721,63,M,82108.75568,1.828118356,Esmeraldas,master,4
1722,60,Femenino,53374.98793,1.688015792,Guayaquil,sin  educacion,0
1723,33,F,61346.0544,1.767143076,Santo Domingo,mre,0
1724,21,Masculino,68945.03593,1.810271449,Guayaquil,Master,1
1725,69,Femenino,74344.74059,1.530841374,Manta,master,4
1726,54,masculino ,82194.64044,1.659322066,Quito,bachillers,2
1727,71,Masculino,56477.05099,1.73790679,Quito,master,1
1728,38,Femenino,54010.37851,1.792059757,Esmeraldas,Secundaria,1
1729,31,Femenino,,1.724354083,Esmeraldas,Secundaria,0
1730,48,Femenino,,1.839664339,Santo Domingo,Secundaria,3
1731,72,F,65414.46146,1.646582866,Guayaquil,phd,2
1732,65,Femenino,71277.12099,1.576512252,Sto. Domingo,bachiller ,4
1733,35,Femenino,68335.93312,1.779468705,Quito,mre,
1734,24,Masculino,60743.02324,1.688700137,Guayaquil,mre,2
1735,27,Femenino,65255.28871,1.616221351,Manta,phd,4
1736,24,Masculino,51605.06326,1.870841778,Guayaquil,bachiller,3
1737,50,Femenino,55468.52024,1.774688307,Esmeraldas,PhD,3
1738,40,Femenino,45746.91299,1.765114831,Quito,Secundaria,4
1739,38,Masculino,83358.65946,1.859327651,Manta,PhD,3.465139616
1740,36,Femenino,68422.21515,1.661291297,Esmeraldas,bachillers,4
1741,152,Femenino,89642.5887,1.841344874,Santo Domingo,phd,4
1742,78,Masculino,94445.74869,1.741851085,Santo Domingo,bachiller,
1743,36,masculino ,38937.65641,1.641035316,Esmeraldas,PhD,3
1744,53,Masculino,74778.42559,1.699300775,,bachiller,1
1745,46,,39630.54484,1.718658447,Manta,mre,2
1746,77,Femenino,62661.26233,1.811271622,Quito,Secundaria,2
1747,35,Masculino,64720.94205,1.56499887,Esmeraldas,bachiller ,1
1748,19,Femenino,1937628.796,1.525153133,Santo Domingo,PhD,1
1749,18,Masculino,48937.22497,1.62124384,Esmeraldas,Ph.D,2
1750,64,Masculino,65405.27214,1.693226437,Guayaquil,Secundaria,4
1751,22,Masculino,62644.51049,1.771443277,Manta,master,1
1752,37,Femenino,44724.42655,1.654216635,Guayaquil,,0
1753,28,Femenino,,1.741714466,Santo Domingo,Master,-4
1754,59,Masculino,37628.39567,1.860313793,Manta,bachillers,2
1755,19,Femenino,41956.14681,1.530073092,Santo Domingo,Secundaria,0
1756,20,,54428.69383,1.686396069,Santo Domingo,,2
1757,40,Femenino,74811.79669,1.941946624,Santo Domingo,bachillers,3
1758,72,,76713.49612,1.628928073,,bachillers,3
1759,29,Femenino,87501.55043,1.618311361,,bachillers,4
1760,37,masculino ,66363.96278,1.752106176,Santo Domingo,phd,1
1761,22,Femenino,62824.24602,1.647023809,Guayaquil,Ph.D,2
1762,54,Femenino,67427.19511,1.807578487,Guayaquil,Ph.D,0
1763,55,Masculino,67283.34026,1.947508491,Guayaquil,bachiller,1
1764,47,Femenino,35752.29599,1.707473318,Manta,mre,4
1765,26,Masculino,88333.10081,1.973770047,Quito,phd,
1766,51,Femenino,31035.91527,1.654706367,Manta,,2
1767,70,Masculino,77231.43595,1.683236924,Quito,phd,3
1768,61,Femenino,60845.80467,1.604014952,Quito,bachiller ,
1769,,M,43657.54212,1.654987679,Esmeraldas,bachiller,2
1770,69,Femenino,67970.61645,1.676129727,Esmeraldas,bachiller,3
1771,75,Masculino,58227.92093,1.741398683,Esmeraldas,Ph.D,3
1772,39,Masculino,49761.93006,1.575392944,Quito,master,0
1773,61,Masculino,39277.83504,1.648245832,,bachillers,4
1774,41, femenino,38017.39306,1.650780898,Manta,,4
1775,34,Masculino,50836.33051,1.789354489,Sto. Domingo,bachillers,2
1776,27,Masculino,54195.17823,1.71166446,Santo Domingo,Master,0
1777,47,Masculino,41841.86201,1.711682414,Santo Domingo,mre,1
1778,73,masculino ,60577.20221,1.708325648,,,2.026416007
1779,76,Masculino,43977.95697,1.525538479,Santo Domingo,bachiller,3
1780,63,Masculino,65403.3108,1.860728119,Quito,Secundaria,1
1781,40,Masculino,78470.68982,1.607506159,Esmeraldas,Secundaria,1
1782,49,Masculino,64340.61474,1.789007587,Quito,bachillers,2
1783,34,Masculino,58592.47814,1.677482789,Esmeraldas,phd,0
1784,67,Masculino,,1.638854873,Guayaquil,PhD,4
1785,68,Femenino,81691.47928,1.804370352,Santo Domingo,Secundaria,0
1786,34,Femenino,57097.26424,1.580631967,Guayaquil,,2
1787,,F,97353.35665,1.589092693,Santo Domingo,Ph.D,4
1788,26,Femenino,42254.46233,1.715747618,Guayaquil,,1
1789,57,Femenino,64348.60924,1.718724738,Quito,Ph.D,3
1790,19,Masculino,81190.85415,1.781950082,Guayaquil,phd,0
1791,-18,Masculino,49647.95502,1.771655881,Santo Domingo,bachiller ,4
1792,42,Masculino,56458.13475,1.69306448,Manta,Ph.D,0
1793,56,Femenino,69392.19762,1.710446651,Santo Domingo,Secundaria,4
1794,26,Masculino,65818.3537,1.68547324,Manta,bachiller,3
1795,-9,Femenino,68395.48596,1.841784219,Quito,Secundaria,2
1796,,Masculino,77403.87712,1.601794769,Santo Domingo,bachiller,2
1797,60,Femenino,54798.68829,1.70316458,Guayaquil,Secundaria,
1798,63,Femenino,81555.38847,1.776952462,Quito,Master,4
1799,21,Masculino,34199.77576,1.810997003,Santo Domingo,bachillers,2
1800,43,Masculino,76161.56318,1.633226727,Quito,bachiller ,1
1801,75,Femenino,77208.08531,1.602947395,Manta,bachiller ,1
1802,46,Femenino,48382.94436,1.575855648,Quito,Secundaria,1
1803,62,Masculino,38240.45736,1.665704495,Guayaquil,Master,3
1804,51,Masculino,56517.48893,1.725418052,Santo Domingo,bachiller,4
1805,40,Femenino,66057.04696,1.652781954,Manta,Master,0
1806,54,,54973.51482,,Quito,,0
1807,28,Femenino,67529.13282,1.69344429,Esmeraldas,bachiller,4
1808,23,Masculino,89066.15645,1.760950281,Manta,,2
1809,,Masculino,39529.32091,1.714717825,Manta,bachillers,4
1810,38,Masculino,30688.42345,1.531474322,Guayaquil,master,1
1811,59,Femenino,58960.5352,1.585015304,Guayaquil,sin  educacion,1
1812,53,Masculino,49797.47136,1.815711315,Quito,Secundaria,0
1813,58,Femenino,52795.27622,1.606305428,,bachillers,4
1814,55,Masculino,-37654.55216,1.785194202,Manta,bachiller,0
1815,51,Femenino,58190.75513,1.712624412,Quito,Master,2
1816,34,Femenino,,1.601545164,Esmeraldas,Secundaria,-3
1817,,Masculino,53448.03684,1.774964502,Quito,bachillers,3
1818,42,Femenino,59417.98247,1.652232565,Manta,phd,2
1819,55,Femenino,64027.52194,1.715156222,Quito,Secundaria,1
1820,75,Femenino,101768.823,1.679014555,Guayaquil,Secundaria,-2
1821,29,Femenino,64194.86225,1.429580335,Guayaquil,Master,1
1822,40,Masculino,77440.42753,1.767375355,Santo Domingo,PhD,0
1823,-12,,62795.99378,1.77671814,Esmeraldas,phd,0
1824,59,Masculino,29583.16005,1.650593016,Manta,bachiller,3
1825,39,Femenino,51493.92249,1.764236017,Esmeraldas,,1
1826,38,Femenino,64183.66077,1.612824701,Esmeraldas ,Secundaria,
1827,44,Masculino,70851.21816,1.614863873,Manta,Secundaria,
1828,74,F,,1.723961172,Santo Domingo,master,3
1829,-10,Femenino,73805.271,1.630385655,Guayaquil,Secundaria,0
1830,23,Masculino,38100.22803,1.687082162,Guayaquil,,3
1831,-15,F,,1.60609871,Esmeraldas,mre,1
1832,57,Femenino,79919.44552,1.571541992,Quito,phd,1
1833,51,Masculino,45426.60004,1.720771036,Esmeraldas,PhD,0
1834,29,Femenino,76808.87148,1.721704485,Guayaquil,Secundaria,0
1835,,Masculino,76033.61189,1.701920542,Esmeraldas,Secundaria,3
1836,74,Femenino,41444.63021,1.670938194,Quito,phd,4
1837,70,Femenino,65068.17842,1.629640809,Santo Domingo,Secundaria,1
1838,-9,Femenino,62382.20988,1.591881648,Guayaquil,Ph.D,1
1839,27,Femenino,57354.5596,1.587960165,,bachiller ,4
1840,62,Femenino,37096.66167,1.639612416,Guayaquil,Secundaria,3
1841,34,F,56054.10396,1.802128239,Guayaquil,master,2
1842,43,Masculino,57655.56199,1.723100161,Manta,bachiller ,2
1843,38,Masculino,34525.48071,1.736025046,Esmeraldas,bachiller,1
1844,45,Femenino,40422.72544,1.574429004,Santo Domingo,Secundaria,2
1845,79,Masculino,46095.0691,1.718571505,Manta,Ph.D,3
1846,75,Femenino,44275.77652,1.733706734,Quito,Master,2
1847,63,Femenino,64894.05557,1.858586407,Quito,Ph.D,0
1848,19,Masculino,73672.6579,1.698121776,Guayaquil,Secundaria,3
1849,77,Femenino,55341.8528,1.660621124,Quito,PhD,4
1850,71,Masculino,71494.34351,1.623360522,Esmeraldas,sin  educacion,1
1851,60,Femenino,74287.32691,1.705974438,Quito,Secundaria,3
1852,18,Femenino,58720.60585,1.680510014,Guayaquil,mre,2
1853,68,Masculino,66120.65615,1.812245357,Esmeraldas,,3
1854,70,F,56649.82263,1.790199723,Guayaquil,mre,4
1855,53, femenino,43157.55369,1.60049229,Guayaquil,bachiller,-4
1856,68,Femenino,48798.60823,1.697780797,Quito,PhD,4
1857,43,Masculino,64892.22241,1.944748,Quito,Secundaria,4
1858,46,Femenino,58180.05691,1.553420189,Esmeraldas ,Ph.D,3
1859,148,Masculino,71057.5952,1.681323585,Esmeraldas,sin  educacion,1
1860,28,Masculino,31695.19389,1.775249907,Manta,master,1
1861,57,Femenino,35301.42651,1.676240215,Guayaquil,,2
1862,28,Masculino,37076.6272,1.667798084,Santo Domingo,phd,3
1863,,Femenino,62499.79772,1.653039711,Esmeraldas,Ph.D,3
1864,66,Femenino,39328.45352,1.593612375,Manta,Secundaria,0
1865,76,Masculino,64801.93747,1.683094917,Manta,phd,1
1866,56,Masculino,71295.14882,1.80260244,Esmeraldas,bachiller,4
1867,57,Masculino,82743.7466,1.572816895,Guayaquil,mre,0
1868,52,Masculino,81088.61327,1.726669768,Manta,bachillers,3
1869,71,Masculino,49568.70518,1.807899656,Santo Domingo,mre,0
1870,51,Femenino,34955.4301,1.697934661,Esmeraldas,Ph.D,1
1871,72,,50520.87003,1.657877012,,,3
1872,64,Femenino,74652.5362,1.767433512,Guayaquil,Secundaria,1
1873,41,Masculino,54154.64897,1.609972082,Esmeraldas,Secundaria,0
1874,71,Masculino,59635.19115,1.742189954,Santo Domingo,bachillers,2
1875,39,Masculino,51642.58883,1.683346283,Manta,Secundaria,4
1876,22,Femenino,83718.04147,1.70626424,Guayaquil,phd,4
1877,-5,Masculino,44783.08853,1.867653272,Sto. Domingo,bachiller ,2
1878,50,Femenino,61001.4831,1.815618704,Esmeraldas,bachiller,2
1879,75,Femenino,76623.57842,1.8481535,Esmeraldas,bachiller ,2
1880,53,Femenino,87623.24215,1.618204326,,Secundaria,1
1881,64,Masculino,49577.96848,1.597825582,Quito,mre,3
1882,37,Femenino,74412.08799,1.74667429,Esmeraldas ,Secundaria,2
1883,36,Masculino,50516.0251,1.732402325,Esmeraldas,bachillers,1
1884,52,Femenino,80657.39803,,Esmeraldas,mre,0
1885,184,F,,1.733763227,Santo Domingo,,0
1886,60,Femenino,46656.07652,1.904731246,Manta,,2
1887,34,Masculino,69801.95263,1.889705334,Quito,mre,0
1888,79,Masculino,76699.29792,1.630030219,Santo Domingo,Master,2
1889,76,Masculino,-33291.69311,1.771102972,,bachiller,
1890,62,Femenino,68215.7166,1.611097029,Manta,bachiller,
1891,60,Femenino,69000.25891,1.690410092,Esmeraldas,Secundaria,3
1892,51,Masculino,,1.617976753,Santo Domingo,Secundaria,3
1893,26,Femenino,30434.97421,1.583098425,Guayaquil,Secundaria,0
1894,43, femenino,59161.29747,1.788329147,Esmeraldas,PhD,3
1895,19,Femenino,41246.19897,1.728649395,Manta,bachillers,2
1896,70,M,60206.97117,1.744411139,Quito,Secundaria,4
1897,26,Femenino,48257.12996,1.763303429,Guayaquil,bachiller,2
1898,26,Femenino,56176.24171,1.719725129,Esmeraldas,phd,3
1899,57,Femenino,46887.78992,1.596237461,Esmeraldas,Secundaria,1
1900,34,Masculino,62330.5118,1.721039123,,,0
1901,18,Masculino,76108.41255,1.678213126,Guayaquil,bachiller ,3
1902,42,Femenino,54408.97819,1.680859692,Guayaquil,bachillers,3
1903,78,Masculino,81459.33309,1.605635531,,mre,3
1904,60,Masculino,75659.35212,1.549379481,Esmeraldas,mre,2
1905,57,Masculino,90511.03528,1.643276463,Guayaquil,Secundaria,0
1906,59,Femenino,66170.35518,1.754535952,Esmeraldas,,4
1907,42,Femenino,59075.33938,1.693059671,,,3
1908,56, femenino,36221.44205,1.878317138,Guayaquil,sin  educacion,1
1909,52,Femenino,48274.69318,1.693447607,Santo Domingo,mre,0
1910,20,Femenino,56881.45516,1.719491237,Quito,Secundaria,4
1911,67,,58657.39453,1.701662067,Quito,bachiller,1
1912,54,,95230.83603,1.593735294,Santo Domingo,Secundaria,4
1913,61,Masculino,56895.34828,1.697853908,Guayaquil,Ph.D,4
1914,61,Femenino,33474.70066,1.5931657,Esmeraldas,master,0
1915,68,Masculino,69968.55535,1.693151179,Manta,phd,2
1916,47,Femenino,69097.4736,1.524006462,Santo Domingo,bachiller,1
1917,,Femenino,,1.693053705,Quito,Secundaria,3
1918,51,Femenino,91915.05687,1.714804787,,Secundaria,4
1919,29,Femenino,31550.68418,1.72201192,,bachiller ,1
1920,36,Femenino,78741.85649,,Quito,PhD,0
1921,54,Femenino,,1.748071853,Quito,Secundaria,1
1922,61,Masculino,45743.73333,1.765901812,Esmeraldas,PhD,3
1923,76,Femenino,96005.97417,1.604183301,Guayaquil,Ph.D,4.358654692
1924,76,Masculino,,1.798536418,Quito,phd,0
1925,66,Femenino,55523.41975,1.718869389,Guayaquil,mre,1
1926,78,Masculino,55218.54467,1.693978281,Esmeraldas ,phd,2
1927,152,,64131.28253,1.756786223,Guayaquil,master,2
1928,27,Masculino,53070.54726,1.862145759,Esmeraldas,PhD,4
1929,,Masculino,79494.12787,3.156617148,Esmeraldas,,4
1930,72,Masculino,61315.2809,1.650600214,Guayaquil,mre,1
1931,163,Masculino,75263.46678,1.908064061,Quito,Secundaria,4
1932,64,Femenino,63118.89517,1.682708821,Santo Domingo,Secundaria,3
1933,29,Masculino,73047.52499,1.73666532,Quito,bachiller ,0
1934,79,Femenino,80182.64628,1.682665867,Guayaquil,sin  educacion,4
1935,33,Femenino,85213.94748,1.539294251,Manta,Secundaria,2
1936,41,F,67364.20031,,Manta,bachiller ,3
1937,36, femenino,47001.79372,1.81111763,Manta,Secundaria,2
1938,25,Femenino,,1.619018436,Manta,bachillers,4
1939,48,Masculino,59607.93196,1.831829612,Santo Domingo,,4
1940,38,Masculino,51401.86743,1.776364343,,mre,3
1941,34,Masculino,48897.68665,1.599572634,Quito,bachiller ,2
1942,40,Masculino,62617.50854,1.579558781,Manta,Master,0
1943,54,Masculino,45250.38543,1.576780522,Esmeraldas,master,0
1944,71,Masculino,42338.99264,1.659133171,Guayaquil,mre,3
1945,33,Masculino,34583.46253,1.591040115,Quito,Master,4
1946,23,Femenino,67205.05042,1.821981438,Santo Domingo,Master,3
1947,25,Masculino,65118.71967,1.581644299,Quito,PhD,2
1948,42,Femenino,55129.86745,1.610829098,Esmeraldas,,0
1949,35,Femenino,74913.46914,3.080509296,Manta,,4.210119517
1950,42,Femenino,45017.85964,1.673656715,Manta,mre,2
1951,29,Femenino,65713.11161,1.742146842,,,0
1952,32,Masculino,60812.45041,1.746451498,Guayaquil,mre,0
1953,76,Femenino,48889.79492,1.554556614,Manta,sin  educacion,1
1954,43,Femenino,52611.86355,1.780277845,Santo Domingo,mre,4
1955,58,Femenino,51457.5603,1.761328102,,Secundaria,3
1956,62,,63791.30954,1.765250973,Quito,PhD,1
1957,43,Femenino,68901.4331,1.632132381,Santo Domingo,bachiller,0
1958,64,Masculino,53604.09253,1.728695103,Santo Domingo,bachiller,4
1959,49,Masculino,49318.43214,1.682706087,Santo Domingo,master,4
1960,27,,62058.33193,1.709313766,Manta,bachiller,1
1961,33,Masculino,,1.622278092,Santo Domingo,Master,2
1962,24,Masculino,60515.362,1.680975551,Quito,PhD,2
1963,34,Femenino,83426.63227,1.797690173,Guayaquil,sin  educacion,3
1964,40,Femenino,49440.55095,1.507402822,Guayaquil,Secundaria,4
1965,43,Femenino,,1.663404421,Esmeraldas,phd,1
1966,38,,75368.42624,1.763875897,Guayaquil,mre,-5
1967,39,Femenino,71320.10012,1.591214158,Sto. Domingo,sin  educacion,2
1968,75,Masculino,-8822.252326,1.740035318,Santo Domingo,Ph.D,1.954515694
1969,130,Masculino,59122.07211,1.746903547,Esmeraldas,bachiller ,3
1970,31,,41466.63637,1.684684617,Quito,bachillers,3
1971,32,Femenino,67367.29231,1.730124779,Quito,bachillers,4
1972,70,F,1755322.303,1.862864388,Quito,phd,3
1973,24,Femenino,-40050.24643,1.632763859,Manta,Secundaria,3
1974,,Femenino,75121.54604,1.561216345,Quito,Secundaria,2
1975,-9,Femenino,65804.79448,1.657552007,Manta,Secundaria,2
1976,124,Femenino,73196.03543,1.600550059,,Master,3
1977,25,Femenino,48952.35519,1.738502437,Guayaquil,,4
1978,67,Masculino,66995.45949,1.654449145,Manta,,2
1979,76,Masculino,53413.98152,1.761311195,Manta,,2
1980,40,Masculino,55091.36021,1.729118445,Guayaquil,Secundaria,3
1981,46,Masculino,74606.31186,1.631479244,Quito,,4
1982,35,Masculino,57753.1306,1.607740489,Esmeraldas,mre,3
1983,48,Femenino,,1.560694439,Esmeraldas,mre,0
1984,47,Femenino,,1.805139964,Esmeraldas,bachiller,4.153821201
1985,69,Masculino,65410.34064,1.752445248,Esmeraldas,Secundaria,4
1986,56,Masculino,75892.14251,1.658919593,Guayaquil,Secundaria,0
1987,,Masculino,48253.07415,1.760625634,Esmeraldas,Secundaria,4
1988,35,Femenino,70334.68402,1.589563522,Santo Domingo,mre,0
1989,76,Femenino,45858.32027,1.612514245,Esmeraldas,bachiller,1
1990,59,Femenino,71239.53455,1.602524272,Santo Domingo,Ph.D,2
1991,56,Masculino,60493.71697,1.727660387,Manta,mre,3
1992,34,Masculino,64017.54259,,Quito,,2.567900234
1993,31,Masculino,49538.84478,1.554592925,Esmeraldas,,0
1994,48,Masculino,65363.26295,1.709132607,Santo Domingo,bachiller ,1
1995,41,Femenino,51034.69138,1.757302589,Santo Domingo,phd,0
1996,52,Masculino,53794.89762,1.686405573,Quito,Secundaria,3.72153651
1997,61,Masculino,37235.5853,1.813974897,Manta,master,3
1998,77,Masculino,48417.71759,1.780279262,Esmeraldas,mre,2
1999,62,Femenino,-17220.96067,1.811867851,Santo Domingo,sin  educacion,2
2000,51,Femenino,64692.14269,1.778377756,Esmeraldas,Secundaria,1
2001,20,Masculino,,1.723586516,Guayaquil,sin  educacion,0
2002,-17,Femenino,50881.02335,1.57561453,Santo Domingo,Secundaria,2
2003,60,Femenino,-25386.71216,1.665386905,Manta,master,0
2004,57,Femenino,85295.77897,1.648758471,Quito,Secundaria,-4
2005,-3,Femenino,61966.62845,1.611150153,Santo Domingo,Secundaria,0
2006,72,Femenino,51946.61333,1.642518992,Guayaquil,sin  educacion,4
2007,40,Masculino,34805.2686,1.553555173,Quito,PhD,4
2008,61,Masculino,47191.1623,1.788394312,,phd,2
2009,147,Masculino,46606.95573,1.594108718,Esmeraldas,Secundaria,4
2010,132,masculino ,89668.10581,1.781327694,Esmeraldas,Secundaria,0
2011,73,Femenino,47273.13717,1.832674175,Santo Domingo,Master,3
2012,66,Femenino,60765.64393,1.623384684,Quito,bachiller ,0
2013,21,Femenino,65561.36338,1.644549593,Guayaquil,Secundaria,
2014,46,Masculino,76597.87388,1.749854403,Sto. Domingo,Master,
2015,39,Masculino,60120.36363,1.656351147,Manta,mre,0
2016,42,Masculino,52345.28239,1.620019924,,bachillers,1
2017,30,Masculino,51351.95173,1.744095778,Quito,master,3
2018,35,,65345.69989,1.62593759,Esmeraldas,bachiller,1
2019,,,49734.90814,1.913774734,Manta,Secundaria,2
2020,33,Femenino,43437.28286,1.756171207,Manta,Ph.D,
2021,62,Femenino,52342.43517,1.766930773,Manta,bachillers,2
2022,59,masculino ,40132.73488,1.691021097,Quito,Secundaria,2
2023,61,F,87759.24877,1.886298109,Esmeraldas,Secundaria,3
2024,79,Masculino,,1.625736612,,PhD,2
2025,19,Masculino,84312.65765,1.776066425,Esmeraldas,master,1
2026,,Femenino,67281.54055,1.566180116,Manta,bachillers,0
2027,52,Masculino,82868.89545,1.929361919,Quito,bachillers,-2
2028,59,Masculino,65511.96996,1.781990116,Esmeraldas,master,0
2029,,Masculino,70892.71981,1.606012598,Santo Domingo,Ph.D,3
2030,47,Femenino,27994.2146,1.7525714,,bachiller ,3
2031,76,Femenino,46285.05605,1.806274757,Quito,bachiller,2
2032,72,Femenino,60553.91663,1.610596751,Esmeraldas,master,0
2033,30,Femenino,60917.81647,1.653968156,Guayaquil,sin  educacion,1
2034,30,Masculino,58854.28472,1.600649618,Quito,PhD,0
2035,35,Femenino,66794.92916,,Quito,,3
2036,49,Femenino,67413.04407,1.718214634,Guayaquil,,1
2037,49,Femenino,72976.73726,1.70314109,Guayaquil,master,2
2038,52,Masculino,70034.90282,1.619447112,Santo Domingo,bachiller,1
2039,76,Femenino,78061.31099,1.679308999,Sto. Domingo,mre,1
2040,56,Femenino,78183.50426,1.628427759,Santo Domingo,Secundaria,0
2041,63,Masculino,62619.96673,1.748469668,Quito,,3
2042,69,Masculino,91224.73183,1.594713098,,PhD,3
2043,46,Masculino,,1.620105626,Guayaquil,Secundaria,3
2044,79,Masculino,47895.73643,1.781531037,Santo Domingo,Secundaria,4
2045,66,Femenino,65889.04997,1.656010893,Esmeraldas,,2
2046,46,Masculino,32360.72787,,Quito,Master,0
2047,79,F,34887.02577,1.719606768,,master,3
2048,70,Femenino,52507.58504,1.518675493,Sto. Domingo,,1
2049,61, femenino,46868.32607,1.56756869,Santo Domingo,bachillers,4
2050,74,Femenino,52599.85575,1.640970859,Manta,Secundaria,2
2051,33,Femenino,64927.40794,,Santo Domingo,phd,3
2052,73,Masculino,,1.764114803,Manta,Secundaria,4
2053,61,Femenino,77576.27905,1.651635783,Santo Domingo,bachillers,2
2054,64,Femenino,66197.90605,1.823236984,Esmeraldas,Secundaria,1
2055,74,Femenino,43693.20871,1.732873121,,phd,4
2056,27,Masculino,51639.17818,1.668086748,Quito,Ph.D,0
2057,47,Femenino,69557.74988,1.817310145,Santo Domingo,Secundaria,2
2058,42,Femenino,47608.25248,1.619259331,Manta,bachiller,4
2059,56,Masculino,40996.24894,1.755511885,Manta,Secundaria,4
2060,37,Femenino,67384.75688,1.765717378,Esmeraldas ,,2
2061,22,Femenino,59274.56045,1.761843551,Quito,mre,4
2062,18,Masculino,56836.2144,1.684441721,Manta,phd,4
2063,47, femenino,76647.02903,1.78709473,Santo Domingo,Secundaria,2
2064,66,Femenino,76332.12125,1.884158241,Quito,Ph.D,1
2065,20,Femenino,86716.76986,1.684470626,Santo Domingo,PhD,0
2066,62,Femenino,50228.82315,1.706750686,Santo Domingo,Secundaria,2
2067,31,Femenino,,1.792512042,Esmeraldas,Master,3
2068,73,Masculino,60285.12706,1.673430672,Santo Domingo,,4
2069,47,Masculino,65074.73748,,Guayaquil,PhD,
2070,,Masculino,42984.28236,1.583989308,Quito,bachiller ,0
2071,21,Femenino,38962.89998,1.527585221,Guayaquil,bachiller ,2
2072,35,Femenino,59396.75796,1.586518194,Santo Domingo,,3
2073,79,Femenino,-49555.24935,1.786273115,Santo Domingo,Secundaria,3
2074,54,Masculino,74073.11431,1.597228844,Esmeraldas,,1
2075,42,Femenino,37489.83949,1.748647651,Esmeraldas,mre,3
2076,65,Femenino,38726.98669,1.848533448,Esmeraldas ,Secundaria,2
2077,,Femenino,53750.06287,1.715865243,,bachiller,0
2078,,Masculino,36928.87491,1.611761262,Manta,,0
2079,63,Masculino,85140.04698,1.686770802,,Ph.D,3
2080,32,Femenino,57256.23939,1.737982633,Santo Domingo,Secundaria,4
2081,,Femenino,50957.98942,1.738497424,Santo Domingo,Master,1
2082,32,Femenino,67019.46038,1.711705833,Quito,Ph.D,3
2083,66,Masculino,73257.72804,1.763167087,Guayaquil,PhD,2
2084,74,M,63104.38352,1.799959667,Manta,bachillers,40
2085,41,Masculino,58978.62761,1.652017635,Manta,Master,3
2086,21,,45247.90613,1.840473781,Quito,bachillers,1
2087,29,Masculino,69463.63978,1.732961286,Quito,Secundaria,4
2088,76,Femenino,81250.54635,1.477465332,Esmeraldas,Secundaria,2
2089,75,Femenino,56704.20368,1.681214503,Quito,,3
2090,54,Masculino,47268.2175,1.682645586,Manta,bachiller,0
2091,78,Femenino,62722.43651,1.808014197,Guayaquil,Secundaria,2
2092,189,Masculino,60039.74841,1.641873616,Guayaquil,master,4
2093,60,Femenino,-17809.19133,1.714916235,,Secundaria,4
2094,77,Femenino,52459.66951,1.558087338,Esmeraldas,,0
2095,23,Masculino,86827.28652,1.616977534,Sto. Domingo,Ph.D,2
2096,56,Femenino,39786.67699,1.779697999,Guayaquil,Master,3
2097,73,Femenino,49640.6947,1.577864947,Esmeraldas,Secundaria,0
2098,-4,Femenino,45769.29938,1.796595251,Guayaquil,mre,3
2099,41,Femenino,47095.50237,1.813996115,,master,1
2100,,Femenino,53317.85409,1.82413703,Manta,master,3
2101,,Femenino,66725.73152,1.854532046,Guayaquil,phd,1
2102,30,Femenino,,1.777518279,Guayaquil,,3
2103,51,masculino ,63049.82391,1.742545684,Esmeraldas,phd,1
2104,42,Masculino,49734.27268,1.761963196,Guayaquil,PhD,2
2105,24,Masculino,83098.72719,1.707128557,Esmeraldas,Secundaria,4
2106,69,Femenino,28971.54718,1.662640395,Manta,master,2
2107,,Femenino,70102.17229,1.777010778,Santo Domingo,Secundaria,0
2108,76,Masculino,44598.62071,1.744906807,Quito,phd,2
2109,25,Femenino,59236.15234,1.788030803,Manta,master,2
2110,37,Masculino,68446.49891,1.679140189,Guayaquil,PhD,4
2111,46,Masculino,35919.35835,1.687942884,Santo Domingo,mre,2
2112,71,Masculino,62124.80727,1.721149203,Quito,mre,0
2113,70,masculino ,,1.687335248,,bachiller,2
2114,68,Femenino,81935.06523,1.984182356,Guayaquil,Secundaria,2
2115,62,Femenino,100727.2398,1.893445262,Quito,bachillers,2
2116,63,Masculino,36705.45291,1.700429337,Quito,Master,2
2117,27,Masculino,81257.30526,1.686912084,Manta,bachiller,4
2118,60,Masculino,59431.79649,1.744602861,Manta,,4
2119,51,Femenino,47871.43141,1.657056274,Guayaquil,Master,0
2120,74,Masculino,65535.79755,1.655371864,Esmeraldas,,0
2121,43,Masculino,40465.62906,1.704290393,Guayaquil,Master,0
2122,58,,41360.81049,1.662861764,Esmeraldas,bachillers,2
2123,66,Masculino,33972.62043,1.718376768,Esmeraldas,Secundaria,3
2124,75,Masculino,68191.33515,1.737009116,Quito,,-5
2125,20,M,64905.17738,1.381771875,Guayaquil,Secundaria,3
2126,73, femenino,1944149.375,1.507360743,Esmeraldas,bachiller,
2127,23,Masculino,82854.02721,3.785263767,Esmeraldas ,Ph.D,2
2128,22,Femenino,50055.66465,,Manta,bachillers,2.73991419
2129,22,Masculino,79244.84391,1.622929634,Guayaquil,Secundaria,4
2130,71,Femenino,61831.21316,1.931010088,Esmeraldas,bachiller ,0
2131,64,,49854.47515,2.775347418,Santo Domingo,PhD,2
2132,40,Femenino,58275.27895,1.895828085,Santo Domingo,,4
2133,66,Masculino,,1.790017475,Guayaquil,master,4
2134,26,Femenino,63251.00045,1.541616817,Guayaquil,Secundaria,3
2135,52,Femenino,60458.25119,1.583441911,Santo Domingo,Secundaria,
2136,37,,67911.71192,1.648859882,Esmeraldas,phd,4
2137,75,Femenino,,1.580400624,Esmeraldas,bachiller,1
2138,66,Femenino,61734.23665,1.808123159,Quito,phd,0
2139,78,Femenino,37855.17518,,Guayaquil,PhD,0
2140,76,,73985.44999,1.720508843,,mre,4
2141,59,M,60219.9595,1.837656241,Guayaquil,bachillers,3
2142,52,Masculino,31589.06083,1.892672089,Santo Domingo,master,0
2143,67,Femenino,64644.22206,1.672861254,Manta,master,1
2144,35,Femenino,65776.85961,1.563542221,Esmeraldas,phd,4
2145,79,Masculino,54622.80539,1.581173818,Quito,sin  educacion,
2146,185,Masculino,57032.44715,1.814940655,Quito,Secundaria,1.736057858
2147,41,Femenino,51071.02333,1.726560446,Guayaquil,Secundaria,
2148,,Masculino,66241.90019,1.610996473,Manta,mre,2
2149,49,Masculino,62099.87077,1.77079509,Esmeraldas ,master,1
2150,52,Femenino,46376.5695,1.592377369,Santo Domingo,bachiller,42
2151,55,Femenino,84269.55868,1.522761322,Guayaquil,Secundaria,2
2152,30, femenino,-9150.771342,1.499227743,Quito,bachiller ,1
2153,73,Masculino,19402.22313,1.555403449,Quito,mre,4
2154,,Femenino,52939.88646,1.815731608,Santo Domingo,Secundaria,4
2155,64,Femenino,75464.06352,1.679743922,Guayaquil,Ph.D,2
2156,42,Masculino,56902.01945,1.69662,Esmeraldas,sin  educacion,1
2157,26,,35478.30333,1.71869691,Manta,,0
2158,21,Masculino,44578.62834,1.59895138,Quito,bachiller,1
2159,31,,43785.20376,1.652033243,Quito,Ph.D,2
2160,54,Masculino,51370.70632,1.661658213,Quito,PhD,1
2161,51,Masculino,56074.42535,1.606902556,Esmeraldas,Secundaria,1
2162,28,Masculino,67407.81913,1.651416176,Esmeraldas,,0
2163,58,Masculino,-28165.34574,1.687834488,Manta,bachiller,3
2164,73,Femenino,62646.05673,1.675213402,,,3
2165,20,M,86690.29689,1.74331867,Esmeraldas ,Master,0
2166,76,Femenino,72912.4401,1.651437032,Quito,phd,1
2167,45,Masculino,71592.06995,1.854484523,Manta,bachiller,
2168,46,,32802.57081,1.5967259,Manta,,0
2169,26,Masculino,48722.91604,1.646971393,Santo Domingo,bachiller,3
2170,20,,36044.64006,1.73940055,Esmeraldas,Secundaria,3
2171,42,Masculino,48464.20788,1.761760884,Santo Domingo,Secundaria,0
2172,51,Femenino,71923.00069,1.579384859,Manta,Secundaria,
2173,29,Masculino,54107.57169,1.689726598,Santo Domingo,bachiller ,4
2174,59,Femenino,76086.62393,1.779953358,Quito,bachillers,2
2175,26, femenino,70397.02803,1.53974087,Sto. Domingo,mre,4
2176,160,Femenino,60756.7916,1.691218619,Esmeraldas,Ph.D,2
2177,,Masculino,76440.69614,1.551307453,Esmeraldas,bachiller ,4
2178,,Femenino,80466.24015,1.618706308,Guayaquil,,26
2179,22,Femenino,66815.80906,1.708556456,,bachiller ,2
2180,28,Femenino,63449.5067,1.678266817,Santo Domingo,bachiller ,2
2181,76,Masculino,69500.53214,1.58593921,Quito,phd,
2182,51,Masculino,38901.19969,1.822140403,Esmeraldas,bachiller ,1
2183,41,Masculino,58236.42804,1.666634231,Manta,Secundaria,
2184,77,Masculino,59640.14235,1.75498895,Manta,Ph.D,3
2185,32,masculino ,,1.850176345,Esmeraldas,mre,4
2186,55,Femenino,48157.56308,1.632358214,Esmeraldas ,Secundaria,2
2187,-13,Masculino,74970.67832,1.761561013,Guayaquil,Secundaria,0
2188,76,Femenino,62550.87287,1.741516394,Santo Domingo,bachiller ,4
2189,22,F,63914.86098,1.56104528,Esmeraldas,Master,1
2190,65,Masculino,81368.70107,1.820723629,,Ph.D,2
2191,43,Femenino,57070.07467,1.71009392,Santo Domingo,Master,3
2192,35,Masculino,54168.31135,1.64671644,Manta,bachiller ,4
2193,23,Masculino,80419.39687,1.538037678,Quito,Master,0
2194,54,Masculino,37638.9093,1.572572053,Esmeraldas,Secundaria,4
2195,77,Femenino,60767.8668,1.689148238,Guayaquil,Secundaria,3
2196,65,Masculino,48935.3635,1.566214113,Santo Domingo,Master,0
2197,30,Masculino,64390.18678,1.763274652,,master,4
2198,45,masculino ,68579.47402,1.662097684,Quito,,
2199,22,Femenino,69413.86098,1.543858683,Manta,mre,4
2200,-8,Masculino,75393.58623,1.633705191,,Secundaria,2
2201,34,Femenino,-40741.87404,1.593710979,Guayaquil,mre,4
2202,67,Femenino,57146.68077,1.577586514,Sto. Domingo,Ph.D,3
2203,57, femenino,67899.03322,1.478485923,Manta,PhD,1
2204,62,Femenino,73312.5254,1.709950986,Santo Domingo,bachillers,3
2205,49,Femenino,40495.44274,1.604616514,Santo Domingo,Secundaria,4
2206,79,Masculino,64711.81762,1.887661964,Esmeraldas ,PhD,2
2207,46,Masculino,54071.33512,1.799257546,Manta,Secundaria,1
2208,68,Masculino,61307.28856,1.863147734,Guayaquil,phd,3
2209,75,Femenino,54649.6702,1.771555606,Quito,bachillers,1
2210,-16,Masculino,49158.80091,,Esmeraldas,Secundaria,2
2211,73,Femenino,44722.15106,1.732408275,Esmeraldas,phd,0
2212,57,Femenino,57734.63978,1.669724246,Guayaquil,Secundaria,1
2213,51,Femenino,65376.08688,1.734062842,Guayaquil,bachiller,3
2214,57,Femenino,50954.883,1.789127434,Guayaquil,bachiller ,
2215,44,Femenino,77847.1795,1.759746812,Guayaquil,PhD,3
2216,30,Masculino,96876.75515,1.700834253,Guayaquil,,2
2217,62,Masculino,66196.87681,1.706582906,Quito,bachiller,3
2218,50,Femenino,59381.46713,1.721960074,Quito,mre,2
2219,23,Femenino,46316.05889,1.81058423,Manta,bachillers,4
2220,41,Masculino,65550.87133,1.651033513,Quito,sin  educacion,3
2221,36,Masculino,82157.636,1.674128287,Santo Domingo,master,2
2222,33,Femenino,89227.19115,1.649252895,Esmeraldas,Secundaria,0
2223,57,,80942.33698,1.713729957,Esmeraldas,bachiller,2
2224,45,Masculino,72649.64442,1.763668713,Guayaquil,,0
2225,-18,Masculino,66152.90055,1.729965366,Guayaquil,Secundaria,1
2226,76,Femenino,1198602.303,1.694232467,Manta,,2
2227,76,Masculino,58504.17678,1.807277226,Manta,phd,1
2228,65,Masculino,56761.82794,1.620578243,Santo Domingo,Secundaria,1
2229,58,Femenino,58601.93947,1.550019584,Guayaquil,PhD,4
2230,30,Femenino,49208.81681,1.732155188,Esmeraldas,mre,2
2231,,Femenino,71367.92953,1.695974018,Santo Domingo,Secundaria,4
2232,62,Masculino,55892.0281,1.683287404,Guayaquil,bachiller,4
2233,42,Femenino,54674.54389,1.568053786,Santo Domingo,bachiller ,1
2234,70,Masculino,49259.60064,1.719860216,Quito,,3
2235,59,Femenino,63484.49982,1.879507366,Quito,bachiller ,1
2236,53,Femenino,82451.61789,1.566845763,Santo Domingo,Master,1
2237,44,Masculino,59846.87555,1.68428986,Guayaquil,master,0
2238,55,Masculino,64226.10823,1.707549281,Quito,Secundaria,3
2239,77,Femenino,89028.90845,,,,1
2240,24,masculino ,,1.716440354,Santo Domingo,Secundaria,3
2241,22,Masculino,68816.17226,1.655297007,Quito,phd,-3
2242,60,Femenino,68185.46649,1.715359299,Esmeraldas,PhD,3
2243,62,Masculino,50954.01138,1.674510749,Quito,master,2
2244,75,Masculino,49486.95827,1.646217441,Santo Domingo,mre,2.057175566
2245,74,Femenino,62121.1223,1.69229234,,,3
2246,68,Masculino,62501.61158,1.748126121,Quito,Secundaria,4
2247,48,Masculino,47253.52696,1.5442536,,PhD,3
2248,40,M,,1.769390177,Santo Domingo,Secundaria,-3
2249,59,Femenino,55840.53167,1.627425227,Santo Domingo,master,4
2250,27, femenino,-12361.73221,1.761842305,Manta,Secundaria,3
2251,49,Femenino,59168.87232,1.633021612,Manta,Ph.D,3
2252,60,Femenino,57841.19655,1.771333021,Esmeraldas,bachiller,0
2253,70,Femenino,45939.05326,1.695104885,Quito,,
2254,47,Masculino,,1.607058393,Guayaquil,,4
2255,56,Masculino,79766.46548,1.656122011,Guayaquil,,3
2256,48,Femenino,64034.4562,1.81936672,Manta,PhD,2
2257,35,Femenino,65839.53571,1.705182836,Santo Domingo,mre,0
2258,53,Masculino,84009.70435,1.654196511,Esmeraldas ,sin  educacion,0
2259,19,M,40236.17069,1.814053686,Esmeraldas,Secundaria,1
2260,31,Femenino,70068.83576,1.785516657,Guayaquil,Secundaria,4
2261,30,Masculino,36181.63703,1.615977458,Santo Domingo,Secundaria,4
2262,46,Femenino,53435.22087,1.679551077,Esmeraldas,bachiller ,1
2263,29,Masculino,42823.69463,1.523748947,Esmeraldas,,3
2264,56,Masculino,72878.85819,1.787195298,Manta,Secundaria,3
2265,19,Femenino,31654.10472,1.700406712,Guayaquil,,0
2266,49,Masculino,56548.73233,1.767016029,Esmeraldas,Secundaria,3
2267,30,Masculino,42618.4471,1.506789554,Esmeraldas,sin  educacion,2
2268,63,,47177.87441,1.67191427,Esmeraldas,Ph.D,2
2269,44,Femenino,49489.33254,1.716758966,Guayaquil,,2
2270,66,Femenino,79786.56806,1.488175831,Manta,bachiller,1
2271,58,Femenino,54971.55825,1.765635336,Quito,master,2
2272,34,M,85909.88544,1.667653675,Santo Domingo,Secundaria,1
2273,57,Masculino,89048.7949,1.524528322,Guayaquil,bachillers,0
2274,48,Femenino,91705.25803,1.648549221,,bachillers,0
2275,51,,59118.49619,1.745668161,Guayaquil,bachillers,2
2276,77,Masculino,63155.35709,1.608689191,Quito,bachiller ,1
2277,41,Femenino,65669.33464,1.695432753,Santo Domingo,bachiller ,2
2278,,Femenino,54487.68257,1.656686689,Santo Domingo,Ph.D,3
2279,52,F,66365.55388,1.500589786,Esmeraldas,,1
2280,65,Femenino,45972.05689,1.762383539,Esmeraldas,bachiller ,
2281,23,Femenino,31867.86356,1.780773577,Manta,Secundaria,1
2282,36,Masculino,70712.01899,1.814873141,Guayaquil,phd,1
2283,47,Femenino,54753.40043,1.700901236,Manta,PhD,3
2284,24,Femenino,45349.62243,1.748460313,Guayaquil,Ph.D,2
2285,27,Masculino,47246.60546,1.538596132,Santo Domingo,master,1.121481364
2286,58,Masculino,82726.82731,1.724012612,Guayaquil,mre,4
2287,49,Masculino,66961.69186,1.668205055,,bachiller,4
2288,51,Masculino,,1.692304523,Esmeraldas,phd,1
2289,45,Femenino,42195.20381,1.588266,Santo Domingo,master,
2290,77,Femenino,55621.80591,1.812266395,Quito,phd,0
2291,32,Femenino,67146.14038,1.534902503,Manta,mre,4
2292,,Femenino,48081.42932,1.727201165,Guayaquil,PhD,1
2293,54,Masculino,57405.79988,1.60824918,Santo Domingo,Master,3
2294,46,Masculino,61718.26782,1.911859953,Manta,Secundaria,4
2295,39,Femenino,62029.02614,,Sto. Domingo,bachillers,3
2296,21,Femenino,24072.95672,1.697150186,Manta,bachillers,0
2297,37,Femenino,63324.62058,1.597208055,Manta,Secundaria,0
2298,49,Femenino,34007.10536,1.789002928,Quito,bachillers,4
2299,53,Masculino,55704.02278,1.373536417,Sto. Domingo,Ph.D,2
2300,67,Femenino,52478.7743,,Quito,,4
2301,21,Masculino,43819.00651,1.751037955,Esmeraldas,bachiller,3
2302,44,Masculino,,1.745173693,Manta,mre,2
2303,34,Masculino,43140.3621,1.783784676,,master,3
2304,29,Masculino,,1.643502754,Esmeraldas,Secundaria,3
2305,39,Femenino,73181.0126,,Esmeraldas,mre,-3
2306,34,Femenino,51727.49391,1.633000745,Quito,Secundaria,1
2307,-2,Femenino,48622.35014,1.616961712,Esmeraldas,bachiller ,2
2308,71,Femenino,55977.66834,1.596765374,Guayaquil,Master,1
2309,18,Masculino,,1.674802033,Guayaquil,mre,1
2310,39,Masculino,81694.61407,1.811122401,Guayaquil,bachiller ,3
2311,43,Masculino,45958.17603,1.871507613,Esmeraldas,master,0
2312,73,Femenino,47173.77052,1.672958012,Manta,PhD,4
2313,76,Masculino,55854.96893,1.635503209,Santo Domingo,,1.367363719
2314,35,Masculino,63452.10977,1.832943171,Guayaquil,PhD,3
2315,67,Masculino,48446.30004,1.743342746,Guayaquil,Secundaria,4
2316,31,Masculino,70328.45052,1.702906012,Guayaquil,mre,
2317,,F,46240.83373,1.58942181,Quito,master,3
2318,46,Masculino,31487.18116,1.843170167,Quito,Ph.D,1
2319,29,Masculino,67976.62922,1.709368483,Guayaquil,,4
2320,53,Femenino,69713.8421,1.70001598,Guayaquil,Secundaria,4
2321,76,Femenino,75669.75953,1.754167525,Quito,Secundaria,4
2322,52,Femenino,30121.50304,1.702189825,,phd,4
2323,69,Masculino,50015.77423,1.847463665,Manta,bachiller,1.679861732
2324,78,Masculino,56234.12748,1.801180098,Santo Domingo,master,1
2325,29,Masculino,86354.3726,1.643866945,Manta,bachillers,2
2326,24,Masculino,57611.97908,1.708690093,Esmeraldas,sin  educacion,2
2327,46,Femenino,39802.24968,1.641458034,Esmeraldas,Ph.D,3
2328,28,Masculino,64451.10697,1.888936412,Santo Domingo,bachillers,1
2329,50,Masculino,79641.84339,1.627712127,,bachillers,0
2330,23,Femenino,76449.58414,1.688097173,Guayaquil,phd,1
2331,64,Femenino,68426.97246,1.736392664,Esmeraldas,bachillers,0
2332,32,Femenino,63939.48551,1.750571945,,bachiller,4
2333,49,Masculino,25983.71536,1.767457914,Quito,,0
2334,68,Masculino,60384.99683,1.780096655,,PhD,0
2335,,Masculino,62672.10394,1.769286006,,phd,0
2336,75,Masculino,57601.35489,1.656702631,Santo Domingo,Ph.D,4
2337,40,Masculino,70606.49831,1.645364088,Quito,bachiller ,4
2338,43,,57360.03296,1.703822987,Santo Domingo,Secundaria,2
2339,51,Femenino,,1.644830133,Santo Domingo,Secundaria,0
2340,63,Masculino,75584.96582,1.634228186,Esmeraldas,master,1
2341,51,Masculino,53796.16929,1.657806128,,,3
2342,46,F,60969.81108,1.910213469,,Secundaria,2
2343,21,Masculino,73462.9692,1.85438228,Guayaquil,Secundaria,0
2344,34,M,44839.96873,1.676082001,Santo Domingo,Secundaria,2
2345,52,Femenino,43212.20502,1.493348658,Guayaquil,PhD,0
2346,30,Femenino,80369.10233,,Esmeraldas,bachillers,0
2347,58,Femenino,51109.31994,1.7880021,Santo Domingo,master,2
2348,56,Masculino,70386.48648,1.54344639,Quito,Master,0
2349,32,Masculino,33370.18452,1.760384297,Santo Domingo,bachillers,0
2350,72,Femenino,22454.2261,1.753971358,,phd,3
2351,46,Femenino,65463.45088,1.701732471,Quito,Secundaria,1
2352,46,Masculino,58087.19022,1.696239624,Esmeraldas,bachiller ,4
2353,28,Femenino,65604.47162,1.609542337,Manta,,3
2354,69,M,88120.63204,1.769682392,Manta,PhD,4
2355,,Masculino,41439.8727,1.730991333,Guayaquil,,4
2356,19,Femenino,60572.81841,1.651937191,Esmeraldas,,1
2357,64,Femenino,82161.99128,1.621498707,Sto. Domingo,Master,4.515776976
2358,31,Femenino,43605.1483,1.580657537,Santo Domingo,mre,0
2359,37,Masculino,51229.09446,1.737152097,Manta,Secundaria,1
2360,39,Femenino,33490.72194,1.679775628,Santo Domingo,Master,0
2361,28,Femenino,93567.73889,1.681050367,Esmeraldas,PhD,0
2362,44,F,26931.89241,1.543881882,Guayaquil,PhD,0
2363,20,Masculino,71978.78554,1.590482508,Guayaquil,Secundaria,0
2364,34,Masculino,40203.00059,1.579605965,Quito,phd,3
2365,79,Femenino,44236.61651,1.776875048,Guayaquil,bachillers,4
2366,61,Masculino,75959.30906,1.717169993,Manta,phd,4
2367,73,Femenino,48862.34352,1.671701593,Quito,Master,3
2368,45,Masculino,69776.81357,1.810556091,Manta,Master,4
2369,46,Masculino,80700.47376,1.796412604,Santo Domingo,PhD,1
2370,38,Femenino,63010.45478,1.810543568,Santo Domingo,Ph.D,0
2371,64,Femenino,73339.28774,1.675795597,Guayaquil,Secundaria,0
2372,160,Femenino,61210.09793,1.558563119,Quito,Secundaria,0
2373,54,Masculino,61905.09128,1.870649908,Manta,bachiller,-5
2374,,Femenino,50476.06356,1.752420879,Manta,phd,1
2375,37,Masculino,88932.89151,1.754493322,Esmeraldas,bachiller ,2
2376,23,Masculino,71142.66741,1.767586908,Guayaquil,PhD,3
2377,36,Femenino,67827.07912,1.976349855,Santo Domingo,bachillers,2
2378,74,Masculino,71554.42137,1.689955947,Esmeraldas,PhD,4
2379,22,Femenino,49840.64497,1.843648282,Santo Domingo,PhD,4
2380,20,Masculino,73964.57829,1.61473855,Santo Domingo,PhD,1
2381,76,Femenino,83338.21172,1.781523224,Manta,bachiller,2
2382,18,Masculino,,1.87834419,Santo Domingo,mre,2
2383,75,Masculino,68123.44202,1.695303785,Quito,,0
2384,180,Femenino,,1.508107373,Santo Domingo,Secundaria,1
2385,55,F,52212.22595,1.756701263,Quito,bachiller ,0
2386,32,Femenino,43601.16014,1.678309188,Santo Domingo,Ph.D,1
2387,,Masculino,75778.79494,1.784425874,Esmeraldas,master,1
2388,78, femenino,63119.84494,1.653358897,Manta,bachiller,2
2389,52,Masculino,56893.04995,1.938758163,,bachiller ,0
2390,66,Femenino,,1.710643183,Manta,,3
2391,42,Femenino,58087.78819,1.779107818,Esmeraldas ,Secundaria,0
2392,41,Femenino,49438.92417,1.600030953,Guayaquil,,3
2393,29,Femenino,61934.28072,1.582493145,Santo Domingo,phd,4
2394,,F,59579.91055,1.570312409,Santo Domingo,mre,1
2395,32,Masculino,33387.18073,1.570985042,Guayaquil,Secundaria,0
2396,61,Masculino,50556.50108,1.76784638,Guayaquil,PhD,1
2397,33,M,41034.07498,1.639698768,Quito,mre,-2
2398,44,Masculino,35228.96587,1.572997109,Esmeraldas,bachiller,4
2399,25,Masculino,67015.49059,1.630330888,Santo Domingo,bachiller,
2400,77,Masculino,49968.49605,1.770363904,Quito,bachillers,4
2401,63,Masculino,75621.09443,1.767868702,Santo Domingo,Ph.D,2.569195208
2402,42,Femenino,,1.799690185,Guayaquil,PhD,2
2403,,Masculino,55533.69098,1.671847212,,Secundaria,3
2404,46,Femenino,50761.10536,1.899712118,Quito,Master,1
2405,70,Femenino,36330.52989,1.808201337,Quito,phd,2
2406,25,Masculino,60076.30548,1.582584279,Esmeraldas,phd,1
2407,32,Femenino,37640.03181,1.781213914,Quito,master,1
2408,44,masculino ,63340.73759,1.701910847,Santo Domingo,Secundaria,0
2409,63,Masculino,70811.38139,,Esmeraldas,,4
2410,67,Masculino,64013.29764,1.700984297,Santo Domingo,Master,4
2411,69, femenino,65908.25244,1.633404236,Quito,phd,0
2412,24,Femenino,75468.52358,1.800899668,Quito,PhD,0
2413,20,Femenino,59598.54898,1.642176698,Santo Domingo,Secundaria,1
2414,46,masculino ,47609.58536,1.643983589,Manta,bachillers,4
2415,61,Masculino,50865.72742,1.776019356,Quito,phd,1
2416,70,Masculino,51189.38828,1.917047633,Quito,Secundaria,2
2417,41,,-49066.17961,1.650307526,Esmeraldas,Master,2
2418,77,Masculino,71763.16955,1.575347492,Santo Domingo,Master,0
2419,75,Masculino,67903.54243,1.813984452,,bachiller,
2420,20,Femenino,35024.95147,1.719504233,Santo Domingo,,2
2421,37,Femenino,47605.13306,1.750235022,Esmeraldas ,bachillers,4
2422,63,Femenino,43620.21968,1.703432811,,PhD,4
2423,32,Masculino,,1.759359475,Santo Domingo,bachiller ,3
2424,42,Masculino,76147.64267,1.736388713,Esmeraldas,Ph.D,2
2425,47,Masculino,66722.79035,1.647653896,Quito,master,2
2426,31,Femenino,49482.11308,1.770387765,Santo Domingo,bachiller,
2427,24,Femenino,55215.32546,1.750010058,Manta,Secundaria,1
2428,34,Femenino,39107.23115,1.662880037,Quito,Master,4
2429,79,,40257.56225,1.682698138,Esmeraldas,master,0
2430,61,Masculino,72690.74572,1.621411507,Guayaquil,mre,1
2431,37,F,81661.68305,1.746188827,Manta,mre,1
2432,53,Masculino,49278.47207,1.747282715,Quito,mre,
2433,26,F,60721.7823,1.696125549,Esmeraldas,Secundaria,2
2434,55,Masculino,70807.8564,1.58612728,Manta,Secundaria,1
2435,65,Masculino,35042.36697,1.497747189,Quito,sin  educacion,0
2436,74,Masculino,44269.70083,1.676860751,Guayaquil,bachiller,4
2437,77,masculino ,89904.53228,1.723661527,Quito,master,2
2438,39,,45634.25253,1.764467718,Guayaquil,bachillers,3
2439,71,Femenino,54572.48536,1.813280678,Guayaquil,bachiller,0
2440,70,Masculino,50955.98459,1.66428904,Santo Domingo,bachiller ,2
2441,70,Femenino,30078.30963,1.541791696,Esmeraldas,master,4
2442,19,Masculino,61240.83808,1.648632338,,mre,3
2443,41,Masculino,59621.22564,1.91832663,Guayaquil,bachiller,0
2444,25,Femenino,62712.76822,1.864423326,,master,1
2445,28,Masculino,58731.36664,1.742808971,Esmeraldas,bachillers,1
2446,30,F,53102.08589,1.656839179,Esmeraldas,mre,0
2447,34,F,52240.91699,1.690872089,Manta,Master,1
2448,25,Masculino,52497.35956,1.871469938,Quito,bachiller,4
2449,38,Masculino,45169.65422,,Guayaquil,Secundaria,0
2450,35,Masculino,47492.93081,1.661949468,Esmeraldas,Master,0
2451,47,Masculino,45421.2948,1.83262497,Manta,bachiller,1
2452,35,Femenino,,1.505232487,Manta,bachiller ,0
2453,63,Femenino,64591.53856,1.599543867,Guayaquil,master,4.343333
2454,64,Masculino,60407.00772,1.619504838,Santo Domingo,mre,0
2455,48,Femenino,89133.97816,1.800162601,Manta,,1
2456,55,Masculino,46114.57035,1.643921918,,bachiller,1
2457,49,Masculino,76781.65223,1.522697192,Manta,bachillers,-2
2458,28,Masculino,56099.54738,1.63078171,Guayaquil,,1
2459,62,Masculino,62357.47027,1.652904443,Esmeraldas,Master,-3
2460,42,Femenino,70067.04347,1.693250564,Santo Domingo,Ph.D,1
2461,50,Femenino,52836.95193,1.712823284,Manta,bachiller ,3
2462,77,Femenino,44149.53243,1.796767366,Manta,Ph.D,0
2463,55,Femenino,46623.36253,1.668796714,Manta,Secundaria,2
2464,58,Masculino,28405.74274,1.641724365,Quito,bachiller ,2
2465,25,Femenino,69101.94236,1.704669663,Quito,Secundaria,4
2466,28,Masculino,68741.0944,1.724264892,Esmeraldas,Ph.D,2
2467,39,masculino ,83754.75834,1.639867012,Manta,Secundaria,1
2468,68,Femenino,66223.93364,1.529698459,Santo Domingo,,2
2469,41,Masculino,69828.37121,1.6510101,Quito,master,3
2470,58,Femenino,58776.80466,1.780743579,Guayaquil,mre,1
2471,34,Femenino,66973.18831,1.692118508,Guayaquil,phd,2
2472,29,Femenino,76343.894,1.824385101,,,1
2473,74,F,62722.08325,1.750255474,Esmeraldas,master,4
2474,63,Femenino,52181.52663,1.647207906,Manta,,3
2475,49, femenino,56696.60648,1.846903872,,bachiller,0
2476,32,Femenino,71277.95405,1.613094547,Quito,Master,3.194670414
2477,33,Femenino,52631.04891,1.532484194,Guayaquil,PhD,3
2478,71,Masculino,73335.99489,1.7344078,Esmeraldas,bachiller ,4
2479,39,Femenino,88628.96808,1.621612518,Santo Domingo,bachiller,21
2480,45,Femenino,73521.93202,1.694332322,Manta,phd,3
2481,37,Masculino,71207.03855,1.592802407,Manta,Secundaria,2
2482,50,Masculino,65214.48392,1.70045407,Esmeraldas,Secundaria,3
2483,27,Femenino,48346.95775,1.748479548,Quito,Secundaria,2
2484,57, femenino,46986.27051,1.763257867,Esmeraldas,Secundaria,2
2485,,Femenino,46835.66415,1.586172275,Quito,bachiller ,3
2486,67,Masculino,68320.98103,1.564587863,,Secundaria,4
2487,77,Femenino,54158.05669,1.739748244,,sin  educacion,0
2488,50,Femenino,-25194.20867,1.66204268,Quito,bachiller ,0
2489,19,F,66279.84646,1.644323732,Quito,sin  educacion,3
2490,50,,-47972.0668,1.688240139,Quito,phd,1
2491,50,Femenino,52471.14301,1.682959345,Guayaquil,Master,3
2492,58,Masculino,,1.737395277,Guayaquil,bachillers,0
2493,30,Femenino,55637.19196,1.74875116,Guayaquil,PhD,3
2494,47,Femenino,57038.23453,1.79838924,Guayaquil,Secundaria,4
2495,50,M,44510.17476,1.674177188,Esmeraldas,phd,0
2496,30,Femenino,,1.799577198,Santo Domingo,bachillers,0
2497,69,,84782.54967,1.758751741,Quito,Master,0
2498,43,Masculino,53304.71242,1.787302415,Esmeraldas,Secundaria,4
2499,39,Masculino,42794.83777,1.58932307,Guayaquil,PhD,0
2500,,Masculino,74372.04236,1.689694084,Quito,,1
2501,19,Femenino,67850.32398,1.889523832,Santo Domingo,bachillers,0
2502,55,Femenino,63189.27664,1.562880956,Esmeraldas ,Secundaria,3
2503,56,Masculino,40220.37051,1.879153713,Guayaquil,master,1
2504,43,Femenino,42350.79475,1.874728332,Manta,bachiller ,
2505,63,Femenino,36940.21725,1.773196206,Esmeraldas,Secundaria,0
2506,75,Femenino,66472.97252,1.565325483,Santo Domingo,Ph.D,2
2507,67,Masculino,75298.03393,1.678341787,Esmeraldas,Master,2
2508,32,,66979.0141,1.77925658,Quito,bachiller,4
2509,51,Masculino,,1.567419397,Santo Domingo,Ph.D,3
2510,,M,53371.44505,1.76762318,Esmeraldas,Secundaria,3
2511,72,M,55144.95838,1.710798935,Quito,Master,2
2512,61,Femenino,61598.42837,1.64310036,Guayaquil,bachillers,4
2513,66,Femenino,56557.52376,1.588078475,Quito,mre,1
2514,,Femenino,67480.66365,1.845905005,Esmeraldas,PhD,1.898172065
2515,28,M,50405.68592,1.777677566,Santo Domingo,phd,1
2516,78,Masculino,39079.13483,1.683505475,,bachiller ,0
2517,20,Masculino,33159.89132,1.703482361,Guayaquil,master,2
2518,76,Femenino,67207.68936,1.673217161,Esmeraldas,,4
2519,23,Masculino,52111.33319,1.51922808,Sto. Domingo,phd,4
2520,26,Femenino,42456.88529,1.828848908,Manta,Master,3
2521,23,Femenino,50714.11395,1.721884269,Quito,Master,3
2522,26,Femenino,89287.97854,1.795438133,Manta,Master,1
2523,-16,Femenino,43336.59911,1.654577022,Manta,bachiller ,3
2524,48,M,70907.87296,1.709213819,Guayaquil,Ph.D,0
2525,49,Femenino,66316.40357,1.73199236,Guayaquil,Secundaria,4
2526,58,Masculino,80121.49227,1.803115803,Quito,,4
2527,67,Femenino,58153.60693,1.879299642,Guayaquil,PhD,2
2528,29,Femenino,36594.83402,1.665124852,Guayaquil,bachillers,2
2529,25,Femenino,74888.17957,1.665238322,Guayaquil,Secundaria,1
2530,25,Femenino,56252.66527,1.675429119,Guayaquil,bachiller,2
2531,,Masculino,79116.94695,1.640369935,Guayaquil,bachiller,0
2532,45,Femenino,72239.5334,1.964646339,Manta,Secundaria,3
2533,79,Masculino,74938.04389,1.531841128,Manta,master,3
2534,37,F,95527.22564,1.968639778,Quito,PhD,1
2535,79,Femenino,64229.97067,1.763867153,Santo Domingo,Secundaria,3
2536,64,Femenino,,1.691742262,Guayaquil,bachiller,4
2537,76,Masculino,53927.31699,1.616236816,Esmeraldas,master,3
2538,24,Femenino,68110.67095,1.695953427,Quito,,2
2539,28,Femenino,52465.93921,1.643625413,Quito,Master,4
2540,37,Femenino,67188.59759,1.838035912,Guayaquil,bachillers,2
2541,33,Femenino,65622.08246,1.76310292,Guayaquil,phd,2
2542,21,Femenino,29091.50185,1.867091681,Guayaquil,PhD,1
2543,23,,50824.0816,1.670959389,Santo Domingo,bachiller ,1
2544,75,Masculino,63454.73557,1.714134233,Guayaquil,Secundaria,4
2545,39,Femenino,26139.10527,1.690259661,Esmeraldas,bachiller ,3
2546,43,Femenino,58562.33444,1.662619031,Manta,bachillers,0
2547,20,Masculino,75127.05435,1.597096102,Esmeraldas,Secundaria,3
2548,58, femenino,79503.69725,1.771937356,Santo Domingo,Secundaria,4
2549,77,M,48263.32929,1.734102921,Guayaquil,bachillers,0
2550,59,Femenino,80466.0926,1.695276245,Quito,,3.249202009
2551,31,Femenino,78121.7477,1.750294396,Manta,phd,2
2552,,Masculino,27781.63954,1.658785798,Santo Domingo,mre,0
2553,35,Femenino,61736.87869,1.701520021,Esmeraldas,Secundaria,4.855248864
2554,71,Masculino,63396.43817,1.786203222,,phd,3
2555,29,Masculino,82781.92827,1.799864704,Santo Domingo,bachillers,1
2556,40,Masculino,64295.77441,1.852818773,Santo Domingo,phd,3
2557,29,Femenino,80905.96559,1.589044596,Quito,bachiller,2
2558,30,Masculino,-7124.886098,1.603737526,Quito,bachiller,1
2559,42,Masculino,36029.2612,1.584807515,Quito,Secundaria,3
2560,62,Femenino,,1.635178653,,Master,2
2561,68,Femenino,83654.82655,1.666480056,Quito,Secundaria,3
2562,75,Femenino,73888.7907,1.743705969,Santo Domingo,Secundaria,2
2563,36,Femenino,94836.9215,1.816454908,Santo Domingo,PhD,4
2564,72,Femenino,38350.05832,1.660614158,Santo Domingo,Master,0
2565,63,Femenino,75619.8297,1.757397283,Esmeraldas ,master,2
2566,53,Masculino,71322.993,1.827799567,Manta,master,3
2567,62,Femenino,55720.24894,1.65447423,Esmeraldas,Master,2
2568,25, femenino,71638.91387,1.671870275,Quito,PhD,2
2569,46,Femenino,62099.47216,1.706611457,Santo Domingo,,3
2570,72,Masculino,66904.61273,1.532437904,Quito,Secundaria,3
2571,70,Masculino,70208.24897,1.751129774,Santo Domingo,,1
2572,72,Femenino,74701.63943,1.579515115,Manta,master,2
2573,49,Femenino,61302.17499,1.778970633,Santo Domingo,Secundaria,4
2574,68,Masculino,86660.04082,1.656905768,Esmeraldas,phd,0
2575,61,Femenino,56764.12013,1.648960389,Guayaquil,Secundaria,2
2576,35,Femenino,88256.36431,1.602134606,Santo Domingo,bachillers,3.178141045
2577,23,Masculino,-1750.921994,1.754099942,,,1
2578,35,Masculino,45224.10713,1.753447662,Manta,PhD,2
2579,36,Masculino,46102.34602,1.654484712,Manta,Master,4
2580,39,Femenino,74352.91173,3.141023687,Guayaquil,bachiller,3
2581,54,F,47918.07721,1.703429867,Quito,bachiller,4
2582,49,Femenino,82351.88041,1.698604141,Quito,,4
2583,73,Femenino,,1.705930583,Santo Domingo,Secundaria,0
2584,,Masculino,65989.28547,1.63196812,,Secundaria,0
2585,76,Femenino,69601.31288,1.600615505,Esmeraldas,bachillers,2
2586,20,,44763.83515,1.662646932,Guayaquil,,0
2587,45,Femenino,39138.39845,1.763398362,Quito,Master,2
2588,27,Femenino,64243.248,1.51486885,Santo Domingo,master,-5
2589,68,,55841.37555,1.550047059,Santo Domingo,bachiller,3
2590,52,Femenino,67476.73512,1.639244593,Manta,mre,3
2591,78,Femenino,39815.12881,1.520591676,Esmeraldas,phd,1
2592,46,Masculino,54648.64248,1.558328969,Esmeraldas,sin  educacion,0
2593,71,Femenino,57272.43538,1.78094623,Quito,Master,1
2594,32,Masculino,23437.95395,1.656173766,Santo Domingo,Ph.D,4
2595,50,Masculino,74931.85906,3.462682347,,Secundaria,2
2596,24,,48638.37232,1.713995735,Esmeraldas,Master,2
2597,29,Masculino,82487.42013,1.71149909,,Secundaria,3
2598,66,Femenino,,1.816460329,Esmeraldas,phd,4
2599,47,Femenino,52180.09896,1.522045688,Guayaquil,Ph.D,2
2600,38,Femenino,41371.31822,1.607356233,Esmeraldas,Secundaria,
2601,48,Masculino,77199.19097,1.640298817,Esmeraldas,bachiller ,4
2602,75,Femenino,66812.42774,1.739113649,Santo Domingo,mre,4
2603,155,Femenino,81002.03567,1.989189523,Esmeraldas,bachiller,2
2604,41,Femenino,56889.7651,1.758638108,Esmeraldas,PhD,4
2605,37,Femenino,59374.2638,1.673412282,Guayaquil,Secundaria,0
2606,54,Masculino,-1424.764844,1.57867181,Esmeraldas,Master,4
2607,21,Masculino,50639.33435,1.566157784,Esmeraldas,master,1
2608,45,Femenino,62557.47982,1.790314527,Esmeraldas ,bachillers,1
2609,61,Masculino,65808.01256,1.620522241,,master,2
2610,79,Femenino,87359.0621,1.664591663,Guayaquil,mre,2
2611,170,,32235.79266,1.865726908,Esmeraldas,master,3
2612,77,F,63441.82126,1.528537738,Manta,PhD,4
2613,41,Masculino,54356.44086,1.727048378,Santo Domingo,bachillers,1
2614,67,Femenino,61132.5539,1.609636103,Guayaquil,Ph.D,3
2615,66,masculino ,61540.74377,1.86362709,Santo Domingo,Secundaria,2
2616,68,Masculino,57132.23157,1.606142175,Manta,Secundaria,0
2617,49,Femenino,43003.38123,1.766891717,Guayaquil,bachillers,4
2618,58,Masculino,40218.34214,1.51918233,Esmeraldas,Secundaria,3
2619,53,Masculino,56026.32323,,Manta,PhD,0
2620,75,Femenino,38690.73754,1.791972385,Santo Domingo,PhD,2
2621,70,Masculino,58306.43581,1.644380712,Guayaquil,PhD,1
2622,51,Masculino,,1.73929831,Manta,PhD,
2623,53,Femenino,23249.47047,1.795732673,Manta,bachillers,3
2624,19,Femenino,89004.19614,1.715283228,Santo Domingo,master,2
2625,32,Masculino,61158.86499,1.66114528,Santo Domingo,Secundaria,2
2626,51,Femenino,23439.1479,1.69019132,Esmeraldas,bachillers,1
2627,53,Femenino,63706.99398,1.711002492,Esmeraldas,master,-3
2628,23,Masculino,56949.16021,1.705634248,Manta,bachiller ,1
2629,56,Masculino,40233.51465,1.743451935,Santo Domingo,Secundaria,
2630,59,Femenino,64639.54411,1.597875401,Manta,bachiller,0
2631,68,Masculino,45867.69217,1.635179702,Quito,,2
2632,68,Femenino,62895.48943,1.660983419,Esmeraldas ,bachiller ,3
2633,75,masculino ,49477.3549,1.747100298,Quito,bachiller,0
2634,71,Masculino,46416.31324,1.54719398,Quito,PhD,2
2635,78,Masculino,59766.99228,1.715390098,,bachiller ,0
2636,29,Femenino,35668.60533,1.778078457,Esmeraldas,,1
2637,20,Femenino,58761.94162,,Manta,Master,
2638,62,Femenino,69858.80667,1.707521317,Guayaquil,PhD,1
2639,35,Femenino,79059.16186,1.669749761,Guayaquil,Secundaria,4
2640,57,Masculino,,1.706223955,Santo Domingo,Ph.D,3
2641,38,Femenino,80299.95774,1.655889311,Esmeraldas,bachiller ,1
2642,32,Masculino,53179.28961,1.68336165,Esmeraldas,Secundaria,3
2643,50,Masculino,,1.655834476,Esmeraldas,bachillers,2
2644,52,Femenino,72230.34542,1.682062233,Guayaquil,phd,4
2645,43,Masculino,52246.59989,1.668241334,Sto. Domingo,PhD,3
2646,25,Masculino,60093.9342,1.581880611,Guayaquil,bachiller ,0
2647,53,Femenino,71203.00516,1.549439708,Esmeraldas,bachillers,2
2648,65,,90316.46656,1.707922877,Guayaquil,bachillers,4
2649,47,Masculino,67932.00765,1.760387966,Guayaquil,master,0
2650,40,Femenino,63076.54474,1.855424485,Manta,phd,0
2651,,Femenino,43183.33674,1.809756761,Santo Domingo,Master,4
2652,61,Femenino,77540.33135,1.790421468,Quito,Ph.D,1
2653,31,Femenino,-42417.92003,1.722922012,,phd,4
2654,31,Femenino,54792.87045,1.711923582,Guayaquil,Secundaria,4
2655,19,F,53243.72469,1.621083778,Esmeraldas,Secundaria,4
2656,72,Femenino,53897.06069,1.609775561,Manta,PhD,3
2657,54,Masculino,60659.47804,1.719051059,Santo Domingo,Secundaria,
2658,22,Masculino,,1.616500664,Esmeraldas ,PhD,2
2659,55,Femenino,78270.34207,1.690941803,Guayaquil,Ph.D,0
2660,62,Masculino,75520.10096,1.45022349,Guayaquil,bachiller ,3
2661,58,M,57487.67473,1.746713895,Manta,Secundaria,1
2662,79,Femenino,53930.25776,,Manta,,4
2663,71,,59652.33443,1.557222071,Quito,,3
2664,77,Femenino,62198.42738,1.772245803,Esmeraldas,Secundaria,3
2665,78,Masculino,55498.54956,1.796307486,Guayaquil,phd,0
2666,64,F,74986.2759,1.691553072,Manta,master,2
2667,31,F,38638.37743,1.628288256,Santo Domingo,Secundaria,1
2668,73,Masculino,49320.95745,1.771828065,Esmeraldas,mre,-5
2669,56,Masculino,71628.62988,1.623099658,Santo Domingo,bachiller,1
2670,42,F,64864.14814,1.684236223,Esmeraldas,Ph.D,4
2671,37,Masculino,49806.88124,3.559000643,Santo Domingo,bachiller,3.431357133
2672,19,Masculino,66007.027,1.737526576,,mre,3
2673,,Femenino,48105.59332,1.695384345,Manta,phd,2
2674,23,,55348.26254,1.672410834,,PhD,0
2675,,M,75655.78418,1.70438265,Quito,phd,0
2676,76,Masculino,73996.25366,,Manta,Secundaria,2
2677,42,Masculino,64323.55137,1.587448037,Guayaquil,Secundaria,1
2678,74,Masculino,,1.820825714,Esmeraldas,phd,2
2679,45,Femenino,54335.17275,1.654186109,Esmeraldas,phd,0
2680,19,Masculino,61446.98464,1.679547472,,phd,4
2681,52,Masculino,81831.32082,1.781362142,Santo Domingo,bachillers,2
2682,54,Femenino,33264.4585,1.685852753,Manta,bachillers,3
2683,22,Masculino,46917.8393,,Esmeraldas,Master,4
2684,18,Masculino,76929.05088,1.695297367,Quito,phd,4.826583431
2685,57,Masculino,80402.50617,1.709933292,Esmeraldas,Ph.D,
2686,29,Femenino,58954.29394,1.72153728,Sto. Domingo,bachiller,2
2687,73,Femenino,83076.01112,1.737390586,Santo Domingo,master,3
2688,53,Masculino,48999.43268,,,,1
2689,,Masculino,37361.40894,,Santo Domingo,PhD,2
2690,40,Femenino,71853.45414,1.799262497,Manta,Secundaria,0
2691,64,Masculino,79420.57364,1.620672217,Manta,master,1
2692,48,Masculino,79170.43788,1.845420144,Esmeraldas,master,1.623134465
2693,28,masculino ,47048.33091,1.529948895,Guayaquil,phd,
2694,27,Femenino,952162.4892,1.636879674,Manta,PhD,0
2695,20,Femenino,72597.2707,1.686221118,Manta,Ph.D,0
2696,169, femenino,64514.6657,1.583374093,Quito,bachiller,2
2697,31,Masculino,81695.35064,1.727982241,Manta,PhD,1
2698,33,Masculino,53924.31214,1.773986044,Esmeraldas,Secundaria,0
2699,27,Masculino,58940.76285,1.628737565,Quito,sin  educacion,2
2700,46,Femenino,63542.85692,1.746344957,Manta,master,
2701,27,Masculino,72488.31209,1.783684807,Esmeraldas ,bachiller,-5
2702,29,Masculino,57083.10403,1.506447892,Quito,mre,2
2703,47,Femenino,73911.51216,1.717424443,Guayaquil,bachiller,0
2704,58,Femenino,84069.37062,1.73733084,Esmeraldas,phd,3
2705,18,Masculino,52228.93271,1.608278959,Manta,Master,0
2706,22,Femenino,57530.1093,1.580506909,Guayaquil,Secundaria,1
2707,-3,F,74516.39388,1.631222854,Guayaquil,bachillers,1
2708,141,Masculino,88912.92561,1.681294221,Esmeraldas,Master,-3
2709,60,Masculino,69539.38928,1.624933606,Guayaquil,Secundaria,4
2710,29,Masculino,48206.45595,1.755557068,Esmeraldas,Secundaria,4
2711,18,,62972.58405,1.742613572,Manta,PhD,4
2712,74,Femenino,74402.90028,1.73759263,Esmeraldas,bachiller,0
2713,71,Femenino,47811.47149,1.825819444,Manta,mre,
2714,37,Masculino,43824.29695,,Esmeraldas,Secundaria,3
2715,45,Masculino,54825.25475,1.728338683,Quito,bachiller,2
2716,74,Femenino,69894.50323,1.577536428,Esmeraldas,phd,0
2717,60,Masculino,39461.78631,1.815749111,Esmeraldas,bachillers,41
2718,54,Masculino,49603.81818,1.82666681,Santo Domingo,bachiller,1
2719,64,M,64104.89828,1.667091451,Santo Domingo,,3
2720,,Masculino,76357.7813,1.619068024,Esmeraldas,bachillers,0
2721,29,masculino ,64353.16115,1.775457973,Sto. Domingo,PhD,3
2722,54,Masculino,65620.27176,3.497137948,Manta,sin  educacion,4
2723,66,Femenino,,1.739835637,Santo Domingo,,4
2724,66,Masculino,83958.86716,1.849678922,Esmeraldas,Secundaria,1
2725,73,M,82282.6783,1.661884228,Guayaquil,bachiller,-3
2726,61,Femenino,29379.57606,1.72421985,Guayaquil,phd,4
2727,73,Masculino,61470.86869,1.710102982,Esmeraldas,Secundaria,3
2728,45,Femenino,73687.73797,1.804331901,Esmeraldas,phd,3
2729,64,,85496.80097,1.71061211,Guayaquil,bachillers,-3
2730,,Masculino,69614.79917,1.665728566,Quito,bachiller,4
2731,23,Masculino,47112.20553,1.548079212,Santo Domingo,Secundaria,2
2732,61,Masculino,49094.80697,,Quito,master,4
2733,76,Masculino,49514.52359,,Manta,phd,3.142752434
2734,78,Femenino,64612.78322,1.496543394,Guayaquil,,4
2735,37,Femenino,52802.66923,1.59933578,Guayaquil,Ph.D,0
2736,67,,14330.06752,1.640236442,Quito,bachiller,1
2737,31,Masculino,42325.66479,1.640257274,Manta,bachiller ,2
2738,19,Femenino,53336.26318,1.697178278,Sto. Domingo,,3
2739,26,Femenino,-19278.70194,1.689022818,Manta,Secundaria,4
2740,54,Masculino,41797.05828,1.693724521,Esmeraldas,bachiller,3
2741,37,Masculino,90764.55946,1.925958363,Esmeraldas,sin  educacion,1
2742,43,Femenino,59870.67159,1.655857551,Guayaquil,Ph.D,3
2743,46,Masculino,54208.27936,1.61306292,Esmeraldas,Ph.D,0
2744,-12,Femenino,70010.15142,1.85669942,Quito,bachillers,1
2745,72,M,77191.04134,1.846394171,,Master,1
2746,52,Femenino,93609.23497,1.591777996,Guayaquil,Master,4
2747,23,Femenino,85580.59527,1.821342769,Esmeraldas,mre,1
2748,54,Masculino,66522.13244,1.515332788,Guayaquil,,-4
2749,70,Femenino,37007.88149,1.987038972,Guayaquil,,1.431205305
2750,76,Masculino,,1.878283796,Esmeraldas ,Secundaria,0
2751,22,Masculino,53972.1233,1.753193467,Quito,bachiller ,2
2752,50,Masculino,67598.44808,1.785857042,Quito,bachiller ,4
2753,66,Masculino,61414.74782,1.744371682,Santo Domingo,bachillers,1
2754,,Femenino,37904.59892,1.63409693,Quito,phd,
2755,31,Masculino,35223.73458,,Esmeraldas,mre,1.539315347
2756,29,Masculino,63885.1208,1.83561579,Santo Domingo,mre,2
2757,59,Masculino,61800.60826,1.62727438,Santo Domingo,phd,0
2758,37,Masculino,56851.84699,1.696799443,Santo Domingo,mre,1
2759,70,Femenino,67243.89081,1.576681869,Santo Domingo,mre,3
2760,67,Masculino,78702.18691,1.695235157,Quito,master,1
2761,41,Femenino,64651.03405,1.67323872,Santo Domingo,Master,
2762,76,Femenino,45875.24468,1.82524888,Esmeraldas,master,4
2763,150,Femenino,88728.29454,1.860084073,Esmeraldas,Secundaria,3.006682206
2764,79,F,57355.37276,1.593634216,Guayaquil,bachiller ,2
2765,51,Masculino,60749.96449,1.776913741,Esmeraldas,Secundaria,4
2766,42,Masculino,50195.12943,1.787965807,,Master,2
2767,67,M,43883.79677,1.525213263,Esmeraldas,bachillers,2
2768,46,Femenino,45105.0847,1.796500507,Santo Domingo,bachiller ,3
2769,74,Femenino,41808.08629,1.552187811,,bachiller ,4
2770,56,M,14850.8838,,Esmeraldas ,bachiller,-3
2771,48,Masculino,57656.10412,1.60989899,Quito,Ph.D,2
2772,73,Masculino,,1.542888547,Guayaquil,bachillers,2.062918375
2773,64,Masculino,45235.3135,1.810379171,Manta,PhD,4
2774,60,Masculino,98392.31834,1.605779763,Esmeraldas,phd,4
2775,67,Masculino,80795.66711,1.660370986,Santo Domingo,bachiller,3
2776,40,Masculino,59726.64248,1.699317916,Guayaquil,,0
2777,61,Femenino,43333.77267,1.77429875,Guayaquil,,0
2778,55,Femenino,36043.53178,1.603136608,,bachiller,0
2779,37,Femenino,58294.74487,1.748748916,Guayaquil,bachiller,2
2780,40,Femenino,61021.8097,1.676902032,,phd,3
2781,79,Masculino,56934.19329,1.599192569,Esmeraldas,Secundaria,0
2782,62,Masculino,76039.8468,3.85447122,Santo Domingo,Ph.D,4
2783,,Masculino,82456.23144,1.907845607,Esmeraldas ,master,2
2784,33,Masculino,67090.10837,1.720394249,Quito,Secundaria,2
2785,67,Masculino,67896.9896,1.639103077,Quito,,4
2786,59,Femenino,55266.67107,,Santo Domingo,Secundaria,3
2787,77,Masculino,59926.22887,1.780642531,Santo Domingo,Ph.D,3
2788,72,Femenino,66174.5018,1.701352045,Esmeraldas,phd,0
2789,25,Masculino,741278.1031,1.593767351,Quito,sin  educacion,4
2790,67,Femenino,69912.70756,1.530681031,Esmeraldas ,Ph.D,1
2791,38,Masculino,44157.36427,1.738121435,Quito,Ph.D,3
2792,18,Femenino,49016.96572,1.573466726,Santo Domingo,Secundaria,0
2793,72,Masculino,44296.30355,1.659743313,Guayaquil,Secundaria,2
2794,25,Masculino,49970.66829,1.862871335,Esmeraldas,Ph.D,3
2795,46,Masculino,55690.73662,3.603430722,Guayaquil,master,1
2796,49,masculino ,75436.36705,1.805368256,,Secundaria,2
2797,55,Femenino,60621.48273,1.597879666,Guayaquil,bachillers,2
2798,22,Masculino,40735.38402,1.787468817,Quito,mre,4
2799,64,Femenino,38970.59299,1.757513774,Esmeraldas,sin  educacion,4
2800,39,Masculino,53760.03707,1.74881786,Quito,bachiller,3
2801,64,Femenino,72516.01545,1.639134093,Santo Domingo,Secundaria,1
2802,51,Masculino,81044.65417,1.763688845,Santo Domingo,bachiller ,4
2803,18,Masculino,36138.52505,1.737458053,Guayaquil,Secundaria,0
2804,72,Femenino,65585.28697,1.888794309,Santo Domingo,Secundaria,2
2805,72,,53971.91308,1.638404586,Guayaquil,sin  educacion,0
2806,43,Masculino,55136.68823,1.828599118,,mre,2
2807,60,Femenino,44036.37182,1.609937104,Santo Domingo,master,0
2808,27,Masculino,,1.676120494,Quito,PhD,2
2809,47,Femenino,43362.3081,1.636149176,Quito,Secundaria,4
2810,67,Masculino,56012.23615,1.650455829,Esmeraldas ,master,0
2811,35,Femenino,77223.86764,1.684262035,Manta,bachiller ,3
2812,34,Femenino,69468.5628,1.844174837,Santo Domingo,bachiller,3
2813,43,Femenino,632436.5102,1.745664291,Esmeraldas,Secundaria,1
2814,25,Femenino,67895.35845,1.823407783,,,1
2815,64,Masculino,62617.77104,1.701457577,Quito,bachillers,1
2816,57,Masculino,68293.43411,1.828273527,Santo Domingo,,0
2817,66,Femenino,48363.02746,1.722700894,Esmeraldas,PhD,2
2818,29,Masculino,28709.57477,1.621074475,Guayaquil,Master,1
2819,169,Masculino,71942.56727,1.805600063,Santo Domingo,bachillers,4
2820,25,Masculino,33070.06373,1.848390215,Quito,PhD,3
2821,42,F,76824.01583,1.763831697,Manta,bachiller,3
2822,63,Masculino,71262.20615,1.783087996,Guayaquil,,4
2823,21,Masculino,47257.18281,1.827915309,Guayaquil,Secundaria,3
2824,50,Femenino,53458.65505,1.672995167,Santo Domingo,master,0
2825,18,Masculino,59826.92091,1.628205519,Manta,Ph.D,4
2826,36,Femenino,46167.43024,1.736269781,Guayaquil,bachiller ,0
2827,48,Femenino,68107.80284,1.872645119,Manta,bachiller ,3
2828,33,Femenino,69430.04672,1.730118965,Quito,Secundaria,4
2829,31,Masculino,38355.5784,1.762970653,Guayaquil,phd,4
2830,70,Masculino,47653.36489,1.707473004,Esmeraldas,Secundaria,4
2831,65,Femenino,59447.89731,1.729457292,Quito,Secundaria,3
2832,,Femenino,77108.70496,1.647198188,Quito,phd,
2833,58,Femenino,69784.27493,1.754826735,Guayaquil,master,3
2834,43,Femenino,25036.22548,1.787778427,Esmeraldas,Secundaria,1
2835,79,Femenino,55620.08733,1.549748458,Manta,bachillers,1
2836,45,F,67090.10426,1.549885816,Esmeraldas,mre,2
2837,19,Masculino,48000.60274,2.551873801,Quito,bachiller,4
2838,67,F,46838.81467,1.84754572,Guayaquil,Master,3
2839,23,,48795.67976,1.607520651,Esmeraldas ,bachillers,4
2840,26,Femenino,55380.34312,1.735172744,Esmeraldas,Secundaria,0
2841,50,Masculino,45313.59869,1.878501589,Quito,Secundaria,0
2842,58,Masculino,69898.95555,1.733252382,Manta,Secundaria,3
2843,42,Masculino,47089.47796,1.751429345,Esmeraldas,PhD,1
2844,65,Masculino,44457.61887,1.615687483,Esmeraldas,Secundaria,2
2845,30,Femenino,54019.6215,1.733321098,Santo Domingo,Master,1
2846,26,,82183.74831,1.600490354,Quito,Secundaria,4
2847,70,Femenino,67879.19803,1.509668855,Santo Domingo,phd,1
2848,30,Femenino,68832.95752,1.705234192,Quito,bachillers,3
2849,,Femenino,64293.76907,1.732081616,Quito,Ph.D,1
2850,58,Femenino,45795.28583,1.647161646,Santo Domingo,mre,
2851,28,Femenino,,1.625337522,Manta,mre,3
2852,21,Femenino,47850.06103,1.678656884,Manta,phd,3
2853,51,Masculino,76373.40003,1.627326353,,bachiller,3
2854,78,Masculino,64430.05097,1.774220148,Santo Domingo,Secundaria,-2
2855,,Masculino,34990.41446,1.744684633,Esmeraldas,master,4.515356902
2856,63,Masculino,81789.79618,1.862804117,Esmeraldas ,Secundaria,1
2857,21,Masculino,55020.72853,1.664449183,Quito,bachillers,4
2858,55,Femenino,69800.67022,1.706982227,Guayaquil,mre,2
2859,36,Masculino,75785.0691,1.71735797,Manta,bachiller,2
2860,23,Masculino,21568.96975,1.66270058,Santo Domingo,bachillers,2
2861,51,Masculino,66818.96561,1.501651128,Guayaquil,Ph.D,4
2862,35,Femenino,56211.35902,1.744389018,Esmeraldas,bachiller,4
2863,30,,23671.62004,1.933482169,Quito,Master,4
2864,58,Femenino,43012.09361,1.799935541,Esmeraldas,phd,0
2865,40,Masculino,53180.87188,1.895818676,Esmeraldas,Master,3
2866,36,Masculino,72684.77065,1.789679636,Quito,,4
2867,62,Masculino,57356.43075,1.684803251,Manta,Ph.D,2
2868,28,Masculino,62221.81972,1.760158234,Guayaquil,bachillers,2
2869,,Masculino,54658.07456,1.806989288,,bachiller,1
2870,41,Femenino,76318.56411,1.539934606,Manta,Secundaria,3
2871,79,Masculino,67815.46735,1.744482155,Guayaquil,Master,3.402587948
2872,71,Femenino,62442.83223,1.690156723,Quito,Master,3
2873,24,Masculino,42853.00498,1.847744468,Manta,Secundaria,4
2874,42,Femenino,,1.737232517,Santo Domingo,bachiller ,2
2875,38,Femenino,800914.4087,1.453969559,,mre,3
2876,32,masculino ,71929.0093,1.74398862,Guayaquil,mre,3
2877,18,Femenino,48909.85825,1.493814845,Santo Domingo,bachiller,4
2878,29,Masculino,87786.89835,1.827410842,Quito,,4
2879,75,Masculino,48249.09568,1.62321118,Esmeraldas,bachillers,3
2880,,F,70714.56061,1.58692542,Quito,Secundaria,4
2881,32,Femenino,59307.00254,1.622895057,Guayaquil,Master,2.126995744
2882,38,Masculino,62731.93629,1.610632576,Esmeraldas,phd,1
2883,,Masculino,63282.44577,1.684428984,Santo Domingo,Secundaria,3
2884,77,M,56286.4736,1.613949217,Manta,bachiller,0
2885,46,Masculino,54159.90438,1.669917503,Santo Domingo,phd,3
2886,-4,Femenino,40247.48873,1.545772046,Quito,master,1
2887,50,Femenino,-21137.77462,1.674835511,Quito,Ph.D,1
2888,,Masculino,65009.45549,1.842258734,Guayaquil,mre,2
2889,49,Masculino,49759.28526,1.655141425,Manta,bachiller ,2
2890,66,Masculino,46349.85167,1.762414677,Manta,Ph.D,0
2891,52,Femenino,102409.8585,1.574370903,Esmeraldas,Ph.D,4
2892,61,Femenino,97340.18138,1.757969607,Esmeraldas,Ph.D,4
2893,55,Femenino,68712.36142,1.813758423,Quito,mre,1
2894,43,Masculino,70822.67607,1.842521198,Guayaquil,bachillers,1
2895,28,Femenino,47813.75038,1.72007477,Quito,bachiller ,2.749817417
2896,52,Femenino,,1.767144277,Manta,master,1
2897,25,Femenino,54894.96261,1.571948115,Manta,phd,3
2898,63,Femenino,60004.44831,1.661659014,Quito,Master,3
2899,31,Femenino,70696.16339,1.619971633,Manta,Master,0
2900,130,Masculino,32544.95248,1.732845282,Esmeraldas,,3
2901,19,Masculino,92208.70752,1.647178478,Manta,bachiller,0
2902,63,Masculino,63720.37075,1.768678795,Esmeraldas,Master,2
2903,26,Masculino,36739.54949,1.946859033,Santo Domingo,,3
2904,20,Femenino,62362.12193,1.762157476,Guayaquil,master,0
2905,38,Masculino,46463.23705,1.841165798,Guayaquil,sin  educacion,4
2906,43,Masculino,45411.89855,1.581544744,,mre,0
2907,25,Masculino,,1.691502987,Guayaquil,phd,3
2908,65,Femenino,56152.71057,1.721685544,Santo Domingo,Secundaria,0
2909,19,Masculino,91540.73536,1.70650557,Manta,mre,2
2910,23,Femenino,61389.98008,1.884333146,,bachiller,1
2911,45,Femenino,70408.34709,1.625611395,Santo Domingo,master,4
2912,70,Femenino,74077.71423,1.732312403,Santo Domingo,Secundaria,2
2913,46,Masculino,1508944.863,1.457153225,Guayaquil,Master,4
2914,43,Femenino,42584.69972,1.742467311,Esmeraldas,bachiller,4
2915,42,Masculino,36018.87475,1.750591586,Quito,Secundaria,0
2916,29,Masculino,54188.21724,1.694774854,Santo Domingo,bachiller,1
2917,22,Masculino,77159.0447,1.739530152,Guayaquil,bachiller,0
2918,51,Femenino,74030.88225,1.643551061,Santo Domingo,sin  educacion,
2919,,Femenino,63845.70942,1.577848046,Esmeraldas,Secundaria,3
2920,54,Masculino,65833.17925,1.601145963,Esmeraldas,,0
2921,32, femenino,57947.63459,1.614743398,,bachiller ,1
2922,61,Femenino,52777.77009,1.570764839,Quito,bachillers,2
2923,53,Femenino,48927.24632,1.566817763,Quito,PhD,0
2924,,Masculino,37928.24634,1.616993583,Guayaquil,Secundaria,1
2925,60,Femenino,86956.88725,1.664389682,Quito,master,0
2926,65,Femenino,62566.81451,1.71318765,Sto. Domingo,Secundaria,4
2927,40, femenino,53363.02117,1.577609235,Quito,phd,0
2928,23,Femenino,87317.49804,1.606614135,Guayaquil,phd,3
2929,-10,Masculino,90179.73646,1.638573503,Santo Domingo,bachillers,4
2930,67,Femenino,101177.3753,1.743687877,Quito,Secundaria,1
2931,61,Femenino,56275.08827,1.580486814,Quito,master,0
2932,76,Femenino,61578.46159,1.648273547,Esmeraldas,Secundaria,4
2933,60,Femenino,69764.33884,1.797240555,Esmeraldas,Ph.D,4
2934,62,Femenino,-30481.90423,1.620537749,Guayaquil,,2
2935,177,Femenino,60930.34767,1.575272107,Manta,Master,4
2936,40,Masculino,45249.67714,1.691278074,Quito,,1
2937,60,Femenino,48699.30629,1.616879008,Esmeraldas,,0
2938,72,Femenino,77661.47174,1.423805533,Esmeraldas ,Secundaria,4
2939,,Femenino,-10520.10947,1.719904577,Quito,Secundaria,1
2940,64,Masculino,57406.34831,1.787023709,Quito,mre,2
2941,70,Masculino,56419.79833,1.697764136,Manta,phd,0
2942,-6,Masculino,,,Esmeraldas,phd,3
2943,32,Femenino,-8211.531924,1.76440259,,bachiller ,4
2944,42,masculino ,48165.70581,1.614510033,Quito,phd,4
2945,53,Masculino,41798.83349,1.904950688,Guayaquil,Secundaria,2
2946,28,Masculino,87252.1316,1.732114358,Guayaquil,bachiller,1
2947,68,Masculino,60375.81708,1.742780291,Guayaquil,Ph.D,2
2948,32,Femenino,58810.06861,1.600653238,Santo Domingo,phd,1
2949,21,Masculino,70064.8818,1.545415146,Quito,bachillers,0
2950,38,Femenino,45166.34462,1.591660606,Esmeraldas,Master,4
2951,30,Femenino,71257.44001,1.792010121,Esmeraldas,bachiller,3
2952,39,Femenino,54259.09141,1.871049838,Santo Domingo,Master,2
2953,36,Masculino,76885.08805,1.728875107,Quito,sin  educacion,3
2954,51,Femenino,36993.98847,1.709252497,Manta,Master,3
2955,31,Masculino,66759.99282,,Manta,bachiller,4
2956,78,Masculino,56531.51143,1.838116843,Quito,Secundaria,4
2957,21,Masculino,49430.35053,1.554793397,Sto. Domingo,bachiller,3
2958,65,Masculino,71570.16869,1.862793397,Esmeraldas,bachiller,0
2959,70,Femenino,57775.17116,1.661950685,Santo Domingo,Master,3
2960,-2,Femenino,66990.19197,1.808397951,Santo Domingo,,2.801954058
2961,63,Femenino,78985.67881,1.593236829,Esmeraldas,mre,1
2962,44,Femenino,71872.43466,1.803350198,Guayaquil,Secundaria,1
2963,46,Masculino,43794.43297,1.556630488,Manta,mre,1
2964,64,Masculino,51873.80617,1.812131302,Quito,Secundaria,2
2965,45,Masculino,66889.3702,1.764334633,Manta,bachiller ,0
2966,52,Masculino,71908.15352,1.542795711,Manta,bachiller,2
2967,25,Femenino,54135.65586,1.827541377,Santo Domingo,Master,31
2968,33,Masculino,62967.80219,1.602402129,,phd,1
2969,59,Femenino,62873.8066,1.81429156,Guayaquil,bachiller,0
2970,53,Masculino,64963.48778,1.714447829,Guayaquil,PhD,0
2971,116,Masculino,42315.78944,1.575372901,Esmeraldas,phd,3
2972,35,Masculino,38774.51804,1.598678068,,Ph.D,2
2973,19,Masculino,26111.4448,2.090279872,Esmeraldas,master,0
2974,66,Femenino,61583.41643,1.930734702,Esmeraldas,Secundaria,4
2975,30,Femenino,39537.14659,1.678932181,Quito,bachiller ,2
2976,21,Femenino,92050.88454,1.742463829,Quito,PhD,0
2977,43,Femenino,69811.74082,1.820303387,Manta,,4
2978,42,Masculino,42271.99591,1.570812286,Santo Domingo,Master,4
2979,47,Masculino,77026.96116,1.768993618,Guayaquil,bachiller ,4
2980,179,Femenino,,1.798716819,Quito,Secundaria,1
2981,24,Femenino,78280.86232,1.736184474,Manta,mre,3
2982,48,F,47878.92457,,Esmeraldas,bachiller,3
2983,,Masculino,70740.81502,1.715264396,Quito,bachiller,0
2984,27,Femenino,78535.00929,1.810529688,Esmeraldas,mre,0
2985,56,Femenino,83562.85725,1.723630029,Esmeraldas,Ph.D,3
2986,30,Femenino,37143.85748,1.546630239,Quito,bachiller ,
2987,48,Masculino,56735.4884,1.793896183,Manta,bachillers,0
2988,24,Femenino,47339.86223,1.830194686,Guayaquil,phd,1
2989,73,Femenino,87961.86398,1.684879742,Manta,Secundaria,1
2990,66,Femenino,67365.86001,1.566090725,Sto. Domingo,bachiller ,3
2991,129,M,73368.71707,1.786807456,Esmeraldas ,Secundaria,0
2992,78,Femenino,67145.33034,1.731647682,Guayaquil,phd,0
2993,59,Masculino,65629.28377,1.729701261,Santo Domingo,bachillers,4
2994,73,Femenino,47050.67819,1.718901947,,phd,0
2995,53,Masculino,53302.35866,1.80077104,Santo Domingo,bachiller,3
2996,37,Femenino,61072.73047,1.728793627,Quito,bachiller ,0
2997,21,,50271.21434,1.652507917,Esmeraldas,bachillers,0
2998,71,Femenino,47502.42315,1.538473932,Manta,Ph.D,1
2999,24,Masculino,56914.84091,1.65384735,Guayaquil,bachiller ,3
3000,71,Masculino,50922.83987,1.790955883,,Secundaria,2
3001,18,Masculino,60747.25635,1.666523846,Quito,,3
3002,61,Femenino,53356.94378,1.790784934,,Master,3
3003,73,Femenino,49727.12011,1.55857518,Santo Domingo,,2
3004,62,Masculino,46085.6376,1.598833983,Guayaquil,Secundaria,2
3005,59,Masculino,634427.8422,1.593029892,Guayaquil,bachiller ,1
3006,64, femenino,73324.47411,1.713537567,Santo Domingo,PhD,4
3007,76,Masculino,69763.07331,1.879201336,Manta,Ph.D,3
3008,30,Femenino,-11240.16338,1.924430029,Guayaquil,bachillers,3
3009,72,Masculino,72896.26142,1.805753854,Santo Domingo,Secundaria,3
3010,39,Masculino,69657.13548,1.504208949,Quito,mre,3
3011,71,Masculino,73309.1011,1.624791897,Guayaquil,Secundaria,1
3012,38,Femenino,76254.18495,1.396114917,Guayaquil,Secundaria,3
3013,39,Femenino,49085.19264,1.716520276,Manta,PhD,
3014,45,Masculino,55502.9585,1.862488108,Manta,bachiller,2
3015,26,Femenino,86856.95271,1.781550734,Quito,phd,0
3016,43,Femenino,85965.60572,1.523453249,Manta,mre,1
3017,26,F,58851.1716,1.838872245,Quito,,0
3018,32,Femenino,69046.67137,1.820427957,Guayaquil,PhD,
3019,27,,70358.99807,1.854312818,Santo Domingo,bachillers,1
3020,41,Femenino,86364.66948,1.810910851,Manta,,1
3021,75,Femenino,65179.20585,1.647386416,Quito,Secundaria,4
3022,74,Masculino,41815.69652,1.514508538,Manta,Secundaria,4
3023,78,Femenino,52859.91107,1.81709262,Manta,PhD,0
3024,59,Femenino,107003.0499,1.777659947,Esmeraldas,Master,0
3025,25,Femenino,41120.68114,1.502806879,Guayaquil,sin  educacion,2
3026,41,Masculino,60754.18682,1.603570174,Manta,,2
3027,33,Masculino,94703.0016,1.606379229,Santo Domingo,phd,2
3028,66,Femenino,48003.85137,1.772747118,,mre,1
3029,43,Femenino,19096.50748,1.698449973,Quito,Secundaria,3
3030,44,Masculino,,1.673631804,Quito,mre,0
3031,54,Masculino,48086.79054,1.658052084,Santo Domingo,Secundaria,2
3032,21,M,33555.97871,1.58743324,Santo Domingo,Secundaria,1
3033,153,Femenino,-22674.49784,1.796538188,Guayaquil,bachillers,4
3034,41,Femenino,64022.1616,1.627311045,Santo Domingo,,3
3035,36,Masculino,27992.44068,1.816237622,Quito,Secundaria,4
3036,53,Femenino,36069.73662,1.56069618,Guayaquil,Secundaria,4
3037,77,Femenino,78602.1074,1.650802835,Santo Domingo,bachillers,3
3038,56,Femenino,62897.38584,1.896483326,Santo Domingo,Secundaria,1
3039,27,Femenino,81504.47017,1.723462231,Quito,Secundaria,
3040,42,Femenino,76785.16153,1.650945314,Guayaquil,Secundaria,1
3041,35,Femenino,42742.18944,1.637191341,,Master,-5
3042,36,Femenino,73229.52099,1.613060595,Esmeraldas,PhD,-4
3043,53,Masculino,68442.76599,1.745369697,Guayaquil,Secundaria,3
3044,27,Masculino,30574.18569,1.789859645,Santo Domingo,bachiller,0
3045,50,Masculino,39570.32506,1.725129724,Santo Domingo,Secundaria,3
3046,72,M,96565.05733,1.694078251,Sto. Domingo,Secundaria,4
3047,,Masculino,46085.39643,1.760156871,Esmeraldas,bachiller ,4
3048,22,Masculino,66172.81674,1.55954419,Manta,bachiller ,2
3049,64,Masculino,57140.23878,1.737808207,Quito,Secundaria,2
3050,153,Masculino,62755.85928,1.743465435,Guayaquil,,3
3051,52,Masculino,58132.52898,1.726735303,,bachiller ,0
3052,61,Femenino,74477.80939,1.644477052,Quito,,3
3053,51, femenino,74084.86267,,Manta,Master,0
3054,50,Masculino,61768.86851,1.569917119,Manta,Secundaria,1.138193382
3055,72,Femenino,46432.90435,1.847058157,Quito,master,4
3056,38,Femenino,51468.16739,1.694432269,Manta,mre,1
3057,34,M,36361.20455,1.657620372,Esmeraldas,phd,3
3058,39,Masculino,54983.56047,1.647877012,Guayaquil,Secundaria,0
3059,65,Masculino,33503.62199,1.604350716,Esmeraldas,,0
3060,54,Femenino,63282.708,1.646429607,Esmeraldas,mre,1
3061,32,,64439.97343,1.821122967,Quito,bachillers,2
3062,121,Masculino,75078.77942,1.758171127,,bachiller,2
3063,45,Femenino,41698.7131,1.782849341,Quito,Secundaria,1
3064,24,Femenino,,1.795928641,Manta,phd,2
3065,49,Femenino,,1.919983013,Manta,Ph.D,0
3066,28,Masculino,39469.04306,1.702772018,Guayaquil,Secundaria,3
3067,27,Femenino,90768.24329,1.657201207,,sin  educacion,2
3068,26,Femenino,46141.54325,1.743717727,Guayaquil,PhD,0
3069,168,Femenino,46246.37556,1.764867661,Esmeraldas,Secundaria,3
3070,30,Femenino,72642.14769,1.696595417,Guayaquil,Secundaria,0
3071,78,Femenino,1879348.735,1.610603581,Guayaquil,bachillers,4
3072,74,Femenino,84623.05222,1.718599678,Quito,Master,3
3073,79,Femenino,31630.43772,1.754449033,Manta,bachillers,4
3074,42,M,68004.53142,1.734738817,Santo Domingo,PhD,2
3075,19,Masculino,59310.39669,1.51623607,Santo Domingo,mre,2
3076,52,Femenino,43849.07918,1.54099105,Quito,bachiller,0
3077,24,Masculino,88222.0934,1.771678428,,phd,1
3078,38,Femenino,63530.24698,1.662768917,Esmeraldas,Ph.D,0
3079,35,Femenino,59057.26339,1.922457258,Esmeraldas,mre,4
3080,20,Femenino,66810.09338,1.834116073,Guayaquil,bachiller ,3
3081,59,masculino ,34074.68599,1.573187005,Manta,bachillers,1
3082,71,Femenino,41270.90962,1.802651528,Esmeraldas,PhD,0
3083,78,Femenino,55010.68265,1.860057687,Santo Domingo,,4
3084,56,Masculino,64746.02521,1.655472637,Guayaquil,sin  educacion,4
3085,58,Masculino,79119.51555,1.691382238,Esmeraldas,master,2
3086,66,Femenino,46726.18156,1.645196295,Esmeraldas ,bachiller ,0
3087,-5,Masculino,43300.63021,1.587734356,Manta,Secundaria,0
3088,56,Masculino,67521.3955,1.857697795,Manta,Master,4
3089,41,Femenino,57961.52984,1.441002617,Guayaquil,Ph.D,0
3090,77,Femenino,31180.88403,1.632541883,,Secundaria,2
3091,63,Femenino,46224.3679,1.657754066,Quito,bachillers,1
3092,36,Masculino,57273.4802,1.715718796,Guayaquil,PhD,4
3093,21,Masculino,57686.94735,1.576030375,Manta,bachiller ,2
3094,-20,M,61347.87409,1.835493439,Manta,sin  educacion,2
3095,55,Femenino,40495.2066,1.51641003,Quito,,3
3096,59,Masculino,58034.77882,1.51787275,Santo Domingo,,1
3097,49,Masculino,74206.17565,1.705805311,Santo Domingo,bachiller,2
3098,56,Femenino,16685.48549,1.571304692,Quito,bachillers,3
3099,62,Femenino,55764.15013,1.720775795,Guayaquil,PhD,3
3100,63,Femenino,,1.62599063,Guayaquil,bachillers,0
3101,53,Masculino,59516.52467,1.780739552,Santo Domingo,,2
3102,57,Femenino,37428.22662,1.607213139,Esmeraldas,sin  educacion,4
3103,54,Masculino,62011.11802,1.844455077,Santo Domingo,PhD,45
3104,50,Masculino,84399.54576,1.762940751,Santo Domingo,Secundaria,1
3105,53,Femenino,45308.11317,1.624190471,Santo Domingo,Secundaria,-4
3106,20,Femenino,47483.38598,1.76242464,Manta,Secundaria,4
3107,26,Femenino,52952.22976,1.714601594,Esmeraldas,bachillers,1.587639412
3108,25,Femenino,64780.2323,1.778551053,Santo Domingo,master,1.550924011
3109,50,Femenino,44714.30593,1.759944366,Guayaquil,master,3
3110,76,Masculino,54296.83267,1.735928686,Esmeraldas,phd,3
3111,-6,Masculino,49957.64632,1.706465205,Quito,Secundaria,2
3112,58,M,53002.08758,1.790447399,Guayaquil,bachiller ,2
3113,56,Femenino,64956.16984,1.817059659,Quito,phd,2
3114,21,M,68265.95744,1.7136567,Santo Domingo,bachiller,3
3115,30,Femenino,37847.9903,1.760614857,Manta,sin  educacion,4.002857819
3116,66,Femenino,64897.62146,1.793725821,Santo Domingo,Secundaria,2
3117,77,Masculino,107186.4238,1.860692703,Santo Domingo,bachillers,4
3118,19,Masculino,83163.37639,1.843212345,Quito,Secundaria,3
3119,77,F,50372.13571,1.802985685,Santo Domingo,Secundaria,2
3120,22, femenino,61978.55293,1.658587756,Guayaquil,bachillers,3
3121,61,Femenino,59496.32601,1.568712568,Esmeraldas ,Secundaria,1
3122,44,Masculino,66891.82078,1.755929709,,PhD,0
3123,49,Masculino,53666.78123,1.755172702,Esmeraldas,phd,4
3124,38,Masculino,55962.75246,1.660305781,Santo Domingo,Ph.D,4
3125,25,Masculino,49037.64074,1.566575195,Quito,Secundaria,3
3126,55,Masculino,76431.57868,1.865579351,Santo Domingo,bachiller,2
3127,25,Femenino,64664.56821,1.742559392,Santo Domingo,,3
3128,67,M,64778.34073,1.579175395,,Secundaria,0
3129,20, femenino,78275.68719,1.687302051,Guayaquil,PhD,4
3130,71,Masculino,78497.59792,1.565631516,Esmeraldas,bachiller ,4
3131,61,Femenino,75667.47049,1.768178423,Santo Domingo,master,0
3132,78,Femenino,78047.46123,1.885008148,Guayaquil,Master,3
3133,75,Femenino,83440.02135,1.681397698,Santo Domingo,bachillers,4
3134,20,Femenino,45500.71289,1.690751425,Santo Domingo,bachiller ,2
3135,39,Femenino,55519.82905,1.672371316,Guayaquil,Ph.D,3
3136,23,Masculino,70634.22499,1.677560348,,bachiller,2
3137,19,Masculino,,1.622407468,Esmeraldas,bachillers,1
3138,40,Masculino,54551.18393,1.838204286,Quito,Secundaria,0
3139,61,Femenino,62916.25832,1.7195028,Esmeraldas ,Secundaria,4
3140,19,Femenino,56547.96698,1.706338291,Manta,Master,0
3141,55,Masculino,60990.28124,1.677394644,Santo Domingo,PhD,0
3142,34,Femenino,42819.12417,1.572710355,Quito,phd,2
3143,52,Femenino,59433.67938,1.793838216,Esmeraldas,bachillers,4
3144,51,Femenino,,1.842295868,Esmeraldas,Ph.D,1
3145,40,Masculino,84225.06551,1.513853216,Manta,master,-5
3146,47,Masculino,55970.55839,,Esmeraldas,Secundaria,2
3147,69,Femenino,50246.04344,1.786245075,Quito,master,2
3148,25,M,70694.16089,1.828420519,Manta,Master,4
3149,39,F,12378.76593,1.820546522,Guayaquil,bachiller ,
3150,61,Femenino,55239.77317,1.963580265,Manta,Secundaria,3
3151,,Masculino,52294.29807,1.740026062,Guayaquil,bachiller ,28
3152,53,M,-23770.79419,1.799267819,Esmeraldas,master,2
3153,22,,78693.39382,1.701243225,Quito,mre,3
3154,30,Masculino,83269.21798,1.619716516,Santo Domingo,,0
3155,46,Masculino,63704.21529,1.770827344,Manta,PhD,1
3156,48,Femenino,36724.74433,1.7993794,Esmeraldas,phd,0
3157,64,Masculino,52287.2009,1.734178497,,phd,3
3158,74,Masculino,53931.74813,1.533975477,Santo Domingo,mre,2
3159,72,Femenino,65508.23139,1.555104348,Manta,,3
3160,33,F,60843.6981,1.7767295,Quito,,1
3161,59,,49675.52808,1.663426288,Esmeraldas,mre,1
3162,79,Masculino,41225.27337,1.735609329,Manta,,0
3163,47,Femenino,46971.34651,1.748269122,Manta,Secundaria,0
3164,74,Masculino,46419.79675,1.688558306,Guayaquil,bachillers,1
3165,72,Masculino,84323.6549,1.674391575,Guayaquil,phd,0
3166,33,F,48455.12091,1.686973304,Manta,,4
3167,29,Masculino,60902.04084,1.759149024,Quito,Secundaria,1
3168,34,Masculino,74526.62113,1.747999795,Esmeraldas,bachiller,0
3169,33,F,62923.4743,1.62010254,Santo Domingo,bachillers,3
3170,29,Masculino,43709.96039,1.698516398,Guayaquil,Secundaria,2
3171,25,Femenino,74776.27542,1.593929311,Esmeraldas,mre,4
3172,37,Masculino,65312.8068,1.751435575,,Master,4
3173,20,Femenino,27217.68396,1.653445778,Guayaquil,phd,2
3174,-16,Masculino,78685.82154,1.771977213,Esmeraldas,phd,2
3175,47,Masculino,73100.69555,1.675957081,Esmeraldas,Secundaria,3
3176,62,Femenino,65077.5073,1.814400603,Manta,Secundaria,2
3177,-16,Masculino,84521.45229,1.833305978,Guayaquil,sin  educacion,4
3178,45, femenino,72757.01555,1.744420134,Santo Domingo,master,3
3179,68,Masculino,,1.663275672,,Secundaria,2
3180,57,Masculino,75546.02386,1.606270281,Guayaquil,Secundaria,3
3181,71,M,71355.65986,1.796163209,Santo Domingo,bachiller,3
3182,22, femenino,33136.75731,1.693380659,Sto. Domingo,bachiller,0
3183,37,Femenino,34927.99113,1.704815001,Santo Domingo,,2
3184,57,Femenino,72762.60724,1.661159671,Manta,bachillers,0
3185,,Femenino,78474.76109,1.561720645,Santo Domingo,bachillers,4
3186,187,Masculino,49422.39904,1.807448302,Guayaquil,Secundaria,-4
3187,18,Masculino,43293.55734,1.691528551,Manta,PhD,4
3188,74,Masculino,63939.75205,1.513775033,Esmeraldas,Secundaria,3
3189,47,Femenino,38219.17865,1.68619714,Manta,bachillers,2
3190,38,Masculino,57466.53234,1.564530613,Sto. Domingo,Secundaria,1
3191,37,Femenino,54673.4029,1.759037862,Guayaquil,master,2
3192,23,Masculino,56633.14945,1.745300324,Manta,Secundaria,3
3193,39,Masculino,88266.46527,1.850825464,Santo Domingo,,
3194,35,Masculino,50490.12812,1.552341565,Guayaquil,PhD,1
3195,25,Femenino,60801.13041,1.843720814,Manta,bachillers,
3196,56,Masculino,40317.65697,1.751933475,Esmeraldas,bachiller ,4
3197,49,Femenino,74105.61055,1.563308683,Esmeraldas,sin  educacion,2
3198,50,Masculino,57306.21714,1.882701751,Guayaquil,Secundaria,3
3199,70,Masculino,77674.62368,1.687554083,Esmeraldas,bachillers,4
3200,33,Femenino,23143.3933,1.580876527,Santo Domingo,master,3
3201,29,Masculino,59128.03528,1.803958308,Manta,bachiller ,4
3202,55,Masculino,61981.91303,1.591109357,Quito,mre,2.278676697
3203,69,Masculino,73672.84917,1.81562211,Manta,Secundaria,4
3204,51,Masculino,-44364.54878,1.680804353,Manta,Secundaria,0
3205,78,Femenino,71802.37222,1.665077695,,master,3
3206,31,,52088.46728,1.569835886,Esmeraldas,bachillers,2
3207,53,Masculino,61406.35768,1.595640933,Esmeraldas,Secundaria,3
3208,50,Masculino,73829.27336,1.716046527,,bachillers,2
3209,40,Femenino,46053.45721,1.536079933,Esmeraldas,Secundaria,0
3210,,Masculino,71108.77006,1.76892253,Santo Domingo,Ph.D,2
3211,62,Femenino,65023.53858,1.647518614,Santo Domingo,Ph.D,3
3212,19,Masculino,54994.88804,1.660361102,Esmeraldas ,PhD,3
3213,58,Femenino,49976.90107,1.758316487,Manta,Master,3
3214,38,Femenino,28487.56698,1.679592733,Santo Domingo,bachiller,4
3215,,Femenino,58796.01065,1.823057626,Guayaquil,phd,3
3216,44,Femenino,55019.97491,1.494964476,Esmeraldas,mre,4
3217,74,Masculino,69586.97638,1.780045227,Manta,Ph.D,1
3218,26,Masculino,68069.96949,1.702408894,Santo Domingo,Secundaria,0
3219,18,Femenino,,1.634211854,Quito,PhD,1
3220,28,Femenino,76600.93926,1.794899113,Santo Domingo,bachiller ,1
3221,20,Femenino,107333.0682,1.758682377,Guayaquil,bachillers,4
3222,69,Femenino,67704.89953,1.722833926,Santo Domingo,mre,4
3223,79,Masculino,47092.94116,1.674692028,Manta,bachiller,0
3224,40,masculino ,72392.89484,1.629453399,Sto. Domingo,PhD,2.813210735
3225,43,Femenino,84088.56085,1.592105794,,Secundaria,0
3226,21,Femenino,67123.45987,1.836593517,Guayaquil,Secundaria,4.575375744
3227,35,Femenino,28135.63417,1.782673585,Manta,master,3
3228,72,masculino ,68330.40306,1.75686537,Guayaquil,Secundaria,0
3229,23,Femenino,50551.92229,1.657300267,Guayaquil,,4
3230,52,Femenino,40171.1118,1.903389292,Guayaquil,Master,1
3231,39,Masculino,62800.3016,1.630555199,Santo Domingo,mre,0
3232,60,Femenino,-7722.938432,1.662192817,Esmeraldas,bachiller,0
3233,32,Femenino,75347.20656,1.881295429,Santo Domingo,Ph.D,1
3234,-5,Femenino,70963.18751,1.694759107,Manta,bachiller,2
3235,,Masculino,58699.9659,1.873810971,Guayaquil,Secundaria,0
3236,54,Masculino,51748.82652,1.737859521,Guayaquil,bachillers,0
3237,69,Masculino,57238.51068,1.648522201,Esmeraldas,,3
3238,59,Femenino,44836.27129,1.680419087,Quito,bachiller ,1
3239,29,Femenino,58844.33562,1.628319448,Guayaquil,bachillers,0
3240,64,Femenino,17333.11384,1.769333289,,Secundaria,0
3241,66,Masculino,61330.64945,1.822288907,Guayaquil,PhD,2
3242,59,Femenino,61713.29912,1.74673254,Manta,mre,1.165602249
3243,55,Masculino,72677.24502,1.728362967,Esmeraldas,bachillers,0
3244,35,Masculino,64497.17364,1.596076541,Quito,Secundaria,2
3245,62,Masculino,74660.02143,1.80933925,Manta,Secundaria,0
3246,52,Masculino,68205.46664,1.783989689,Santo Domingo,mre,4
3247,47,Masculino,75547.86406,1.727809216,Manta,Secundaria,2
3248,41,Femenino,99321.37596,1.669862725,,PhD,4
3249,59,Femenino,66300.25713,1.704390487,Esmeraldas,Secundaria,0
3250,47,Masculino,62760.36217,1.609010724,Guayaquil,bachillers,2
3251,31, femenino,77805.73382,1.552568212,Esmeraldas,PhD,1
3252,23,Femenino,52976.52746,1.670015276,Santo Domingo,phd,3
3253,20,,58212.18351,1.613997562,Manta,,0
3254,33,masculino ,66314.91927,1.649236425,,master,2
3255,24,F,61086.22557,1.651204881,Manta,mre,4
3256,69,Femenino,61018.70161,1.69219745,,Master,2
3257,31,Femenino,73496.68805,1.685630488,Guayaquil,bachillers,1
3258,-13,Femenino,34559.17741,1.394684664,Esmeraldas,sin  educacion,2
3259,32,Masculino,90501.88618,1.734789755,Esmeraldas,master,4
3260,38,Femenino,67288.50027,1.713149654,Quito,,0
3261,52,Masculino,53996.08005,1.796114766,Santo Domingo,Ph.D,4
3262,-15,Masculino,84420.79363,1.67861899,Guayaquil,Master,1.879618229
3263,44,Femenino,61553.01076,1.808443358,Guayaquil,phd,4
3264,19,Femenino,61948.47806,1.684696924,,,3
3265,52,Femenino,56779.45076,1.734007859,Esmeraldas,Secundaria,0
3266,35,Masculino,82015.40496,1.608286506,Esmeraldas,Ph.D,3
3267,31,Masculino,59859.73531,1.813608024,Esmeraldas,Secundaria,2
3268,37,Masculino,51623.76051,1.829999761,Guayaquil,,0
3269,35,Masculino,74981.59453,1.888331569,Quito,phd,0
3270,27,Femenino,77744.33064,1.645755857,Manta,,2
3271,42,Masculino,84099.12471,1.752968564,Esmeraldas,mre,2
3272,19,F,69503.98563,1.55602016,Quito,mre,4
3273,42,Femenino,77193.99743,1.511276617,Santo Domingo,mre,0
3274,78,Masculino,56111.20211,1.756343562,Guayaquil,bachillers,1
3275,71,Masculino,75386.9913,1.688715985,Santo Domingo,master,4
3276,50,Femenino,71137.83909,,Guayaquil,Secundaria,0
3277,53,F,67956.90403,1.71791306,Manta,bachillers,2
3278,48,Masculino,36643.12859,1.793364085,Santo Domingo,,2
3279,31,,,1.706309879,Manta,,1
3280,18, femenino,59314.2749,1.82284774,Manta,master,0
3281,63,masculino ,67973.94041,1.633924391,Manta,phd,3
3282,33,Masculino,,1.808274367,Santo Domingo,bachiller ,4
3283,71,Femenino,72888.65875,1.661622922,Santo Domingo,phd,2.406827663
3284,63,Masculino,47849.79959,1.82301656,Santo Domingo,Secundaria,3
3285,78,Femenino,52796.3472,1.572880915,Esmeraldas,master,2
3286,69,Femenino,80847.95554,1.723073546,Manta,bachiller,2
3287,20,Femenino,52136.69679,1.722861989,Esmeraldas,PhD,3
3288,52,Masculino,75280.56746,1.747711591,Esmeraldas ,mre,3
3289,58,Masculino,61758.33135,1.66485801,Santo Domingo,Secundaria,1
3290,23,Masculino,57504.16591,1.743167653,Quito,master,0
3291,42,Femenino,52364.01915,1.680171251,Guayaquil,PhD,2
3292,30,Masculino,14303.63219,1.64734173,Manta,Secundaria,4
3293,70,Masculino,68096.26686,1.841409274,Guayaquil,,2
3294,51,,44218.05355,1.707803254,Esmeraldas,,0
3295,25,Masculino,38724.486,1.548616864,Santo Domingo,Master,3
3296,38,Femenino,63716.62053,1.632696995,Santo Domingo,bachiller ,1
3297,51,Femenino,75443.14317,1.845148729,,mre,1.334283757
3298,21,Masculino,34547.87868,1.609139285,Guayaquil,bachiller ,1
3299,42,F,75050.93261,1.754084487,Guayaquil,Secundaria,3
3300,32,Masculino,46451.91115,1.630545798,Quito,bachiller ,0
3301,21,M,69733.96584,1.556179534,Quito,Master,2
3302,62,Masculino,68684.23806,1.748045489,Manta,PhD,0
3303,77,Femenino,56900.34827,1.667141409,Manta,phd,1.11323703
3304,29,Femenino,60448.09402,1.858852843,Manta,phd,0
3305,49,Masculino,781710.732,1.812554389,Santo Domingo,bachiller ,3
3306,49,Masculino,63953.05885,1.826525792,Manta,Ph.D,2.29623572
3307,45,Masculino,63820.5914,1.806608673,,Ph.D,4
3308,30,Femenino,,1.76895123,Guayaquil,Master,0
3309,48,Femenino,39632.52115,1.563419576,Santo Domingo,Secundaria,3
3310,31,masculino ,75125.31275,1.676604563,Quito,bachillers,3
3311,37,M,63060.16021,1.767087411,Guayaquil,sin  educacion,3
3312,35,Masculino,73047.54424,1.670959456,,mre,
3313,46,Masculino,49943.94331,1.697000169,Quito,bachillers,1
3314,77,Femenino,47633.42343,1.772461171,Quito,Master,2
3315,23,,44822.44608,1.805605702,Quito,Secundaria,1
3316,49,M,57288.63633,1.607740737,Guayaquil,PhD,3
3317,46,Femenino,63486.69431,1.767004101,Santo Domingo,bachillers,0
3318,60,Masculino,51842.62699,1.756496122,Guayaquil,bachillers,1
3319,79,Masculino,-8287.260604,1.601113143,Esmeraldas,PhD,4
3320,19,Masculino,50367.78311,1.659351673,Manta,mre,2
3321,77,Femenino,63731.94203,1.714968516,,Secundaria,0
3322,40,Masculino,46754.35367,1.838994829,Santo Domingo,bachillers,1
3323,36,Femenino,49903.20004,,Manta,bachiller,2
3324,48,Femenino,58704.93614,1.741765496,Esmeraldas,Secundaria,1
3325,68,Femenino,47510.45909,1.816876646,Quito,bachiller ,
3326,22,Masculino,61341.23172,1.885468078,Guayaquil,Secundaria,3
3327,36,Femenino,,1.722682784,Quito,PhD,4
3328,51,Femenino,,1.488033438,,Secundaria,3
3329,,Femenino,43801.45586,1.792341526,Guayaquil,Secundaria,2
3330,42,masculino ,62517.63458,1.72110705,Esmeraldas,master,1
3331,19,Femenino,59070.77812,1.615508425,Esmeraldas,Secundaria,1
3332,79,Femenino,32277.28111,1.771106357,Manta,phd,4
3333,28,Femenino,43068.19355,1.886533138,Esmeraldas,bachiller ,4.471074579
3334,67,,67124.20929,1.720898926,Quito,Master,2
3335,78,Femenino,39710.14779,1.537818821,Esmeraldas,Secundaria,3
3336,48,Femenino,58898.69279,1.84440921,Esmeraldas,mre,2
3337,73,Femenino,28163.36255,1.702264444,Esmeraldas,Ph.D,4
3338,32,Femenino,58455.71448,1.771254863,Santo Domingo,PhD,1
3339,26,Masculino,29197.36633,1.70620123,Manta,bachillers,
3340,40,Masculino,50931.32186,1.745616863,Guayaquil,PhD,31
3341,36,Femenino,53433.91917,1.766568305,Guayaquil,phd,3
3342,26,Femenino,61845.38344,1.780694936,Santo Domingo,Secundaria,3
3343,-9,Femenino,56211.7332,1.714666189,Sto. Domingo,Ph.D,2
3344,38,Masculino,41461.49181,1.623942343,Guayaquil,phd,2
3345,26,Masculino,41741.77513,1.719368035,Quito,PhD,4
3346,45,,35788.37097,1.778853724,Guayaquil,bachiller,1
3347,79,Femenino,63097.28257,1.624639386,Guayaquil,Secundaria,-5
3348,63,M,62435.29797,1.589335148,Manta,Secundaria,2
3349,68,,70041.12322,1.83330278,Guayaquil,sin  educacion,4
3350,24,Femenino,52497.8752,3.59452718,,Ph.D,0
3351,33,Masculino,33984.84917,1.703837197,Esmeraldas,Master,3
3352,33,Femenino,55260.01059,1.760121985,Santo Domingo,mre,1
3353,77,Masculino,-7575.027154,1.737578113,Guayaquil,Ph.D,3
3354,50,Masculino,42528.76511,1.482006155,Guayaquil,Secundaria,1
3355,21,Femenino,43952.40456,1.720672685,Quito,Ph.D,0
3356,21,,66763.84629,1.846597299,Guayaquil,Master,1
3357,56,Masculino,61509.32319,1.582562498,,bachillers,0
3358,57,Masculino,76993.04136,1.573416241,Quito,master,1
3359,34,Masculino,,1.626965119,Guayaquil,Secundaria,2
3360,54,Femenino,37457.87046,1.652586444,Manta,bachiller ,3
3361,56,Femenino,53716.98517,1.766714257,,mre,4
3362,77,Masculino,61854.51701,1.83206404,Guayaquil,phd,4.32672267
3363,69,Femenino,65453.60099,1.829718072,Santo Domingo,sin  educacion,1
3364,153,Masculino,75238.21776,1.765394727,Guayaquil,bachiller ,
3365,190,Femenino,70929.37447,1.540891351,Quito,,3
3366,53,Femenino,,1.540481956,Quito,,2
3367,77,Femenino,60920.4031,1.773418023,Manta,Secundaria,2
3368,55,Femenino,50572.4438,1.5413013,Esmeraldas,bachiller,0
3369,56,Femenino,,1.755535493,Manta,PhD,4
3370,67,Masculino,62299.87769,1.72774967,Guayaquil,bachiller,3
3371,54,Femenino,,1.653653911,Santo Domingo,Secundaria,4
3372,69,,43916.71027,1.44536178,Santo Domingo,phd,3
3373,79,Masculino,62392.02622,1.720178178,Guayaquil,Ph.D,0
3374,78,Femenino,75067.3504,1.751185679,Esmeraldas,Secundaria,4
3375,52,Masculino,52493.01907,1.644389324,Esmeraldas,bachiller ,2
3376,24,Femenino,57999.30677,,Esmeraldas,PhD,0
3377,44,Masculino,63737.34662,1.729333526,Guayaquil,Ph.D,4
3378,45,Masculino,67082.62154,1.554773365,Quito,Secundaria,2
3379,39,Femenino,56102.47326,1.761686044,Quito,Ph.D,2
3380,31,Femenino,54095.86202,1.805584291,Guayaquil,,3
3381,24,Femenino,52338.56971,1.503986106,,PhD,2
3382,54,masculino ,43401.05414,1.647186322,Esmeraldas,Master,1
3383,78,Masculino,48447.32944,1.695123138,,PhD,4
3384,39,Femenino,48043.99862,1.698060008,Guayaquil,master,-5
3385,22,Masculino,36867.34373,1.612100699,Quito,bachiller ,3
3386,79,Masculino,74894.17005,1.566373793,Quito,,2
3387,72,Masculino,65393.51607,1.653986011,Quito,PhD,3
3388,19,Masculino,62133.40675,1.764411812,Quito,Ph.D,1
3389,79,Masculino,79568.21977,1.757047804,Guayaquil,Secundaria,3
3390,44,Masculino,70767.71074,1.758270184,Manta,Secundaria,4
3391,38,Femenino,48155.76515,1.825098983,Quito,Ph.D,3
3392,71,Masculino,77600.86592,1.595265939,Manta,phd,4
3393,55,Masculino,,1.66220235,Guayaquil,sin  educacion,0
3394,-17,Masculino,,1.681516312,Sto. Domingo,PhD,1
3395,38,Femenino,-48619.58552,1.411751876,Manta,bachiller,3.478327402
3396,27,Femenino,52991.25642,1.722424198,Guayaquil,phd,4
3397,40,Masculino,74957.22358,1.697033343,Santo Domingo,mre,0
3398,75,Femenino,54930.79849,1.586364495,Quito,Secundaria,2
3399,73,Masculino,52000.00916,1.787129291,Guayaquil,master,-5
3400,56,Femenino,-37987.86062,1.78081037,Esmeraldas,master,2
3401,22,Masculino,45417.47691,1.739982883,Santo Domingo,bachillers,0
3402,18,Femenino,37794.65583,1.529117061,Esmeraldas,Master,1
3403,30,,22515.0381,1.602699129,Quito,Master,2.717916146
3404,38,Femenino,44179.905,1.730403549,Quito,Master,
3405,43,Masculino,99459.3492,1.646304409,Manta,Secundaria,1
3406,67,Masculino,67173.91333,,Quito,bachiller,2
3407,62,Masculino,87963.33913,1.589884772,Manta,mre,1
3408,38,Femenino,55226.99113,1.719190676,Santo Domingo,Master,4
3409,70,Femenino,52975.17724,1.850479058,Esmeraldas,bachiller,1
3410,35,F,85748.10986,1.732373866,Santo Domingo,Ph.D,1
3411,54,Femenino,65636.43643,1.797124544,Esmeraldas,mre,
3412,62,Masculino,45670.86752,1.7877613,Guayaquil,Secundaria,0
3413,49,Masculino,69493.76227,1.66418095,,,3
3414,53,Masculino,78763.26928,1.681443867,Guayaquil,Ph.D,0
3415,34,Masculino,38581.9135,1.847070297,Esmeraldas,Master,4
3416,52,Femenino,66969.87498,1.773253904,Manta,bachiller,4
3417,,Femenino,39574.12835,1.796087065,Santo Domingo,phd,1
3418,77,Femenino,77951.32986,1.716660335,Santo Domingo,Secundaria,0
3419,28,Masculino,63460.47648,1.660804372,Manta,Secundaria,3
3420,38,Femenino,69444.91738,1.672975104,Manta,bachillers,0
3421,69,,56738.34097,1.837728029,Quito,phd,
3422,72,Masculino,33275.96356,1.699918978,,bachiller ,1
3423,70,Masculino,53378.5176,1.824764909,Esmeraldas,Ph.D,4
3424,43,Masculino,73947.59286,1.840513557,Santo Domingo,phd,0
3425,79,Masculino,89904.43174,1.792060909,Manta,PhD,0
3426,21,Masculino,64234.35135,1.780364668,Manta,master,4
3427,51,masculino ,49704.71133,1.869690453,Guayaquil,Secundaria,4
3428,,Femenino,68035.54167,1.615438757,,Secundaria,2
3429,-5,Femenino,72598.42101,1.658771575,,Secundaria,2
3430,,Femenino,61991.30607,1.574064147,Manta,PhD,2
3431,35,Masculino,61068.21311,1.55025551,Santo Domingo,,4
3432,57,Masculino,63204.12387,1.69556846,Santo Domingo,master,2
3433,52,Femenino,,1.726857151,Guayaquil,Secundaria,0
3434,58,Femenino,64466.71445,1.750536018,Quito,Secundaria,4
3435,46,Femenino,87413.44878,1.630271807,Esmeraldas,master,0
3436,69,Femenino,29500.45402,1.658694847,Santo Domingo,Secundaria,4
3437,46,Femenino,56423.16458,1.784673907,Esmeraldas,bachiller ,2.355546169
3438,55,Femenino,46014.6881,1.553949293,Quito,bachiller,0
3439,59,Femenino,77712.04591,1.701267601,Guayaquil,mre,4
3440,38,Femenino,57886.76746,1.83059414,Quito,Secundaria,3
3441,59,Masculino,68395.57163,1.673439615,Manta,master,4
3442,30,Masculino,81409.60167,1.657883843,Quito,mre,1
3443,66,Masculino,43784.85592,1.8242834,Guayaquil,master,4
3444,,Masculino,52087.23543,1.558626635,Guayaquil,Secundaria,1
3445,34,Femenino,-29118.02014,1.619597146,Quito,mre,2
3446,73, femenino,43184.05828,1.623439423,,,
3447,26,Femenino,52593.29474,1.769421482,Manta,bachiller,1
3448,58,Masculino,1426842.749,1.539594332,Esmeraldas ,,3
3449,18,Femenino,80450.45025,1.823361701,Quito,mre,0
3450,19,Femenino,51281.30155,1.697338861,Guayaquil,Secundaria,
3451,77,Masculino,65267.40701,,Sto. Domingo,bachillers,4.757777743
3452,65,Masculino,70139.70486,1.824082507,Manta,Secundaria,1
3453,46,Femenino,47951.44694,1.621440062,Quito,,3
3454,50,Femenino,31439.99877,1.701833769,Guayaquil,Secundaria,1
3455,27,M,1455682.674,1.67719279,Esmeraldas,bachiller,2.82323415
3456,67,Masculino,56462.58355,1.69345547,Manta,bachiller ,-5
3457,149,,59092.44782,1.643040034,Santo Domingo,Master,2
3458,77,Femenino,59175.25512,1.811416565,Guayaquil,Secundaria,2
3459,57,Masculino,52518.40737,1.68139391,Manta,Secundaria,2
3460,38,Femenino,51936.94047,1.666586959,Esmeraldas,Ph.D,1
3461,45,F,64465.55293,1.812354674,Quito,bachiller,0
3462,28,Masculino,47642.13915,1.783617238,Esmeraldas,Secundaria,4
3463,72,Masculino,58570.14828,1.728754534,Quito,,0
3464,51,Masculino,51555.61903,1.660761242,Manta,Secundaria,4
3465,25,F,64434.07865,1.846461068,Manta,bachiller,3
3466,76,Femenino,76628.6442,1.594315075,Esmeraldas ,Master,2
3467,39, femenino,77240.6666,1.807238316,Esmeraldas,sin  educacion,2
3468,25,F,79339.36309,1.762645308,Quito,bachillers,4
3469,66,Femenino,54988.60837,1.573359684,Guayaquil,bachillers,3.238622308
3470,32,Femenino,56249.29512,1.707390518,Sto. Domingo,bachiller,0
3471,34,Masculino,40965.7153,1.567925572,Guayaquil,phd,1
3472,77,Femenino,54861.76458,1.665209856,Guayaquil,,2
3473,,Masculino,55397.43264,1.728015929,Guayaquil,mre,2
3474,41,Femenino,50742.78547,1.598569649,Manta,Secundaria,3
3475,62,Femenino,50673.10285,1.465222029,Manta,Ph.D,1
3476,36,Femenino,34534.52715,1.68722463,,phd,4
3477,22,Femenino,39871.31106,1.721455614,Guayaquil,phd,
3478,49,Femenino,,1.662302452,Manta,,
3479,61,Femenino,61231.09959,1.698461054,Quito,Master,4
3480,18,Femenino,67245.83804,1.682038525,Santo Domingo,master,4.090083754
3481,40,Masculino,56116.58295,1.598233262,Esmeraldas,,
3482,54,Masculino,60174.81357,1.894711802,Guayaquil,Secundaria,48
3483,25,Masculino,78757.64324,1.731698755,Manta,Secundaria,
3484,,Masculino,59206.48764,1.657417018,Guayaquil,Master,0
3485,25,Femenino,50518.96279,1.617521601,Guayaquil,bachiller,3
3486,74,Femenino,42135.78144,1.660243555,Guayaquil,Secundaria,3
3487,40,Femenino,71962.19795,1.663503982,Guayaquil,Secundaria,1
3488,60,Masculino,34449.86395,1.703815294,,,2
3489,18,Masculino,47423.7207,1.814620623,Esmeraldas,master,4.884029801
3490,62,masculino ,66278.68999,1.619543015,Esmeraldas,,0
3491,68,Femenino,31401.70235,1.717772406,Manta,bachiller ,3
3492,41,Masculino,50784.67818,1.779963767,Quito,Ph.D,0
3493,52,Femenino,61937.51259,1.632615255,Quito,Ph.D,0
3494,41,Masculino,54249.93519,1.632040423,Esmeraldas,Master,4
3495,34,Femenino,45259.66609,1.549089509,Manta,phd,3
3496,22,Masculino,1586293.863,1.868121094,Quito,,3
3497,37,Femenino,72254.7649,1.750792555,Manta,bachillers,0
3498,38,Masculino,1516484.957,1.642961935,Esmeraldas,PhD,3
3499,57,Masculino,62092.33022,1.638631463,Guayaquil,Ph.D,1
3500,75,Femenino,30175.7253,1.596861783,Quito,master,4
3501,48,Femenino,68521.53416,1.715710036,Manta,bachiller,1
3502,63,Masculino,54054.24728,1.665784937,Guayaquil,bachiller ,2
3503,53,Femenino,43568.65722,1.608261482,Esmeraldas,Ph.D,2
3504,28,Masculino,47995.90423,1.622826207,Santo Domingo,Secundaria,0
3505,-10,Femenino,48633.15228,1.772571763,Quito,Secundaria,2
3506,32,Masculino,38837.28596,1.661856532,Quito,Secundaria,1
3507,,Femenino,,1.577194549,Manta,Secundaria,2
3508,24,Masculino,87422.20199,1.706467933,Esmeraldas,Secundaria,0
3509,68,Masculino,43512.13363,1.631375792,Esmeraldas,phd,3
3510,45,Masculino,86960.20538,1.764607248,Quito,Secundaria,4
3511,68,Femenino,63121.75016,1.850694188,Quito,Ph.D,0
3512,60,F,58606.54067,1.506255203,Manta,master,0
3513,75,Femenino,55170.60127,1.629305921,Manta,phd,0
3514,22,Femenino,47907.83749,1.713851645,Santo Domingo,Secundaria,1
3515,22,Femenino,-37307.51158,1.692354726,Guayaquil,Ph.D,3
3516,47,Masculino,67829.68571,1.825185113,Manta,Secundaria,0
3517,71,Femenino,23622.85629,1.698069852,Guayaquil,mre,3
3518,49,Femenino,98145.57509,1.720434943,Guayaquil,Secundaria,0
3519,25,Femenino,32835.20451,1.743082977,Santo Domingo,bachiller ,1
3520,27,Masculino,52165.06796,1.631915671,,Master,0
3521,55,Femenino,21625.68211,1.7515197,Santo Domingo,phd,2
3522,64,Femenino,55981.36127,1.740557528,Esmeraldas,phd,1
3523,49,Femenino,53078.04186,1.710319444,Quito,Secundaria,0
3524,65,Femenino,52324.59948,1.50822364,Esmeraldas,bachillers,0
3525,45,Masculino,64565.00508,1.623899734,Esmeraldas,master,0
3526,,Masculino,56342.82416,1.718572441,Santo Domingo,phd,2
3527,,Femenino,68076.28199,1.690487833,Esmeraldas,Secundaria,2
3528,25,Femenino,41440.03881,1.774898375,Quito,,0
3529,57,Femenino,61160.74915,1.775697475,Quito,sin  educacion,2
3530,42,Femenino,50524.78575,1.734459103,Esmeraldas,Secundaria,0
3531,26,Masculino,54444.9083,1.775712814,Quito,Secundaria,2
3532,19,Masculino,64055.22974,1.750009406,Guayaquil,bachillers,3
3533,32,Masculino,52435.41403,1.647370025,Esmeraldas,PhD,0
3534,67,Masculino,58422.51399,1.699417389,Santo Domingo,Secundaria,-5
3535,20,Femenino,42686.31884,1.590114299,Santo Domingo,PhD,4
3536,66,Femenino,76432.68346,1.84933941,Quito,bachillers,4
3537,53,Masculino,70926.66049,1.574553251,Quito,bachiller ,1
3538,193,Masculino,61499.75335,1.491588779,Santo Domingo,Ph.D,3
3539,21,masculino ,56360.09972,1.912066468,Sto. Domingo,,3
3540,31,M,58434.42593,1.690714573,Santo Domingo,Secundaria,1
3541,58,Femenino,76110.35059,1.789475458,Esmeraldas,phd,4
3542,58,Femenino,69864.08353,1.773293924,Santo Domingo,Secundaria,1
3543,42,Femenino,76362.66495,1.804539821,Manta,phd,4
3544,75,Masculino,54871.63391,1.759113335,,Master,0
3545,72,Masculino,67250.98919,1.759738342,Guayaquil,Secundaria,1
3546,79,,77830.10973,1.465999362,Santo Domingo,Secundaria,2
3547,67,F,46107.81295,1.603638034,Manta,PhD,4
3548,27,Masculino,45164.35709,1.437215301,Esmeraldas,PhD,0
3549,111,Femenino,64128.06742,1.61800792,Santo Domingo,Secundaria,2
3550,53,Masculino,41475.8716,1.64669511,Esmeraldas,bachiller ,2
3551,29,Masculino,32762.625,1.688342115,Manta,Secundaria,3
3552,44,Masculino,77619.68595,1.605226717,Santo Domingo,,4
3553,57,Masculino,80233.47788,1.664757237,Santo Domingo,bachiller,0
3554,19,Femenino,42299.70669,1.64821082,Esmeraldas,,4
3555,71,Femenino,38520.19858,1.734541429,Santo Domingo,phd,0
3556,30,Masculino,50202.15448,1.775912554,Manta,PhD,2.031296111
3557,70,Femenino,78792.12528,1.721420761,Santo Domingo,,2
3558,49,Femenino,53838.92321,,Quito,Secundaria,3
3559,48,Femenino,61420.42527,3.236799345,Guayaquil,sin  educacion,1
3560,33,Femenino,64873.82612,1.818700267,Guayaquil,Secundaria,4
3561,49,Masculino,62607.71704,1.88641469,,bachiller,2
3562,49,Femenino,82411.06716,1.455374182,Manta,Secundaria,-3
3563,,Masculino,49201.63457,1.813320472,Guayaquil,bachillers,1
3564,51,Masculino,58466.89844,1.571039923,Guayaquil,phd,1
3565,28,Femenino,63486.38549,1.718579863,Manta,Secundaria,2
3566,27,Masculino,,1.726135523,Guayaquil,sin  educacion,0
3567,32,Femenino,41713.48189,1.760843613,Guayaquil,master,1
3568,34,M,37911.96725,1.694906456,Quito,mre,3
3569,57,Masculino,37597.84084,1.699511926,Santo Domingo,mre,0
3570,35,Femenino,70893.82125,1.734339643,Quito,bachiller ,2
3571,72,masculino ,47693.95514,1.665385817,Santo Domingo,Secundaria,1
3572,26,Masculino,67039.12356,1.510054475,Guayaquil,,2
3573,42,Femenino,61301.14557,1.699824635,Santo Domingo,phd,2
3574,57,Femenino,45377.14297,1.625117137,Quito,phd,1
3575,76,Femenino,45751.51396,1.616571632,Esmeraldas,PhD,
3576,31,Masculino,62010.19741,1.606843237,Esmeraldas,master,3
3577,77,Femenino,61165.27064,1.502874629,Santo Domingo,Master,3
3578,75,Masculino,67380.48354,1.660032854,Esmeraldas,Secundaria,4
3579,42,Masculino,53137.43163,1.700079827,Manta,bachiller ,1
3580,170,Femenino,47299.38331,1.776801041,Esmeraldas,Ph.D,1
3581,39,Femenino,61648.05787,1.640927118,Santo Domingo,Secundaria,1
3582,69,Femenino,81298.78687,1.857751615,Guayaquil,bachiller,4
3583,47,Masculino,31849.814,1.758375759,Quito,sin  educacion,3
3584,37,Femenino,48014.20992,3.467103316,Esmeraldas,bachiller,3
3585,38,Masculino,68856.60213,1.651171566,Santo Domingo,phd,1
3586,61,Femenino,63247.28452,1.902154364,Quito,bachiller,4.240720957
3587,,Femenino,69075.28941,1.775995242,Manta,bachiller ,0
3588,,masculino ,53555.17463,1.647311566,Guayaquil,Master,0
3589,130,,35821.25974,1.789265616,Quito,master,1
3590,66,Femenino,85072.39077,1.57387836,Quito,,1
3591,73,Femenino,76257.53835,1.644732281,Santo Domingo,mre,
3592,38,Femenino,59637.32764,1.467005529,Manta,Master,3
3593,52,Femenino,47375.09075,1.760370489,Esmeraldas,phd,2
3594,75,Femenino,52641.48638,1.583444147,Manta,phd,3
3595,49,Masculino,63436.25268,1.691942236,Guayaquil,bachiller ,0
3596,47,Masculino,,1.545356447,Esmeraldas,sin  educacion,0
3597,72,Masculino,59782.51253,1.720041591,Manta,sin  educacion,3
3598,56,Masculino,84152.05806,1.692584331,Guayaquil,Secundaria,0
3599,66,Femenino,73855.1282,1.552616301,Quito,bachillers,0
3600,121,Masculino,42438.32297,1.652266177,Quito,Secundaria,0
3601,58,Masculino,61153.78503,1.713319726,Quito,Secundaria,0
3602,64,,52194.54735,1.744518054,Quito,master,4
3603,35,Femenino,64469.14689,1.858330165,Esmeraldas,bachiller,1
3604,38,,59050.0289,1.82178748,Quito,Secundaria,2
3605,30,Femenino,104515.4817,1.630494922,Esmeraldas,bachillers,4
3606,79,Masculino,66438.92486,1.629275222,Esmeraldas,Secundaria,2
3607,38,Femenino,57987.23991,1.556936034,Manta,phd,4
3608,79,Masculino,87645.09086,1.599026099,Quito,,4
3609,25,Femenino,63083.24188,1.786015541,Santo Domingo,Ph.D,
3610,63,Masculino,37219.13556,1.541088358,Esmeraldas ,bachiller,1
3611,57,Femenino,58133.29531,1.68450718,Santo Domingo,phd,3
3612,63,Femenino,69205.54871,1.669844996,,mre,-4
3613,24,Masculino,67267.94224,1.624216605,Guayaquil,PhD,1
3614,40,Femenino,75077.62057,1.569768209,Quito,Secundaria,3
3615,61,Femenino,62305.74703,1.51056488,Quito,Master,2
3616,49,Masculino,61246.66457,1.570667344,Quito,sin  educacion,
3617,28,Masculino,38962.87047,1.691689591,Quito,master,3
3618,39,Femenino,82926.33387,1.759765734,Manta,Master,1
3619,39,Masculino,,1.861193151,Manta,Secundaria,3
3620,60,Masculino,45306.9778,1.733448334,Esmeraldas,Ph.D,2
3621,186,Masculino,99418.61832,1.759277636,Esmeraldas,Master,3
3622,39,M,85201.28532,1.860821605,,Secundaria,0
3623,45,Femenino,53283.76617,1.733832921,Esmeraldas,bachiller,4
3624,46,Femenino,31789.92984,1.798307881,Manta,bachillers,1
3625,30,Femenino,49222.92868,1.662040812,Esmeraldas,Master,-5
3626,35,Femenino,83687.03394,1.772125109,Santo Domingo,Master,
3627,19,Femenino,62650.69956,1.720999749,,Master,4
3628,46,Femenino,39758.4548,1.675815601,Guayaquil,sin  educacion,0
3629,38,Masculino,-11119.14474,1.854720222,Esmeraldas,Secundaria,0
3630,,Femenino,56852.12957,1.579690857,Santo Domingo,phd,1
3631,69,Femenino,50269.47048,1.61400888,Esmeraldas,bachiller,3
3632,44,Masculino,51407.39281,1.817760468,Esmeraldas,master,
3633,67,Masculino,79595.88762,1.797114906,Manta,mre,0
3634,48,Masculino,68199.54523,1.70126971,,Secundaria,0
3635,32,Femenino,37709.1347,1.733969369,Esmeraldas,Secundaria,0
3636,68,Masculino,65507.8317,1.751738401,Quito,phd,3
3637,40,Femenino,61614.2262,1.736501561,Quito,bachillers,1
3638,41,Femenino,53693.88403,1.72411561,Guayaquil,Master,1
3639,61,Femenino,54484.78315,1.615952892,Guayaquil,Secundaria,0
3640,30,Masculino,47024.21355,1.823823197,Guayaquil,bachillers,3
3641,39,Masculino,50062.10443,1.67959486,Manta,phd,3
3642,60,Femenino,64345.85173,1.600942287,Guayaquil,bachiller,1
3643,54,Femenino,55836.45139,1.713409696,Santo Domingo,master,4
3644,78,Femenino,68185.22457,1.73432131,,Secundaria,0
3645,50,Masculino,48225.30551,1.739535494,Esmeraldas,master,3
3646,73,Femenino,,1.79727853,Guayaquil,bachillers,4
3647,20,Masculino,79716.66862,1.662019162,Esmeraldas,Secundaria,2
3648,-8,Femenino,59898.2454,1.69348431,Guayaquil,phd,0
3649,36,Masculino,67809.39915,1.615604718,,Ph.D,2
3650,40,,68394.64308,1.72337184,Santo Domingo,Secundaria,1
3651,46,Masculino,52468.52965,1.614135037,Quito,PhD,1
3652,47,Masculino,68450.47452,1.641008334,Quito,PhD,1
3653,56,,518558.3299,1.798345139,Manta,,3
3654,61,Masculino,20001.50187,1.713647982,Santo Domingo,master,3
3655,174,Masculino,55057.82604,1.842456594,Esmeraldas,bachiller,4
3656,-6,Masculino,69501.98714,1.817671753,Santo Domingo,mre,2
3657,54,Femenino,58724.20005,1.721574386,Esmeraldas,bachillers,1
3658,64,Femenino,71188.10443,1.735371104,Santo Domingo,bachiller,1
3659,25,Femenino,41973.96526,1.676150424,Santo Domingo,Secundaria,3
3660,59,Femenino,73242.591,1.804390741,Quito,PhD,3
3661,75,Masculino,84432.18922,1.736312445,Santo Domingo,PhD,3
3662,33,Femenino,49553.84228,1.790956093,Manta,bachiller ,0
3663,25,Masculino,71564.98142,,Esmeraldas,bachiller,2
3664,18,Masculino,60342.27471,1.56389266,Guayaquil,Secundaria,2
3665,61,Masculino,66627.60817,1.75022546,Santo Domingo,,0
3666,22,Femenino,84402.1735,1.770279311,Guayaquil,master,1
3667,20,Masculino,,1.707518958,Quito,bachiller ,4
3668,191,,71466.63181,1.75786164,Guayaquil,master,4
3669,21,,41054.33038,1.614800008,Manta,Secundaria,1
3670,57,Femenino,,1.7939298,Manta,bachiller,
3671,52,,84150.10726,1.817171871,Guayaquil,Ph.D,3
3672,49, femenino,46147.49066,1.802068178,Manta,Secundaria,2
3673,59,Masculino,55154.65282,1.712396857,,bachillers,3
3674,51,M,70291.89951,1.818649404,Manta,bachiller,
3675,60,Femenino,66716.76192,1.585713188,Santo Domingo,mre,4
3676,42,Masculino,39604.08372,1.757347214,Manta,bachiller,2
3677,27,masculino ,62473.67059,1.771645009,Esmeraldas,mre,3
3678,187,Masculino,55009.77292,1.750124171,Quito,master,2
3679,63,Masculino,45470.17302,1.605963005,Manta,PhD,-3
3680,56,Masculino,80350.87303,1.722935806,Esmeraldas,PhD,2
3681,44,Masculino,60081.90566,1.674389799,Santo Domingo,Ph.D,2
3682,,Masculino,74745.72979,1.504260063,Guayaquil,Secundaria,4
3683,19,M,42398.80461,1.582228608,Guayaquil,Ph.D,3.983250455
3684,58,Masculino,68834.18486,1.816125817,Guayaquil,mre,3
3685,65,Masculino,75925.34284,1.660208558,Quito,bachillers,4
3686,30,,56367.77099,1.805613053,Guayaquil,master,2
3687,26,Masculino,52542.29836,1.814365081,Guayaquil,PhD,1
3688,69,Masculino,40435.92388,1.754624076,Quito,bachillers,3
3689,53,Masculino,46979.20981,1.638556887,Guayaquil,master,37
3690,39,Masculino,53210.50073,1.794423458,Manta,,3
3691,-16,Femenino,45361.33245,1.721355632,,mre,0
3692,43,Masculino,48480.80008,1.704466793,Quito,bachillers,4
3693,75,Masculino,62371.45375,1.608839305,Esmeraldas,bachiller ,0
3694,71,Masculino,64166.82298,1.649921765,,sin  educacion,2
3695,29,Masculino,76362.67531,1.61029449,Santo Domingo,Secundaria,4
3696,34,Masculino,48573.39969,1.795913017,Manta,phd,3
3697,31,Masculino,60347.77817,1.853436927,Santo Domingo,bachillers,3
3698,31,Femenino,53734.54841,1.792368543,Quito,bachiller ,3
3699,74,Femenino,52674.52126,1.719892288,Manta,,3
3700,,Femenino,55257.91156,1.669316224,Manta,mre,2
3701,70,Masculino,57057.36803,1.747641619,Quito,bachillers,1
3702,74,Masculino,63755.94399,1.658292399,Guayaquil,master,4
3703,197,Masculino,55044.6305,1.696863813,Esmeraldas,,1
3704,,Femenino,78409.95945,1.617853207,Quito,Secundaria,4
3705,33,Masculino,34433.99427,1.765064084,Guayaquil,Secundaria,3
3706,68,Masculino,75809.30438,1.770090825,Guayaquil,bachiller ,0
3707,48,Femenino,54472.44501,1.790885564,Guayaquil,Master,2
3708,72,M,57167.50625,1.755778561,Manta,phd,4
3709,23,Masculino,59855.76782,1.748797014,Manta,bachiller ,3
3710,73,Masculino,70584.63065,1.595617797,Santo Domingo,Secundaria,
3711,36,Masculino,46795.62662,1.591432327,Santo Domingo,Secundaria,3
3712,54,Masculino,50147.11159,1.733105619,Manta,master,2
3713,121,,67508.39508,1.81008979,Quito,bachillers,32
3714,21,Masculino,34527.31756,,Quito,mre,2.604492625
3715,64,Masculino,59487.50054,1.700560878,Quito,mre,4
3716,78,Femenino,48034.05494,1.701599608,Quito,bachillers,4
3717,21,Masculino,44876.56238,1.515671166,Santo Domingo,,4
3718,37,Masculino,35423.04228,1.724042442,Esmeraldas,Secundaria,0
3719,27,Femenino,71584.53083,1.645014797,Esmeraldas,,2
3720,41,Femenino,62382.38849,1.761108043,Manta,Secundaria,0
3721,71,Masculino,49915.78196,1.696866271,Esmeraldas,PhD,4
3722,52,Femenino,57531.63135,1.682073746,Quito,Secundaria,2
3723,43,Femenino,43606.76529,1.684252096,Santo Domingo,Secundaria,1
3724,54,masculino ,51957.21235,1.667298035,Quito,Master,1
3725,55,Femenino,57024.80496,1.563845166,Guayaquil,master,0
3726,38,Masculino,60959.25713,1.795334856,Santo Domingo,master,4
3727,71,Masculino,65880.95418,1.636609605,Guayaquil,phd,1
3728,57,,32912.21379,1.653224776,Guayaquil,master,1
3729,56,Masculino,65927.63939,1.707906545,Manta,Secundaria,3
3730,38,Femenino,34117.55668,1.588444701,Guayaquil,Secundaria,3
3731,27,M,,1.650092024,Esmeraldas,Secundaria,2
3732,55,Masculino,56800.33568,1.891649302,Esmeraldas,bachiller,29
3733,63,Masculino,76371.8977,1.733673436,Guayaquil,,4
3734,21,Masculino,49882.90366,1.614219717,Manta,,1
3735,77,Femenino,71712.60016,1.491866028,Guayaquil,PhD,0
3736,74,masculino ,42489.10163,1.800139424,Santo Domingo,,4.449729753
3737,62,Femenino,,,Santo Domingo,Secundaria,3
3738,37,Masculino,29429.98546,1.645713024,Santo Domingo,Secundaria,2
3739,34,Femenino,73245.94442,1.658376572,Santo Domingo,bachiller ,4
3740,72,Femenino,85903.10105,1.608687069,Guayaquil,Secundaria,4.841222175
3741,24,Masculino,,1.692376369,Quito,Secundaria,3
3742,21,Femenino,61839.4585,1.644858882,Quito,,4
3743,46,Masculino,-43844.24142,1.761113377,Santo Domingo,bachiller ,4
3744,31,Femenino,36746.17504,1.71405517,Manta,Ph.D,1
3745,20,Femenino,48763.39955,1.843212854,Manta,,4
3746,41,Femenino,47834.85272,1.845235184,Guayaquil,phd,4
3747,54,Femenino,,1.604518311,Quito,bachiller ,3
3748,33,Masculino,75687.03547,1.66729848,Guayaquil,,3
3749,75, femenino,56743.75703,1.915430575,,,0
3750,,Femenino,71685.61116,1.584154051,Santo Domingo,bachillers,
3751,69,Masculino,63168.74277,1.779762529,Esmeraldas,bachiller,0
3752,21, femenino,68895.55911,1.754799788,Esmeraldas,,4
3753,73,Femenino,44197.28758,1.615105028,Manta,mre,1
3754,79,Femenino,80600.64588,1.619930119,Quito,PhD,3
3755,41,Femenino,48483.89413,1.884494386,Sto. Domingo,Secundaria,2
3756,51,Femenino,49260.41962,1.882495262,Guayaquil,bachiller ,
3757,47,Femenino,68853.40773,1.742991564,Santo Domingo,Secundaria,2
3758,35,Masculino,65186.41128,1.561379567,Guayaquil,phd,4
3759,36,F,60347.35104,1.825685787,Guayaquil,,2
3760,48,Femenino,72594.00125,1.560956471,Quito,Secundaria,0
3761,77,Masculino,42584.17142,1.771519903,Esmeraldas,Secundaria,3
3762,77,Femenino,87665.3032,1.538073773,Guayaquil,Ph.D,1
3763,36,Masculino,52490.17173,1.70076185,Quito,Secundaria,3.042154002
3764,66,Masculino,58673.83294,1.788498078,Guayaquil,bachiller ,3
3765,63,Masculino,87897.40143,1.417464159,Esmeraldas,Secundaria,0
3766,, femenino,49358.3994,1.647162089,Santo Domingo,bachiller,1
3767,39,Masculino,75345.63754,1.715331195,Santo Domingo,Secundaria,20
3768,41,Femenino,56785.17108,1.665581955,Santo Domingo,phd,2
3769,62,Femenino,,1.632892542,Manta,bachillers,4
3770,29,Femenino,54243.91211,1.686652453,Esmeraldas,Secundaria,2
3771,47,masculino ,68494.20295,1.803752382,Manta,,2
3772,75,Masculino,75213.99495,1.836895491,,bachillers,1
3773,55,Masculino,63384.0888,1.770502116,Quito,bachiller,1
3774,70,Femenino,36030.84522,1.855336126,Santo Domingo,bachiller ,4
3775,48,Femenino,69532.97474,1.646521943,Guayaquil,Master,3
3776,53,Masculino,,1.759678466,Quito,PhD,3
3777,36,F,43462.7585,1.598115346,Quito,Secundaria,4
3778,65,,65195.90431,1.993112445,Esmeraldas,Master,2
3779,62,Masculino,77007.59278,1.710014706,Manta,Secundaria,1
3780,53,,60100.78422,1.780410693,Esmeraldas ,Master,4
3781,47,Masculino,73849.99038,1.523753509,,Master,-3
3782,72,Femenino,66935.94052,1.778133455,Guayaquil,Secundaria,2
3783,66,Masculino,67129.56442,1.711369924,Sto. Domingo,Secundaria,3
3784,72,Masculino,55417.69573,1.74641049,Guayaquil,,
3785,50,Masculino,72280.44808,1.701357218,Guayaquil,PhD,3
3786,35,Masculino,73712.68268,1.688020283,Santo Domingo,bachiller,-3
3787,69,Masculino,71890.0176,1.669185143,Santo Domingo,master,2
3788,-8,,55293.19895,1.691034242,Esmeraldas ,bachillers,1.944618741
3789,-19,Masculino,74776.19654,1.846827526,Quito,,2
3790,,Femenino,65794.71757,1.663261671,Quito,Secundaria,0
3791,-9,Femenino,45415.11808,1.925878375,Santo Domingo,Master,0
3792,64,Femenino,54277.61574,1.70613769,Quito,Master,3
3793,28,Femenino,52043.86539,1.839996703,Quito,mre,1
3794,74,Masculino,30181.54681,1.814392611,Santo Domingo,Master,3
3795,77,Femenino,75051.19575,1.543656312,Sto. Domingo,master,-4
3796,71,Femenino,900074.9892,1.564813233,,Secundaria,2
3797,62,Femenino,78125.21853,1.632176923,Guayaquil,mre,3
3798,50,Masculino,62442.88987,1.545631629,Manta,PhD,4
3799,34,Femenino,52262.71904,1.658693781,Esmeraldas,bachillers,1
3800,23,Femenino,46123.74385,1.702811796,,sin  educacion,-5
3801,21,Masculino,62259.68068,1.764860947,Esmeraldas,PhD,1
3802,37,masculino ,74524.5977,1.718057641,Santo Domingo,Master,4
3803,65,Masculino,49881.26322,1.700523978,Manta,Secundaria,3
3804,64,Femenino,98463.90266,1.802374129,Esmeraldas,Secundaria,3
3805,44,Masculino,39240.10301,1.788988318,Manta,Ph.D,2
3806,,Femenino,63367.47307,1.890784125,Guayaquil,Ph.D,3
3807,23,Femenino,61054.41523,1.718662384,Esmeraldas,PhD,4
3808,64, femenino,60099.39631,1.45890218,Esmeraldas,bachiller ,3
3809,31,Masculino,51467.17647,1.742719862,Esmeraldas,Ph.D,3
3810,77,M,61236.99591,1.926903121,Esmeraldas ,Secundaria,4
3811,28,Masculino,53253.43287,1.802598609,Guayaquil,Master,0
3812,56,Masculino,79318.34103,1.825530007,Manta,Secundaria,1
3813,26,Masculino,84311.61125,1.709482987,Guayaquil,PhD,2.591515662
3814,43,Masculino,54171.85126,1.791313665,Santo Domingo,Secundaria,1
3815,33, femenino,35325.43985,1.830792853,Quito,,1
3816,22,Femenino,,1.666574969,Esmeraldas,,2
3817,74,Femenino,64223.91615,1.649921705,Manta,bachillers,0
3818,69, femenino,61578.18463,1.745470306,Manta,mre,1
3819,78,Femenino,67994.29082,1.796926153,Manta,phd,2
3820,27,Masculino,80722.91717,1.424463097,,,
3821,67,Masculino,72494.58271,1.680522063,Esmeraldas,,4
3822,20,Masculino,67971.5298,1.504654575,Manta,Master,4
3823,30,Femenino,71308.73317,1.687742277,Esmeraldas,Master,4
3824,,Femenino,-21278.46987,1.868961445,Manta,mre,4
3825,66,Masculino,45818.38585,1.637598164,Manta,bachillers,2
3826,47,Femenino,81756.84623,1.671391572,Esmeraldas ,bachiller ,0
3827,79,Femenino,61538.75353,1.766193577,Santo Domingo,Secundaria,0
3828,71,Masculino,45810.91102,,Guayaquil,Secundaria,2
3829,62,Masculino,43080.31777,1.795616663,,Secundaria,2
3830,23,Femenino,46233.0122,1.703731795,Guayaquil,Ph.D,3
3831,34,Masculino,,1.757046684,Santo Domingo,bachiller,1
3832,76,Masculino,70033.2664,1.752658333,Esmeraldas,master,-3
3833,62,Femenino,57373.32556,1.62962543,Guayaquil,Secundaria,1
3834,68,Femenino,71640.07116,1.524895463,Guayaquil,bachillers,3
3835,70,Masculino,77542.1043,1.610297573,Guayaquil,bachiller,0
3836,36,Femenino,73661.72875,1.843873091,Esmeraldas,phd,4
3837,59,Masculino,69510.35109,1.921321319,Santo Domingo,mre,0
3838,52,Masculino,64312.9368,1.690898159,,bachiller ,2
3839,63, femenino,57144.55405,1.840018005,Esmeraldas,bachiller,1
3840,43,Masculino,58145.30809,1.670260183,Quito,Secundaria,0
3841,68,Masculino,68765.45234,1.734903312,Manta,Ph.D,3
3842,22,Masculino,45580.26912,1.638579503,Esmeraldas,phd,0
3843,46,Femenino,59191.72873,1.801454854,Guayaquil,Master,4
3844,54,Femenino,-16158.50119,1.636138411,Santo Domingo,Ph.D,4
3845,37,Femenino,77594.73118,1.61073865,Manta,Master,1
3846,66,Masculino,70755.8599,1.704675099,Guayaquil,Master,2
3847,38,M,92061.81668,1.781676642,Esmeraldas ,Secundaria,4
3848,27,Femenino,48634.48114,1.716365311,Manta,Secundaria,-4
3849,22,Femenino,50242.8928,1.653097327,Santo Domingo,bachiller ,1
3850,53,Femenino,60862.5165,1.610032188,Quito,Secundaria,4
3851,23,Masculino,49118.12261,1.531310828,Manta,bachiller,3
3852,43, femenino,68064.29705,1.654374691,Santo Domingo,bachiller,0
3853,-15,Masculino,1885771.743,,,bachillers,3
3854,79,Femenino,52672.03947,1.755396056,Manta,bachiller ,1
3855,56,Masculino,-13889.3732,1.583289262,Manta,master,4
3856,,Masculino,32256.17234,1.76681876,Guayaquil,sin  educacion,2
3857,67,Femenino,68131.69765,1.640584157,Esmeraldas,bachiller ,2
3858,52,Masculino,51733.01298,2.860890551,Quito,bachillers,3
3859,18,Femenino,72251.34711,1.824871977,Guayaquil,mre,3
3860,41,Masculino,75843.83562,1.452265159,Guayaquil,phd,3
3861,74,Masculino,25854.74194,1.577317106,Guayaquil,phd,4
3862,53,Femenino,56825.66432,1.704564556,Esmeraldas,bachiller,2
3863,23,Masculino,60872.87442,1.6995029,Guayaquil,Ph.D,2
3864,58,Femenino,24632.46385,1.529801549,Esmeraldas,,1
3865,71,,63416.26241,1.650579295,Guayaquil,,1
3866,63,Femenino,52079.20639,1.795801518,,Secundaria,0
3867,77,Masculino,41914.09026,1.583716957,Quito,Secundaria,4
3868,61,Masculino,50242.66374,1.808075228,,master,3
3869,77,Masculino,47650.29545,1.628383974,Quito,bachillers,1
3870,74,Femenino,51437.14028,1.512707594,Santo Domingo,master,0
3871,48,Femenino,62776.85086,1.781908552,Quito,mre,
3872,37,Masculino,74718.69795,1.725069178,Esmeraldas,bachiller,2
3873,41,Masculino,58832.46075,1.553406337,Santo Domingo,master,4
3874,42,Femenino,76541.37106,1.645722102,Guayaquil,bachiller,4
3875,53,Masculino,44310.63774,1.872496308,Guayaquil,master,3
3876,-18,Femenino,62293.339,1.765835234,Manta,,4
3877,47,Masculino,91599.17322,1.811538606,Quito,Ph.D,3
3878,41,Femenino,,1.586168233,Manta,,4
3879,61,Masculino,,1.822527845,,PhD,2
3880,59,Masculino,-20217.07774,1.557604699,Quito,Secundaria,0
3881,47,M,63307.87698,1.56076808,Esmeraldas,Secundaria,4
3882,39,Femenino,50977.49938,1.783511931,Esmeraldas,Secundaria,4
3883,45,Femenino,43054.89547,,Guayaquil,Master,2
3884,24,Masculino,59460.17096,1.851756095,Santo Domingo,bachiller ,1
3885,52, femenino,62003.68635,1.574759012,Guayaquil,PhD,3
3886,72,Femenino,62077.90929,1.602793767,Quito,bachiller,1
3887,45,Masculino,42908.28874,1.815317156,Santo Domingo,,0
3888,31,Femenino,54945.76616,1.637924789,,PhD,1
3889,73,Femenino,51478.7558,1.779515482,Quito,,0
3890,27,Femenino,69696.65837,1.588661364,Esmeraldas,phd,3
3891,33,Masculino,43793.25859,1.672339926,Guayaquil,,2
3892,33, femenino,61140.4166,1.774086492,Sto. Domingo,bachillers,0
3893,71, femenino,99513.39626,1.615427588,Manta,PhD,3
3894,48,Femenino,,1.802272685,Guayaquil,bachillers,2
3895,59,Masculino,48791.05533,1.663971449,Guayaquil,Secundaria,
3896,42,Femenino,58592.0632,3.516913641,Santo Domingo,bachillers,1
3897,30,Femenino,15866.18382,1.599733748,Quito,,0
3898,23,Femenino,38597.58814,1.622963826,Santo Domingo,Secundaria,4
3899,61,Masculino,64660.38825,1.615585764,Santo Domingo,,
3900,26,Masculino,57364.94819,1.639102673,Guayaquil,Secundaria,2
3901,62,Femenino,75820.60736,,,bachiller ,1
3902,53,Femenino,56428.12742,1.812078991,Guayaquil,bachiller ,3
3903,73,Masculino,55107.83755,1.745179958,Guayaquil,Ph.D,-5
3904,60,Masculino,49456.93837,1.634138176,Santo Domingo,,0
3905,37,Masculino,54857.32383,1.615792105,Esmeraldas,bachiller,0
3906,198,Femenino,41826.18273,1.603038571,,PhD,2
3907,75,Masculino,57788.01146,1.669616626,Santo Domingo,Master,3
3908,60,Masculino,45431.14779,1.728012921,Santo Domingo,bachiller,1
3909,74,Masculino,41838.51868,1.761427156,Guayaquil,Master,1
3910,38,Femenino,50408.13844,1.701440817,Quito,master,3
3911,,Masculino,66767.2923,1.756544812,Guayaquil,,2.107267576
3912,67,masculino ,62133.83261,1.79359513,Guayaquil,mre,4
3913,50,masculino ,70014.0979,1.662824393,Manta,master,4
3914,44,Femenino,46151.45796,1.809838014,,Secundaria,3
3915,24,Masculino,59802.05801,1.601626648,,master,4
3916,23,Masculino,85526.88152,1.758638192,Guayaquil,Ph.D,2
3917,32,Masculino,80962.72098,1.703196409,Santo Domingo,bachiller,1
3918,35,Femenino,40880.44671,1.717530005,Quito,Secundaria,2
3919,49,Masculino,44873.94111,1.663219853,Santo Domingo,PhD,3
3920,73,Femenino,85462.05584,1.824732109,Manta,PhD,4
3921,28,Masculino,66773.25639,1.639576371,Manta,,2
3922,37,Masculino,-26979.4463,1.838745823,Quito,Secundaria,2
3923,41,Masculino,55463.82496,1.839403207,Esmeraldas,phd,0
3924,32,Masculino,63411.89668,1.745111209,Esmeraldas,bachiller,
3925,65,Femenino,-40182.62714,1.668716338,Quito,mre,4
3926,24,Femenino,52002.58306,1.61622266,Quito,,1
3927,,Femenino,533021.4137,1.50056277,Santo Domingo,mre,1
3928,59,Femenino,51476.68745,1.753987812,Manta,bachiller ,1
3929,43,Masculino,62531.10765,1.588850495,,Secundaria,4
3930,61,Femenino,48936.48644,1.602851678,Guayaquil,Secundaria,1
3931,73,Femenino,40983.8014,1.755100783,Santo Domingo,Secundaria,1
3932,31,Femenino,82130.63646,,Manta,phd,3
3933,74,Masculino,58956.36602,1.721759958,Santo Domingo,Ph.D,3
3934,54,Femenino,85455.8199,1.746058266,Manta,master,0
3935,75,Femenino,31015.75918,1.860470015,Guayaquil,Secundaria,
3936,38,Masculino,38257.90446,1.719857367,Manta,PhD,2
3937,35,Masculino,67001.92161,1.645038535,Santo Domingo,,2
3938,22,Femenino,-37219.13465,1.692492176,Manta,Secundaria,2
3939,20,Femenino,42634.64905,1.642213139,Santo Domingo,bachillers,0
3940,40,Masculino,77047.43036,1.887975458,Quito,Secundaria,1
3941,43,Femenino,46951.60006,1.737223359,Guayaquil,,2
3942,54,Masculino,77978.26055,1.758466768,Santo Domingo,Secundaria,1
3943,41,Femenino,58943.47756,1.835250191,,,
3944,66,Femenino,43951.04152,1.615235031,Esmeraldas,bachiller,0
3945,36,Femenino,49968.92222,1.557351129,Manta,Secundaria,3
3946,68,Femenino,80582.29542,1.697725922,Quito,PhD,3
3947,42,Femenino,55533.79447,1.557632118,Quito,bachiller,4
3948,38,Masculino,74585.11307,3.192681554,Esmeraldas,mre,3
3949,29,Masculino,81006.60127,,Manta,PhD,2
3950,74,Femenino,58793.65125,1.564831796,Quito,,0
3951,,Femenino,56652.10571,1.822293002,Quito,mre,1
3952,,Femenino,53925.47794,1.740463688,Manta,Master,0
3953,50,Masculino,65281.46436,1.879765148,Santo Domingo,Master,4
3954,67, femenino,82588.95036,1.696886193,Esmeraldas,bachiller ,4
3955,70,Masculino,41594.45401,1.693046779,Quito,PhD,2.898372773
3956,21,Masculino,63287.28539,1.721547462,Santo Domingo,Secundaria,1
3957,,Masculino,62638.1914,2.058868128,Santo Domingo,,4
3958,74,masculino ,32937.19335,1.805260474,Santo Domingo,phd,4
3959,24,Masculino,46688.01402,1.615939539,Santo Domingo,Secundaria,4
3960,39,Masculino,49761.8834,1.740734215,Guayaquil,Secundaria,1
3961,72,Femenino,71460.44299,1.715256572,Guayaquil,bachiller,4
3962,50,Masculino,74084.26367,1.772090502,Manta,Ph.D,2
3963,34,Masculino,31869.324,1.887322001,Esmeraldas,mre,0
3964,41,Masculino,69588.03124,1.758777558,Manta,mre,4
3965,78,Masculino,67648.91977,1.662924066,Guayaquil,Secundaria,4
3966,78,M,,1.886434892,Sto. Domingo,bachillers,0
3967,51,,62291.18946,1.56941267,Manta,bachillers,4
3968,45,Femenino,74256.59768,1.672884067,Santo Domingo,mre,4
3969,-11,Femenino,77572.81043,1.790145856,Quito,bachiller,2
3970,60,masculino ,,,Guayaquil,bachillers,3
3971,58,Masculino,59269.13545,1.694822476,Guayaquil,PhD,1
3972,56,Masculino,56182.66881,1.629867666,Manta,Ph.D,1
3973,39,Masculino,51408.79345,1.696166048,Quito,Secundaria,0
3974,66,Femenino,53182.37929,1.630040103,Manta,phd,2
3975,34,Femenino,62801.7544,1.707904477,Esmeraldas,bachillers,1
3976,51,Femenino,40550.86863,1.667037748,Guayaquil,Master,0
3977,23,Femenino,,1.832724127,Santo Domingo,Master,0
3978,63,Masculino,54463.16894,1.738549962,Santo Domingo,master,0
3979,23,Masculino,73119.70019,1.773812979,Santo Domingo,Secundaria,1
3980,51,Masculino,50701.03245,1.714431021,Guayaquil,Master,3
3981,123,Femenino,49888.29584,1.656557814,Guayaquil,Ph.D,0
3982,127,Femenino,45818.04981,1.733480064,Santo Domingo,PhD,4
3983,38,Masculino,1163107.78,1.720279281,Guayaquil,bachiller ,3
3984,22,masculino ,47978.55187,1.457858736,Santo Domingo,Secundaria,3
3985,19,Femenino,66521.20784,,Esmeraldas,master,4
3986,39,Masculino,75706.6098,1.767196166,Esmeraldas,bachiller ,1
3987,65,Masculino,65818.02135,1.628390092,Esmeraldas,master,1
3988,74,Femenino,58838.66453,1.786752049,Manta,Master,2
3989,19,Femenino,67303.31166,1.735559169,Manta,bachillers,1
3990,-17,Femenino,59453.70565,1.660321881,Quito,Ph.D,3.82299621
3991,51,Masculino,60428.60017,1.754190335,Quito,bachiller,0
3992,33,Femenino,55400.41593,1.663140798,Quito,Secundaria,1
3993,65,masculino ,72548.86895,1.727679814,Esmeraldas,bachiller,1
3994,68,Masculino,21511.02649,1.674007839,Esmeraldas,master,4
3995,133,Femenino,28007.2795,1.754900525,Esmeraldas,PhD,0
3996,56,,75408.36654,1.834682474,Guayaquil,bachiller,2
3997,,Femenino,57052.09299,1.656388105,Guayaquil,PhD,0
3998,29,F,73758.50768,1.790222683,Esmeraldas,phd,
3999,41,Masculino,50878.82032,3.381807458,Santo Domingo,PhD,-2
4000,64,Masculino,85113.66199,1.670887746,Quito,,3
4001,57,Femenino,57952.22017,1.660473553,,Master,2
4002,55,Femenino,66740.87321,1.53119933,,Master,1
4003,77,Femenino,53292.80628,1.750035632,Santo Domingo,Master,1
4004,76,Femenino,46543.02469,1.728404651,Guayaquil,mre,1
4005,27,Femenino,33886.0713,1.716295039,Esmeraldas,master,2
4006,52,Femenino,71785.56084,1.855452041,Guayaquil,Secundaria,
4007,68,Masculino,65931.26363,1.866462113,Guayaquil,Secundaria,47
4008,66,Masculino,61405.3887,1.830794806,Santo Domingo,bachillers,2
4009,49,Masculino,42920.76249,1.67646716,Guayaquil,Ph.D,3
4010,24,Masculino,81231.99,1.671394758,Guayaquil,Secundaria,1
4011,38,Femenino,61588.0889,1.598184265,Quito,mre,4
4012,37,Masculino,70543.33245,1.706183677,Quito,Ph.D,2
4013,43,F,59955.19245,1.700825337,Santo Domingo,mre,2
4014,21,Femenino,43658.67679,1.75384449,Esmeraldas,Master,3
4015,63,Masculino,74886.54542,1.593115359,,bachillers,4
4016,69,Femenino,66761.52667,1.662573875,Guayaquil,Ph.D,
4017,39,Femenino,57278.85039,1.530505441,Guayaquil,Master,0
4018,32,Femenino,66505.05799,1.628396127,Quito,master,1.462230339
4019,73,Femenino,72263.15313,,Manta,bachiller,2
4020,57,Femenino,-46303.635,1.589857506,Esmeraldas,Ph.D,4
4021,,M,34330.10672,1.874397817,Guayaquil,Secundaria,0
4022,32,Masculino,37646.97323,1.800890248,Quito,PhD,0
4023,39,Masculino,70992.73695,1.750124115,Esmeraldas,Master,4
4024,69,Femenino,49558.1983,1.833353613,,Secundaria,1
4025,45,Masculino,44270.81102,1.687896623,Esmeraldas,bachiller,-2
4026,31,Masculino,65581.56345,1.626247552,Santo Domingo,bachillers,3
4027,44,Masculino,43815.84139,1.690405768,Santo Domingo,,1
4028,78,Masculino,52812.88181,1.528115475,Quito,,0
4029,58,Femenino,72784.04774,1.81907381,Manta,,1
4030,57,,37287.87272,1.665111142,Santo Domingo,phd,0
4031,75,Femenino,39476.0436,1.624479323,Guayaquil,bachillers,
4032,45,Femenino,35835.05352,1.636045504,Quito,master,0
4033,43,Masculino,47082.52754,1.701657644,Santo Domingo,mre,3
4034,66,Femenino,61240.72859,1.711962302,Quito,sin  educacion,3
4035,19,Femenino,,1.685389594,Guayaquil,Master,2
4036,42,Femenino,82550.23596,1.684945039,Quito,PhD,3
4037,73,F,66829.64628,1.754975935,Quito,Secundaria,0
4038,79,M,,1.590132425,,PhD,4
4039,20,Femenino,79011.13425,1.722519142,Esmeraldas,Secundaria,1
4040,25,Femenino,40037.89488,1.668213711,Quito,bachiller ,
4041,61,Masculino,553325.5852,1.500201203,Santo Domingo,PhD,3.19919073
4042,50,,56456.12045,1.591669676,Guayaquil,phd,-5
4043,59,Femenino,53170.16034,1.620801914,Guayaquil,mre,1
4044,69, femenino,69166.06881,1.867039311,Esmeraldas,sin  educacion,2
4045,52,Masculino,53812.37129,1.745250406,Guayaquil,Secundaria,2
4046,23,Masculino,62728.55305,1.727098942,Santo Domingo,Secundaria,3
4047,56,Masculino,-28441.8322,1.651302823,Esmeraldas,bachiller ,4
4048,69,Masculino,64596.7766,1.648765142,Santo Domingo,mre,3
4049,40,Femenino,52393.79356,1.581712022,Esmeraldas,PhD,3
4050,42,Femenino,73901.4354,1.667359067,Esmeraldas,sin  educacion,4
4051,76,Masculino,29337.31645,1.837560937,Santo Domingo,master,4
4052,67,Masculino,69613.38833,1.568188267,Esmeraldas,,1
4053,,Masculino,31631.40386,1.641357203,Santo Domingo,Master,4
4054,,Masculino,48698.27712,1.792618706,Guayaquil,PhD,
4055,22,Femenino,67835.38583,1.792347448,Esmeraldas ,bachiller,3
4056,68,Masculino,29794.95643,1.627945948,Quito,Secundaria,2
4057,28,Masculino,62497.21117,1.816362009,Manta,master,0
4058,73,masculino ,39429.81227,1.656530304,Manta,phd,2
4059,-11,Femenino,45463.95228,1.585074042,Guayaquil,Secundaria,4
4060,27,Femenino,44773.89265,1.849831199,Quito,Master,1.288656112
4061,25,Femenino,39850.00347,1.709196068,Manta,,4
4062,41,Masculino,34055.84396,1.683213854,Santo Domingo,Secundaria,1
4063,77,Masculino,,1.717482973,Santo Domingo,bachiller ,4
4064,45,Masculino,57262.92779,1.60300758,Esmeraldas,phd,4.248357997
4065,,Femenino,41438.6633,1.643809641,Manta,Secundaria,
4066,53,Femenino,51568.14095,1.843690183,Santo Domingo,bachillers,0
4067,54,Masculino,60549.91543,1.885913266,,mre,1
4068,38,Masculino,54319.57796,1.588682989,,bachiller ,3
4069,25,Femenino,40997.37339,1.661064143,Guayaquil,PhD,0
4070,72,Masculino,46511.52479,1.700438826,Quito,master,3
4071,26,,,1.720069387,Esmeraldas,bachillers,3
4072,64,Masculino,38959.30565,1.604961435,Esmeraldas,Secundaria,4
4073,32,Femenino,30045.43672,1.76504405,,bachiller ,2
4074,65,Masculino,54180.6778,1.7725989,Quito,Secundaria,1
4075,63,Masculino,31024.2543,1.785031178,Santo Domingo,Secundaria,
4076,,Masculino,46353.39893,1.775246416,Manta,,3
4077,35, femenino,41220.94202,,Guayaquil,PhD,4
4078,59,Femenino,41352.17038,1.799055586,Guayaquil,sin  educacion,0
4079,77,Femenino,,1.754406626,Quito,phd,4
4080,37,Femenino,63855.85454,1.551612488,Guayaquil,Secundaria,0
4081,23,Masculino,47911.47537,1.552315721,Quito,Secundaria,4
4082,29,Femenino,58584.26776,1.730857476,Quito,bachiller,
4083,19,Masculino,47164.19048,1.828581848,Manta,Secundaria,2
4084,24,Femenino,,1.744604546,Manta,Master,3
4085,-14,Masculino,37835.04465,1.75883157,Guayaquil,bachiller ,1
4086,20,Femenino,62478.60971,1.59409106,Manta,Master,1
4087,62,Femenino,63616.20894,1.706734302,Santo Domingo,Master,0
4088,20,Femenino,95039.68755,1.81421066,Esmeraldas,Secundaria,0
4089,44,Masculino,33683.3536,1.744581151,Guayaquil,phd,2
4090,67,Masculino,99836.40673,1.710464232,Guayaquil,bachillers,0
4091,60,Masculino,71350.26916,2.915848999,Guayaquil,phd,1
4092,57,Femenino,87409.72059,1.722654126,Guayaquil,bachillers,3
4093,55,Masculino,73578.97709,1.81745384,Santo Domingo,Master,2
4094,50,Masculino,45846.89686,1.722578755,Santo Domingo,Secundaria,0
4095,45,Masculino,69867.6001,1.696925245,Esmeraldas,Secundaria,
4096,18,,50015.20891,1.5952638,Quito,Secundaria,2
4097,72,Masculino,58677.82986,1.821439184,,,2
4098,25,Masculino,42379.72359,1.605958097,Esmeraldas,Secundaria,1.114417681
4099,54,Femenino,49819.53508,1.723747836,Guayaquil,Secundaria,4
4100,49,Femenino,73454.64807,1.780095606,Manta,PhD,0
4101,77,Masculino,66569.3476,1.878933583,Esmeraldas,phd,0
4102,65,Femenino,75363.45351,2.622609626,Guayaquil,Secundaria,0
4103,60,Femenino,39032.81996,1.839129221,Esmeraldas,Secundaria,
4104,54,masculino ,31943.38666,1.702738639,Guayaquil,master,0
4105,21,Masculino,76525.73568,1.643957318,Guayaquil,Secundaria,2
4106,47,Femenino,75415.09305,1.976642164,Esmeraldas ,Ph.D,2
4107,23,Masculino,63173.06168,1.578191342,Guayaquil,bachiller,0
4108,63,Femenino,66288.38473,1.992132437,Esmeraldas,sin  educacion,3
4109,71,Femenino,72975.57218,1.862836692,Manta,bachiller ,3
4110,36,Femenino,62722.86139,1.642519756,Santo Domingo,Secundaria,4
4111,49,Masculino,68050.00872,1.764984805,,Secundaria,2.307444807
4112,26,Femenino,72222.3408,1.560224579,Quito,mre,1
4113,29,Masculino,58597.28255,1.75930323,Esmeraldas ,Secundaria,1
4114,28,Masculino,54816.07665,1.732209951,,Ph.D,3
4115,63,Masculino,65730.79554,1.786647417,Sto. Domingo,Secundaria,0
4116,72,Masculino,93969.21046,1.659602199,Santo Domingo,bachillers,3
4117,33,Masculino,47284.74537,1.715902454,Manta,Secundaria,1
4118,18,Femenino,53538.89762,1.747627467,Guayaquil,PhD,3
4119,135,Masculino,33653.8394,1.651153691,Santo Domingo,Secundaria,2
4120,72,Masculino,66522.05095,1.840609535,,bachiller ,4
4121,70,Masculino,52050.99312,1.713013853,Guayaquil,Secundaria,2
4122,38,Masculino,38995.01483,1.734437397,Manta,Master,2
4123,47,Masculino,-49179.18535,1.616722212,Santo Domingo,,4
4124,,Femenino,82419.47348,1.53486585,Quito,bachiller,0
4125,51,Masculino,54719.61028,1.56536592,Guayaquil,bachillers,4
4126,21,Masculino,56092.28949,1.759631449,Esmeraldas,sin  educacion,0
4127,45,,81835.60392,1.62097092,Santo Domingo,,1
4128,55,Masculino,59924.87693,1.772887771,Sto. Domingo,Secundaria,3
4129,75,Femenino,41885.39545,1.865474155,Manta,bachiller ,1
4130,170,Femenino,70334.98784,1.777097652,Manta,master,1
4131,76,Femenino,76868.89942,1.742631064,Guayaquil,Master,43
4132,72,Femenino,56994.37224,1.765568228,Quito,bachiller ,3
4133,44,Masculino,61957.3953,1.810402362,Guayaquil,Ph.D,26
4134,22,Masculino,,1.731171916,Santo Domingo,Secundaria,2.671377042
4135,42,,46941.1901,1.766369496,Guayaquil,bachiller ,0
4136,20,Femenino,55004.40591,1.643458439,Esmeraldas,Secundaria,0
4137,50,Masculino,61153.95908,1.602378771,Guayaquil,mre,2
4138,177,Femenino,50703.78406,1.649420677,Guayaquil,Secundaria,3
4139,42,Femenino,54438.31103,1.667364261,Santo Domingo,Ph.D,0
4140,37,Femenino,1861606.758,1.663283491,Quito,Secundaria,0
4141,51,Masculino,45029.61591,1.814664253,Esmeraldas,bachillers,1
4142,43,Femenino,55967.98654,1.428423626,Guayaquil,bachiller,2
4143,79,Masculino,77339.09949,1.678626775,Santo Domingo,bachiller ,4
4144,,Masculino,51059.66405,1.77432805,Santo Domingo,Secundaria,2
4145,22,Masculino,46486.03583,1.770676313,Guayaquil,,1
4146,52,Femenino,91276.86692,1.618106727,Quito,,1
4147,78,Femenino,63384.03738,1.873871782,Guayaquil,Secundaria,1
4148,45,Masculino,48407.42517,1.561624723,Manta,bachiller ,3
4149,46,Masculino,69652.50805,1.665003287,Esmeraldas,Ph.D,1
4150,26,Masculino,63841.60868,1.669017152,Manta,bachillers,0
4151,69,Femenino,51447.20497,1.668014983,Quito,master,3
4152,55,Femenino,59265.72276,1.835970042,Guayaquil,sin  educacion,1
4153,67,Masculino,55628.40989,1.701596302,Manta,PhD,3
4154,23,Masculino,74851.24746,1.731977548,Manta,,
4155,36,Femenino,70220.13638,1.787931729,Manta,Ph.D,1
4156,77,Masculino,27855.83157,1.636041827,Esmeraldas,Secundaria,1
4157,61,Femenino,88543.63449,1.684527004,Guayaquil,master,0
4158,74,F,55675.24695,1.867606793,Santo Domingo,phd,
4159,28,Masculino,85835.44779,1.737824293,Guayaquil,bachillers,0
4160,19,Masculino,70740.76703,1.5905023,Manta,,1
4161,64,Femenino,63723.44903,1.614364135,Guayaquil,master,1
4162,61,Femenino,58587.5611,1.789193287,Santo Domingo,Ph.D,2
4163,61,Femenino,101381.6587,1.587052585,Esmeraldas,Secundaria,3
4164,26,Femenino,55925.25671,1.652700991,,Ph.D,4
4165,38,Femenino,49930.03345,1.72033022,Guayaquil,,2.169274297
4166,41,M,51280.36459,1.701362151,Esmeraldas,master,2
4167,51,Femenino,60015.88752,1.848321759,Esmeraldas,,
4168,39,M,59989.7063,1.454938259,Manta,bachiller ,2
4169,,Femenino,75060.35959,1.748194717,Manta,Ph.D,0
4170,29,Masculino,71373.73551,1.671741712,Esmeraldas,,2
4171,45, femenino,71392.3603,1.831700821,Santo Domingo,bachiller ,4
4172,47,F,56576.4301,1.676437288,Manta,phd,0
4173,43,Femenino,70147.83162,,Santo Domingo,Secundaria,3
4174,65,Masculino,71719.44964,1.699592341,Guayaquil,,3
4175,38,Masculino,58810.10822,1.633885935,Guayaquil,bachillers,3
4176,45,Masculino,64188.00223,1.640908733,Esmeraldas,bachiller,0
4177,73,Masculino,71700.47089,1.68510443,Esmeraldas,Secundaria,3
4178,43,Femenino,63167.47952,1.864497243,Quito,PhD,3
4179,,Masculino,64598.67413,1.650865015,Esmeraldas,Secundaria,4
4180,173,,81106.42861,1.631250262,Manta,PhD,1
4181,38,,63285.20285,1.659985189,Guayaquil,bachillers,1
4182,52,Masculino,50884.01875,1.700339604,Santo Domingo,master,1
4183,69,Masculino,,1.879244457,Esmeraldas ,bachillers,3
4184,51,Masculino,61697.26431,1.623621473,Manta,Ph.D,0
4185,58,Masculino,55027.9931,1.949909295,Guayaquil,Secundaria,3
4186,68,Femenino,72124.70896,,,bachiller ,1
4187,64,Femenino,83665.47148,1.599967386,Guayaquil,bachiller,4
4188,35,Femenino,44554.42315,1.645274489,Manta,,3
4189,75,Masculino,46712.29135,1.506355024,Guayaquil,Ph.D,3
4190,28,M,59637.61336,1.710668191,Esmeraldas,mre,3
4191,74,Masculino,48001.02193,1.805153527,Guayaquil,bachillers,0
4192,149,masculino ,56669.61104,1.703108898,Esmeraldas,bachillers,4
4193,65,Masculino,51957.40172,1.78028074,Manta,bachiller ,4
4194,39,masculino ,44883.33315,1.742848728,Quito,Master,33
4195,34,,72388.28073,1.821013449,Esmeraldas,,4
4196,22,Masculino,61129.23067,1.602026213,Guayaquil,bachillers,1
4197,61,Femenino,87455.53094,1.788288222,Guayaquil,sin  educacion,3
4198,28,Femenino,65385.09961,1.888677594,Guayaquil,Secundaria,46
4199,47,Masculino,79327.98509,1.956529912,Manta,bachiller ,2
4200,32,M,49068.05078,1.842032618,Santo Domingo,bachillers,2
4201,44,Masculino,48881.89297,1.717147141,Guayaquil,bachiller ,1
4202,52,Masculino,93313.0591,1.603472678,Guayaquil,Ph.D,2
4203,50,Masculino,50866.26106,1.618337702,Esmeraldas,Master,2
4204,37,Femenino,45762.75674,1.682682501,Quito,Secundaria,
4205,78,Masculino,42431.30785,1.885992239,Guayaquil,Secundaria,1
4206,33,Femenino,88736.25847,1.646963029,Manta,master,3
4207,51,Femenino,55879.54441,1.717959723,Santo Domingo,bachiller ,1
4208,19,Masculino,66050.8812,1.794076378,Santo Domingo,bachiller ,0
4209,52,Femenino,62270.95829,1.37143338,Santo Domingo,Secundaria,0
4210,57,Femenino,49148.85678,1.593658748,Manta,Secundaria,2
4211,73,Masculino,55555.45504,3.834188129,,bachiller ,2
4212,45,Femenino,72685.25806,1.804290245,Santo Domingo,phd,3
4213,64,M,41612.13422,1.804964454,Esmeraldas,bachiller ,2
4214,56,Masculino,70112.52361,1.606050556,Santo Domingo,Ph.D,2.378587998
4215,23,Masculino,81510.56497,1.845150159,Esmeraldas,,2
4216,26,Femenino,64385.6301,,Esmeraldas,,
4217,37,Femenino,80001.00351,1.709154786,Esmeraldas,bachillers,0
4218,77,Femenino,39428.79957,1.769469243,Esmeraldas ,,2
4219,138,Femenino,32549.36321,,Guayaquil,master,3
4220,127,Masculino,63639.6651,1.749354797,Quito,bachillers,3
4221,72,,51204.82434,1.679907054,Santo Domingo,bachillers,0
4222,40,Masculino,73181.47442,1.515241584,Quito,bachiller ,0
4223,20,F,55343.34029,1.708235281,Guayaquil,Secundaria,0
4224,21,Femenino,62207.88562,1.48315043,Esmeraldas,bachiller ,3
4225,177,F,61214.75742,1.756757933,Esmeraldas,,0
4226,42,Femenino,61693.25992,1.602133982,Esmeraldas,PhD,0
4227,64,Femenino,,1.684047115,Esmeraldas,bachillers,3
4228,55,Masculino,-37610.45698,1.648846734,Santo Domingo,Secundaria,3
4229,32,Femenino,56712.12683,1.756601231,Guayaquil,phd,0
4230,38,F,81750.62558,1.620989628,Sto. Domingo,bachiller ,0
4231,52,Femenino,50867.57561,1.725621171,Guayaquil,bachillers,-5
4232,74,Femenino,,1.71845487,Quito,Ph.D,3
4233,70,Masculino,62364.7114,1.706577005,Sto. Domingo,Secundaria,4
4234,70,F,42343.46237,1.739267564,Manta,Secundaria,1
4235,63,Masculino,75052.32251,1.57975131,Guayaquil,Ph.D,2
4236,69,Femenino,-14096.48059,1.583411114,Quito,bachiller,1
4237,31,Masculino,55660.54177,1.843347572,Santo Domingo,,3
4238,53,F,98083.6256,1.546012741,Esmeraldas,Master,4
4239,29,Masculino,42861.53644,1.916634781,Esmeraldas ,bachiller,3
4240,34,,82085.56076,1.68622372,,Secundaria,44
4241,56,F,61818.72251,1.614952062,Manta,sin  educacion,2
4242,26,Femenino,63934.77206,1.786114854,Santo Domingo,master,40
4243,52,Masculino,47859.58152,1.643776661,Guayaquil,Ph.D,3
4244,77,Femenino,71981.25917,1.733819682,Guayaquil,Master,4
4245,30,F,54511.12781,,Quito,bachillers,0
4246,32,Masculino,42783.22279,1.771325521,Quito,Ph.D,2.948898789
4247,,Femenino,81834.90605,1.742649345,Guayaquil,mre,2
4248,68,Masculino,54212.26661,1.765463144,Guayaquil,Secundaria,4
4249,50,Masculino,32109.24829,1.704007398,Quito,Master,4
4250,23,Masculino,55969.39648,1.781109465,Esmeraldas,bachillers,0
4251,76,Masculino,72121.04269,1.592722167,,Secundaria,4
4252,44,Femenino,69725.42707,1.845911604,Manta,Master,0
4253,40,Masculino,50386.81295,1.684379344,Santo Domingo,bachillers,2
4254,76,Masculino,45337.78305,1.717718183,Manta,,
4255,,F,39507.34186,1.668644896,Quito,master,0
4256,51,Femenino,59658.55242,1.760611084,,PhD,3
4257,73,Masculino,62264.93612,1.80541236,Quito,Secundaria,1
4258,63,,70634.41021,,Guayaquil,Ph.D,4
4259,55,Femenino,57764.48654,1.693071736,Guayaquil,,3
4260,31,Masculino,57319.98352,1.716985543,Manta,Secundaria,4
4261,53,Femenino,55822.60398,1.74363234,Esmeraldas,mre,0
4262,70,Masculino,62290.52549,1.670844088,Santo Domingo,phd,4
4263,25,Femenino,57995.03317,1.656804161,Quito,Secundaria,2
4264,79,Femenino,74086.30883,1.788610218,Santo Domingo,,3
4265,168,masculino ,64662.67458,1.750863791,Santo Domingo,Master,4
4266,36,Masculino,61620.02907,1.721546473,Santo Domingo,mre,3
4267,47,Masculino,59374.01317,1.824940529,Santo Domingo,,16
4268,31,Masculino,45872.63184,1.566227236,,Master,2
4269,76,F,59990.21187,1.779845269,Guayaquil,PhD,0
4270,37,Femenino,50302.0767,,Quito,Secundaria,4
4271,66,Femenino,65198.26541,1.55450799,Guayaquil,sin  educacion,1
4272,42,Femenino,56867.11426,1.816632718,Guayaquil,Secundaria,3
4273,57,Masculino,84964.71932,1.758986328,Quito,Secundaria,0
4274,41,Masculino,41070.73962,1.772334181,Quito,bachiller ,1
4275,31,Masculino,13492.22527,1.669634422,Quito,,3
4276,43,F,64014.94557,1.776258933,Guayaquil,Master,1
4277,55,Masculino,50351.30115,,Quito,Master,4
4278,40,Masculino,,,Esmeraldas,bachiller,4
4279,39,Femenino,41465.43265,1.698694467,Manta,Secundaria,3
4280,65,Femenino,1868233.327,1.767500919,,Master,3
4281,74,M,54202.33196,1.80149256,Esmeraldas,phd,-3
4282,36,,49380.81644,1.715069078,Manta,Master,0
4283,63,Masculino,88357.38243,1.707353372,,master,1
4284,165,Femenino,72605.14726,,Quito,phd,3
4285,20,Femenino,-13276.68165,1.666606356,Quito,master,3
4286,59,Femenino,57417.34858,1.643787553,Quito,Secundaria,2
4287,36,Masculino,-36197.08178,1.861823881,Esmeraldas ,,1
4288,26,Masculino,51049.10557,1.672223861,,PhD,4
4289,,Masculino,49297.91372,1.791661399,Esmeraldas ,bachillers,3
4290,37,Femenino,65973.57869,1.835963038,Esmeraldas,Secundaria,3
4291,62,Femenino,54473.21467,1.721000601,Quito,bachillers,4.861093248
4292,24,Femenino,93312.28681,1.726385198,Guayaquil,Secundaria,1
4293,31,Femenino,72637.88037,1.879780396,Guayaquil,mre,0
4294,26,Masculino,88248.9235,1.569202773,Quito,bachillers,4
4295,,Masculino,26569.79723,1.567506841,Santo Domingo,master,0
4296,175,Masculino,88431.3151,1.781553873,Quito,mre,3
4297,72,Femenino,24225.80428,1.659124442,Guayaquil,bachiller,0
4298,74,Femenino,41086.33296,1.786149519,,bachiller ,0
4299,77,Masculino,33710.29476,1.694357257,Quito,Master,-5
4300,36,Femenino,63645.73711,1.783277205,Quito,Master,3
4301,64,Masculino,59727.04429,1.611853896,Santo Domingo,Secundaria,1
4302,-3,Femenino,71923.78791,1.761312205,Santo Domingo,Master,2
4303,31,Femenino,58673.03578,1.649903464,,Ph.D,0
4304,73,M,78376.50439,1.772023073,Santo Domingo,Master,3
4305,55,Masculino,46009.6012,1.936459649,Esmeraldas,,2
4306,70,Femenino,78722.44217,1.619550727,,,1
4307,78,Masculino,59538.8899,1.664591207,Guayaquil,bachillers,2
4308,53,Masculino,95337.90301,1.687225749,Santo Domingo,bachiller ,1
4309,57,Femenino,73078.60515,1.732275105,Quito,Ph.D,2
4310,34,F,55445.07496,1.470864963,Esmeraldas,,1
4311,47,Femenino,59488.90562,1.703323912,Santo Domingo,Secundaria,0
4312,26,Masculino,44863.26173,1.678151703,Esmeraldas,Secundaria,2
4313,121,Femenino,65390.40245,1.678855781,Manta,mre,1
4314,73,Femenino,-16848.59629,1.729453447,,master,3
4315,69,,70862.52433,3.617682246,Quito,mre,4
4316,42,Femenino,39930.01264,1.733858291,Manta,master,2
4317,31,Femenino,55054.90807,1.592295523,Santo Domingo,mre,2
4318,28,Masculino,-12825.70054,1.674960716,Esmeraldas,bachiller,2
4319,70,Femenino,-17830.87742,1.670762901,Manta,Ph.D,2
4320,52,Femenino,69090.75251,1.752729339,Santo Domingo,,4
4321,58,Masculino,76867.59507,1.603391123,Santo Domingo,Secundaria,2
4322,76,Femenino,25011.81988,1.719336879,Esmeraldas,bachiller,0
4323,31,Femenino,87928.11797,1.860885799,Esmeraldas,bachiller,0
4324,47,Masculino,81061.30716,1.433913692,Manta,PhD,3
4325,58,Femenino,-27743.87923,1.683009042,Esmeraldas,sin  educacion,4
4326,21,Masculino,72402.65291,1.501516777,Santo Domingo,,3
4327,76,Femenino,53097.21012,,Quito,master,0
4328,21,Masculino,58528.4915,1.783546359,Manta,,2
4329,45,Masculino,69030.81836,1.648908646,Quito,bachiller ,2
4330,25,Femenino,67199.93778,1.792606007,Quito,bachiller,1
4331,19,Masculino,51405.05713,1.83608391,Santo Domingo,bachiller ,-5
4332,131,Masculino,1799700.662,1.740177495,Guayaquil,Secundaria,1
4333,78,Femenino,52226.60244,1.648502705,Guayaquil,Secundaria,4
4334,63,Femenino,77142.41368,1.753600427,Manta,bachiller,4
4335,39,Masculino,32072.75743,1.868089076,Santo Domingo,,2
4336,58,Femenino,57571.28919,1.566885981,Esmeraldas,master,2
4337,73,Masculino,83588.20357,,Santo Domingo,,3
4338,72, femenino,70555.55326,1.571108344,Esmeraldas,sin  educacion,0
4339,33,Femenino,75764.46083,1.548242551,Santo Domingo,master,
4340,46,Femenino,57779.12082,1.576648008,,Secundaria,2
4341,79, femenino,42546.5523,1.696061364,,bachillers,0
4342,66,Femenino,60835.31336,1.826299134,Quito,mre,4
4343,65,Femenino,49665.96691,1.498892749,Santo Domingo,Ph.D,0
4344,47,F,93460.29769,1.798954016,Manta,mre,3
4345,29,Masculino,57627.34762,,Manta,bachillers,0
4346,52,Masculino,,1.589711176,Manta,master,0
4347,28,Masculino,85535.88053,1.759157604,Manta,Secundaria,3
4348,63,Masculino,43548.76226,1.652516865,Manta,bachiller,4.617327587
4349,67,Masculino,25804.05292,1.925890286,Guayaquil,bachiller ,2
4350,38,Femenino,-10012.46023,1.749846211,Quito,,3
4351,38,Masculino,70174.91094,1.705595424,Santo Domingo,Secundaria,2
4352,22,Femenino,,1.764821877,Esmeraldas,Secundaria,4
4353,65,Femenino,42656.20153,1.834352336,Santo Domingo,Ph.D,1
4354,37,Masculino,64647.28658,1.844082983,Manta,bachiller ,0
4355,54,Femenino,59643.80007,1.792803859,Esmeraldas,bachillers,3
4356,20,M,64833.02146,1.837679954,Santo Domingo,bachillers,0
4357,61,Femenino,43005.66205,1.820326498,Esmeraldas,mre,4
4358,50,Masculino,64871.9338,1.790929107,Quito,bachiller,1
4359,70, femenino,72293.03047,1.660568351,Manta,bachiller ,3
4360,78,F,37411.67867,1.825723745,Esmeraldas,Secundaria,2
4361,26,Masculino,81906.24913,1.657136019,Guayaquil,Secundaria,2
4362,78,Femenino,63817.39161,1.726356985,Manta,Secundaria,3
4363,26,Femenino,72764.16729,1.662384181,Quito,bachillers,3
4364,21,Femenino,40816.04057,1.767398147,Quito,Secundaria,4
4365,52,Femenino,70238.77483,1.827956268,Santo Domingo,phd,1
4366,34,Femenino,35330.37347,1.659313458,Guayaquil,Secundaria,
4367,51,Masculino,45776.3006,1.558826955,Esmeraldas,Ph.D,2
4368,41,Masculino,,1.801053844,Santo Domingo,Master,1
4369,49,Masculino,55860.74752,1.803559907,Quito,PhD,3
4370,18,Masculino,60412.45753,1.85644649,Esmeraldas,Ph.D,1.292507916
4371,25,Masculino,88910.80265,1.789389243,Quito,master,4
4372,62, femenino,60177.21476,1.791697021,Quito,phd,3
4373,40,Masculino,70645.52578,1.628258065,Sto. Domingo,bachiller,3
4374,171,Masculino,58998.51107,1.773702897,Manta,bachiller,-3
4375,57,Femenino,58554.22945,1.914682773,Esmeraldas,Secundaria,3
4376,29,Femenino,45325.9826,1.644700784,Guayaquil,Secundaria,1
4377,71,Masculino,65521.83338,1.578201749,Quito,Secundaria,1
4378,29,Masculino,98032.19128,1.714056247,Quito,Secundaria,26
4379,63,,1913693.851,1.793743972,Guayaquil,bachiller ,2
4380,64,Masculino,55994.87998,1.721651198,Esmeraldas,Secundaria,4
4381,32,Masculino,77102.1084,1.878377101,Quito,phd,1
4382,58,Masculino,75342.04125,1.613961887,Esmeraldas,master,2
4383,36,Femenino,66585.86096,1.548443933,Guayaquil,Ph.D,4.732549406
4384,43,Masculino,55374.46779,1.842900071,Quito,Master,-3
4385,69,Masculino,77166.41189,,Santo Domingo,bachiller,3
4386,46,Femenino,61813.95002,1.731712126,Santo Domingo,mre,4
4387,39,Femenino,73706.40603,1.840182099,Quito,sin  educacion,
4388,57,Femenino,47710.5384,1.721629091,Manta,bachillers,0
4389,135,Masculino,51199.35138,1.630208683,Quito,Secundaria,1
4390,68,Femenino,61453.20012,1.827229037,,PhD,2
4391,55, femenino,41471.89102,1.717078349,Quito,PhD,4
4392,37,Femenino,54451.48432,1.677912625,Guayaquil,Secundaria,17
4393,74,Masculino,40806.91573,1.864350731,Quito,,4
4394,-7,Femenino,36828.70927,1.662385447,Quito,,2
4395,68,Masculino,96539.89015,1.640066259,Guayaquil,mre,2
4396,21,Masculino,50865.37858,1.60972602,Quito,phd,3
4397,72,,52184.50607,1.821604145,Santo Domingo,Secundaria,0
4398,24,Femenino,61203.28648,1.742764632,Santo Domingo,Secundaria,2
4399,45,,44073.93701,1.651252648,,PhD,3
4400,45,,52474.97891,,Guayaquil,PhD,1
4401,21,M,87516.13753,1.840872234,Quito,Master,0
4402,39,Femenino,65371.49374,1.652722368,Quito,Master,4
4403,,Femenino,74791.22614,1.518081228,Esmeraldas,,0
4404,62,Masculino,83603.8955,1.708734623,Manta,Secundaria,1
4405,20,Femenino,63159.7423,1.803267808,Guayaquil,Ph.D,2
4406,,Femenino,56681.3174,1.772013185,Manta,bachillers,2
4407,61,Masculino,38492.18314,1.708119709,Esmeraldas,mre,3
4408,19,Masculino,54256.5983,1.655820439,Manta,bachillers,2
4409,41,masculino ,57562.53353,1.643936796,,Secundaria,2
4410,51,Masculino,,1.827597596,Santo Domingo,Master,0
4411,44,M,83178.38114,1.504719418,Guayaquil,mre,1
4412,72,Femenino,76534.41844,1.60508218,Guayaquil,,4
4413,58,Masculino,74783.13261,1.690416981,Quito,bachillers,4
4414,18,Masculino,58256.9604,1.50056812,Manta,Ph.D,3
4415,25,Masculino,44504.52224,1.678204806,Guayaquil,bachiller,1
4416,123,Masculino,79920.02271,1.577303722,Esmeraldas,,0
4417,55,Masculino,65030.41927,1.747479252,Esmeraldas,Master,2.257871791
4418,23,Masculino,71596.23559,1.642680609,Manta,bachiller,3
4419,39,Femenino,69288.71002,1.660027206,Esmeraldas,Secundaria,2
4420,42,Femenino,64659.40882,1.63569533,Santo Domingo,sin  educacion,2
4421,,Masculino,89994.23725,1.767622259,Quito,bachiller,0
4422,34,Femenino,50139.09492,1.693108858,Guayaquil,bachillers,4
4423,118,Femenino,55366.05672,,Quito,phd,2
4424,29,Femenino,84617.37903,1.820795818,Manta,Master,3
4425,23,Femenino,,1.671295583,Quito,,3
4426,43,Masculino,58110.9985,1.630289169,Guayaquil,mre,4
4427,44,Femenino,56204.89298,1.658104724,Guayaquil,phd,0
4428,25,Femenino,70189.53919,1.966182372,Manta,bachillers,3
4429,36,Masculino,56560.72761,1.638252116,Guayaquil,mre,1
4430,77,Masculino,54876.70002,1.682526444,Esmeraldas,,3
4431,59,Masculino,69942.23425,1.721446374,Quito,bachillers,0
4432,-3,Masculino,61398.8575,1.754656865,Santo Domingo,mre,3
4433,74,,44858.29515,1.710336761,Santo Domingo,bachillers,2
4434,,Masculino,60480.24626,1.877394158,Santo Domingo,,
4435,62,Femenino,1857788.517,1.723596874,Manta,master,2
4436,66,,71479.59219,1.685071606,Santo Domingo,Master,2
4437,,Masculino,82769.69507,1.79558788,Quito,bachiller ,4
4438,57,Masculino,49030.50106,1.611336882,Guayaquil,Secundaria,0
4439,31,,76053.44662,1.75391943,Esmeraldas,phd,2
4440,52,Masculino,50272.24701,1.662917678,,Master,4
4441,65,Masculino,41514.10618,1.828563992,,bachiller ,4
4442,62,Masculino,47954.04425,1.836262256,Santo Domingo,phd,2
4443,183,Femenino,61971.15395,1.682591246,Sto. Domingo,bachillers,2
4444,73,Femenino,75419.27325,1.612961143,Quito,Secundaria,1
4445,66,Femenino,64656.23467,1.513777733,Sto. Domingo,Master,
4446,30,Femenino,57700.77481,1.722521049,Guayaquil,Secundaria,4
4447,78,Masculino,44516.829,1.486737084,Manta,Master,1.358261768
4448,55,,,1.691495699,Guayaquil,Secundaria,4.686692905
4449,66,Femenino,74454.33954,1.64390399,Quito,mre,3
4450,63,Femenino,64474.2541,1.75580614,Guayaquil,bachiller ,3
4451,66,Femenino,44215.22064,1.698635893,Esmeraldas,PhD,4
4452,79,Masculino,72130.63695,1.643365482,,mre,1
4453,25,Masculino,78408.67114,1.784907002,Guayaquil,master,3
4454,60,M,82995.25308,1.59087027,Sto. Domingo,bachiller,0
4455,37,Femenino,53434.54491,1.756307597,Quito,Secundaria,2
4456,77,Femenino,66544.57284,1.906217594,Santo Domingo,Master,2.234554258
4457,50,Masculino,51982.02363,1.796557162,Manta,Secundaria,0
4458,43,Masculino,46164.57846,,Quito,bachillers,0
4459,56,Femenino,83748.06267,1.598167636,Esmeraldas,master,2.360101775
4460,38,Femenino,68468.50792,1.793465947,Santo Domingo,,2.11992789
4461,70,Masculino,,1.577568952,Guayaquil,Master,0
4462,116,Femenino,41627.62365,1.700601476,Esmeraldas,bachiller ,2
4463,79,Masculino,64326.28612,1.772450892,Quito,Secundaria,1
4464,59,Masculino,67624.48599,1.599104918,Guayaquil,Master,
4465,60,Femenino,,1.593586674,Esmeraldas,,3
4466,71,Femenino,82317.57699,1.568212944,Manta,,3
4467,,Femenino,56317.19824,1.859449091,Quito,bachillers,2
4468,58,Masculino,66804.52938,1.869850807,Guayaquil,Secundaria,0
4469,26,Femenino,51746.12426,1.868361818,Manta,Secundaria,4
4470,41,Femenino,42083.88723,1.881741929,Sto. Domingo,Ph.D,3
4471,54,Masculino,73695.90141,1.636696494,Santo Domingo,Ph.D,0
4472,66,Masculino,,1.518733518,Sto. Domingo,master,1
4473,58,Femenino,63558.77531,1.870324761,Quito,bachillers,2
4474,34,,55827.47017,1.792917717,Guayaquil,PhD,4
4475,41,Masculino,65277.44465,1.784877663,Santo Domingo,,
4476,38,Masculino,78993.56156,1.595997885,Esmeraldas,bachiller ,
4477,68,Femenino,49742.85691,1.709705099,Esmeraldas,Master,0
4478,76,Femenino,68404.0899,1.715926702,Guayaquil,bachiller,4
4479,156,Masculino,63037.35377,1.693686175,Santo Domingo,phd,1
4480,72,Masculino,57233.78139,1.614973768,Quito,phd,1
4481,,Masculino,35316.65041,1.509908267,Quito,bachillers,2
4482,56,Femenino,59820.1123,1.624733584,Esmeraldas,Secundaria,
4483,,Masculino,70090.32787,1.412853401,Manta,bachillers,1
4484,28,Masculino,64859.58629,1.65871214,Guayaquil,bachiller ,1
4485,63,Femenino,38419.89004,1.638500168,Manta,bachiller,0
4486,36,Masculino,78705.82721,1.583227436,Quito,bachiller,4
4487,28,Femenino,84718.80248,1.740086594,Manta,bachillers,0
4488,,Femenino,58357.54052,1.665662872,Quito,Secundaria,2
4489,63,Femenino,94666.14511,1.672884504,Manta,mre,2
4490,62,Masculino,-12952.89865,1.839099138,Esmeraldas,mre,2
4491,18,Masculino,,1.667892556,Quito,sin  educacion,4
4492,57,Femenino,44777.67297,1.745376412,Esmeraldas,Secundaria,1.91813693
4493,61,F,63677.08157,1.591687823,Manta,bachillers,2
4494,36,Femenino,33324.77533,1.725543296,Santo Domingo,,2
4495,29,Masculino,55336.3072,1.689744888,Sto. Domingo,master,0
4496,25,Femenino,104018.255,,Guayaquil,bachiller,0
4497,25,Femenino,37442.63387,1.577515268,Santo Domingo,Secundaria,3
4498,78,Masculino,,1.58702614,Guayaquil,sin  educacion,3
4499,70,Masculino,-13108.53215,1.665382838,Guayaquil,mre,3
4500,62,Masculino,55727.74299,1.83306392,Sto. Domingo,bachiller ,3
4501,29,Masculino,54777.64319,1.555973896,,bachillers,0
4502,78,Femenino,49956.58155,1.868051377,Guayaquil,bachiller ,
4503,65,Femenino,,1.629345231,Sto. Domingo,,0
4504,-20,Masculino,69498.08384,1.708309008,Guayaquil,bachillers,1
4505,62,Masculino,80780.1876,1.800260221,Quito,bachiller ,1
4506,,Femenino,55733.61771,1.6644336,Manta,Secundaria,2
4507,56,Masculino,60086.77742,1.675638273,Esmeraldas,sin  educacion,3
4508,45,Masculino,66948.83743,,Quito,Secundaria,2
4509,75,Masculino,41463.32375,,Manta,Secundaria,1
4510,22,Masculino,57710.23498,1.770063075,,bachillers,2
4511,25,Femenino,52417.04253,1.685403383,Sto. Domingo,sin  educacion,3
4512,42,masculino ,74278.99461,1.692359145,Santo Domingo,Secundaria,0
4513,44,Masculino,86277.38178,1.592769629,Manta,Master,3
4514,63,masculino ,48344.062,1.671586632,Guayaquil,bachillers,0
4515,40,Masculino,,1.706738212,,bachiller ,1
4516,47,Masculino,38124.41335,1.696640905,Manta,Master,4
4517,62,Masculino,63010.10527,1.72961001,Santo Domingo,Secundaria,2
4518,64,Femenino,63899.95214,1.811147445,Esmeraldas,Master,4
4519,40,M,37741.28334,1.548863359,Santo Domingo,bachiller ,3
4520,,Femenino,47573.59828,1.636675213,Guayaquil,Ph.D,0
4521,64,Femenino,46114.18732,1.814444414,Esmeraldas,mre,3
4522,37,Femenino,40329.01156,3.011563261,Esmeraldas,Master,3
4523,35,,20006.73135,1.592627866,Esmeraldas,bachiller ,1
4524,35,Masculino,56891.25828,1.637462764,Guayaquil,mre,-5
4525,19,Femenino,58698.39248,1.569136441,Guayaquil,bachillers,2
4526,21,Femenino,58580.61791,1.496345606,Guayaquil,,1
4527,47,Femenino,71485.59157,1.727448241,Guayaquil,Ph.D,4
4528,50,masculino ,,1.759424353,Guayaquil,Secundaria,3
4529,53,Femenino,54284.24823,1.670037113,Quito,bachiller ,4
4530,35,Masculino,98399.66859,1.670944459,Quito,phd,2
4531,54,masculino ,73301.33869,1.688889171,,bachiller ,2
4532,36,Femenino,73386.95504,1.643138481,Esmeraldas,master,2
4533,64,Masculino,44751.08307,1.695642022,Santo Domingo,Master,
4534,45,Masculino,57061.44144,1.838689303,Santo Domingo,bachillers,4
4535,57,F,25502.09011,1.617261956,,bachiller,4.214627269
4536,37,Masculino,68782.23461,1.671695763,Guayaquil,master,1
4537,66,,81004.48603,1.68723556,,bachiller,3
4538,50,Masculino,38253.03587,1.643249658,Santo Domingo,Master,1
4539,,Femenino,42616.73517,1.706792564,Santo Domingo,Secundaria,2
4540,75,masculino ,59519.5795,1.450004069,Esmeraldas,Secundaria,3
4541,68,Masculino,62299.41003,1.757291405,Santo Domingo,Secundaria,0
4542,32,Femenino,51874.11781,1.602779479,Quito,bachiller,1
4543,58,Masculino,47769.45631,1.615935343,Esmeraldas ,master,2
4544,56,Masculino,47930.14105,1.683250413,Guayaquil,Ph.D,3
4545,19,M,59264.53209,1.561030269,Santo Domingo,PhD,3
4546,46,Masculino,530977.6473,1.833120627,Manta,Master,2
4547,,Femenino,59260.46633,1.617615307,Quito,,4
4548,27,Masculino,57827.10311,1.963269148,Santo Domingo,Master,1
4549,19,Masculino,33611.18586,1.763020021,Quito,Master,3
4550,-4,Femenino,73005.88013,1.643170614,,Master,4
4551,28,Masculino,59229.14733,1.669360286,Quito,phd,0
4552,30,Masculino,1290871.555,1.714859107,Quito,Secundaria,3
4553,27,Masculino,63827.07511,1.869872045,Quito,master,3
4554,31,M,47342.85215,1.795028624,Guayaquil,bachillers,0
4555,,Masculino,-5783.537683,1.787525445,Manta,Secundaria,0
4556,68,Masculino,,1.669442937,Guayaquil,phd,3
4557,71,Masculino,49821.67959,1.643307358,Esmeraldas,mre,2
4558,26,Masculino,35314.8693,1.763740501,Santo Domingo,bachiller,0
4559,74,Femenino,32872.91725,1.833357054,Guayaquil,phd,4
4560,,Masculino,66685.99232,1.686197033,Quito,Secundaria,0
4561,45,Masculino,59533.3682,1.631532955,Esmeraldas,Secundaria,3
4562,20,Femenino,59002.95403,1.596670437,Manta,bachillers,3
4563,37,Femenino,42572.95911,1.532649199,Manta,Master,1
4564,23,Femenino,59691.75997,1.655319354,Guayaquil,bachiller ,4
4565,44,Masculino,53993.18112,1.674561013,Quito,bachillers,1
4566,70,Femenino,1421812.618,1.697993603,,phd,0
4567,19,Femenino,58874.23868,1.754163926,Manta,,1
4568,46,Masculino,,1.653123224,Quito,bachiller,3
4569,55,Masculino,86248.54476,2.643436766,Santo Domingo,Secundaria,2
4570,20,Femenino,68479.39975,1.586130549,Guayaquil,Ph.D,0
4571,33,Femenino,72863.44023,1.768276988,Guayaquil,master,3
4572,47,Masculino,76569.82606,1.57804419,Quito,Secundaria,0
4573,57,Masculino,48539.66066,1.614954454,Manta,bachiller ,1
4574,19,Masculino,55186.73144,1.72810008,Esmeraldas ,mre,1
4575,34,Masculino,46426.34208,1.804367437,Santo Domingo,PhD,0
4576,58,,49772.67146,,Santo Domingo,Secundaria,0
4577,79,Femenino,53576.36364,1.708461397,Esmeraldas,master,1
4578,29,Masculino,49415.17076,1.826273229,Quito,bachiller ,0
4579,52,Masculino,63361.53686,1.577785621,Santo Domingo,bachiller ,1
4580,60, femenino,66492.64697,1.776988274,Quito,Master,0
4581,,Masculino,40407.86002,1.631093414,,Secundaria,2
4582,72,Masculino,55318.77223,1.724309578,Manta,Master,0
4583,62,Femenino,55483.02561,1.75397365,Manta,bachiller,0
4584,,Masculino,37913.90507,1.582425704,Esmeraldas ,phd,3
4585,43,Femenino,48507.81876,1.625343995,Manta,Secundaria,2
4586,167,Masculino,73101.78497,1.766585786,Quito,,1
4587,38,masculino ,72908.66264,1.673988942,Guayaquil,,1
4588,79,Femenino,35562.15232,1.628633841,Guayaquil,master,4
4589,66, femenino,67081.93511,1.719473225,Quito,bachiller,2
4590,48,Masculino,37945.68934,1.59205823,,Secundaria,2
4591,42,Masculino,53977.76409,1.58173593,,master,0
4592,40,Masculino,58540.21053,1.461162433,Guayaquil,PhD,-5
4593,,Masculino,71291.63056,1.735978996,Esmeraldas,bachillers,1
4594,74,Femenino,57381.18015,1.703199208,Manta,Secundaria,1
4595,55,Masculino,44792.06349,1.75405901,Guayaquil,Secundaria,3
4596,45,Masculino,-6860.115425,1.822185925,Guayaquil,,3
4597,38,Femenino,62519.83001,1.675868855,Esmeraldas,Secundaria,2
4598,71,Masculino,50493.00797,1.69304562,Esmeraldas,Secundaria,3
4599,60,Femenino,53869.59576,1.73432117,Guayaquil,phd,3
4600,35,Masculino,,1.642992255,Santo Domingo,bachiller ,0
4601,53,F,66523.46897,1.554229098,Guayaquil,Secundaria,2
4602,52,Masculino,-35912.93304,1.584839538,,master,-3
4603,62,Femenino,44727.03869,1.696018319,Manta,Secundaria,4
4604,72,Femenino,49362.12791,1.799979129,,Master,1
4605,26,Masculino,62755.30994,1.856732369,Manta,Secundaria,3
4606,70,,87281.96265,1.671529721,,bachiller ,
4607,55,Masculino,48077.01921,1.71678461,,,3
4608,129,,60576.15969,1.887080698,Santo Domingo,mre,1
4609,47,Femenino,79818.45139,1.751682092,Esmeraldas,Secundaria,3
4610,77,Femenino,60748.81523,1.713721772,,mre,4
4611,61,Masculino,75300.05782,1.721015906,Esmeraldas,Ph.D,2
4612,51,Masculino,89362.34134,1.758196128,Sto. Domingo,,
4613,49,Femenino,64426.85754,1.577970084,Esmeraldas,Secundaria,4
4614,,Masculino,66877.20936,1.776054286,Esmeraldas,master,4
4615,20,Femenino,71144.17594,1.743911609,Guayaquil,mre,-2
4616,45,Masculino,46434.42753,1.808823708,Quito,bachiller,2
4617,61,Masculino,37776.49917,1.749412151,Quito,PhD,1
4618,32,Femenino,,1.802124855,Manta,mre,0
4619,58,Masculino,50623.05933,1.607712434,Manta,bachillers,2
4620,40,Masculino,75791.3733,1.640356982,Manta,mre,0
4621,57,Masculino,64714.45741,1.715270698,Santo Domingo,PhD,2
4622,28,F,,1.624878985,Manta,phd,4
4623,65,Masculino,41975.2665,1.785548633,Guayaquil,phd,0
4624,49,Femenino,75023.0465,1.558446251,Manta,phd,2
4625,75,Masculino,25518.62573,1.684040517,Guayaquil,Secundaria,2
4626,76,Femenino,43205.84784,1.643350583,Manta,Ph.D,0
4627,74,Masculino,69483.57659,1.625757894,Quito,phd,2
4628,71,Masculino,52461.57874,1.562901268,Guayaquil,,1
4629,53,Femenino,53905.47383,1.704180047,Esmeraldas,Ph.D,1
4630,77,Femenino,61608.51416,1.691689247,Santo Domingo,Master,0
4631,50,Masculino,81329.32511,1.890438508,Guayaquil,,4
4632,41,Masculino,31173.45785,1.948792041,Guayaquil,master,3
4633,56,,78730.59544,1.593203272,Quito,Secundaria,0
4634,51,masculino ,79611.90179,1.50969856,Manta,,0
4635,73,Femenino,52434.39567,1.579934217,Esmeraldas,phd,0
4636,45,Femenino,49576.7279,1.693814036,Quito,Secundaria,2.8933639
4637,54,Masculino,58230.43985,1.812517085,Quito,PhD,1
4638,24,Masculino,49257.42446,,Guayaquil,bachiller,0
4639,21,Masculino,65171.64856,1.75782778,Esmeraldas,phd,4
4640,54,Masculino,67125.18376,1.620095922,Quito,Master,3
4641,73,Masculino,36691.35713,1.651287756,Santo Domingo,bachiller,3
4642,18,Femenino,46194.65737,1.716679662,,bachillers,4
4643,,Femenino,42222.91456,1.698886536,Quito,,0
4644,64,Femenino,63220.31235,1.696394163,Guayaquil,bachillers,3
4645,37,Masculino,73084.98164,1.5918201,,,1
4646,36,Femenino,43898.46759,1.822589381,Guayaquil,PhD,1.173919163
4647,46,Masculino,,1.821833141,Manta,bachiller ,4
4648,27,Masculino,46128.00742,1.823508427,Manta,Secundaria,3
4649,77,Masculino,70779.3294,1.632277565,Guayaquil,Secundaria,4
4650,35,Femenino,55744.02856,1.711939022,Quito,Secundaria,0
4651,45,Masculino,-47892.58046,1.647512518,,phd,3
4652,52,M,77136.75806,1.602528329,Manta,bachiller,-5
4653,60,Femenino,86815.36097,1.728496308,Santo Domingo,Ph.D,1
4654,64,Masculino,30873.75838,1.487766158,,Secundaria,1
4655,48,Femenino,68991.5352,1.784684015,Guayaquil,Secundaria,2
4656,188,Masculino,62660.01363,1.58373022,Manta,Ph.D,3
4657,79,Femenino,-4426.964629,1.66869855,Quito,Secundaria,
4658,28,Masculino,38422.28603,1.47308764,Manta,Secundaria,2
4659,66,Masculino,43735.19017,1.880775761,Santo Domingo,Master,3
4660,66,Femenino,49928.55412,1.765822438,Quito,Secundaria,1
4661,55,,63195.98653,1.708587177,Esmeraldas,phd,0
4662,22,Femenino,49010.19374,1.631186906,Santo Domingo,bachiller ,1
4663,25,Masculino,-32439.51527,1.593427326,Guayaquil,bachiller ,3
4664,51,Femenino,72457.91884,1.679969069,Guayaquil,phd,0
4665,65,Masculino,90732.20429,1.730221096,Manta,PhD,0
4666,69,Masculino,71388.00389,1.677015682,Quito,Secundaria,3.410381313
4667,73,Masculino,72890.92807,1.753091976,Guayaquil,phd,0
4668,29,Femenino,57272.23433,1.885572948,Quito,PhD,3
4669,55,Femenino,46640.94897,1.592684672,Manta,Secundaria,4
4670,,Femenino,,1.723648606,Santo Domingo,Master,
4671,48,Femenino,59131.46623,1.874121581,Santo Domingo,Master,0
4672,21,Femenino,42597.93278,1.668924605,Manta,Secundaria,4
4673,66, femenino,72226.81028,1.686095869,Esmeraldas,master,3
4674,62,Masculino,82791.75802,1.746126005,Esmeraldas,master,2
4675,67,Masculino,61836.32887,1.767609729,Santo Domingo,Secundaria,1
4676,22,Masculino,76261.10966,1.804976995,Guayaquil,Master,1
4677,47,Masculino,78126.48215,1.710927784,Quito,phd,3
4678,73, femenino,44480.24665,1.620514391,Manta,master,2
4679,41,Masculino,-2266.08145,1.75607626,Guayaquil,mre,3
4680,76,Femenino,52514.76247,1.603308584,,Ph.D,0
4681,20,Masculino,61438.24049,1.733195786,Santo Domingo,PhD,2
4682,28,Femenino,42058.02366,1.707725119,Manta,bachiller ,4
4683,62,Femenino,,1.705273956,Guayaquil,Secundaria,0
4684,21,Femenino,89232.02348,1.691770257,Quito,bachiller,4
4685,43,,62687.95422,1.800190516,Santo Domingo,bachillers,0
4686,44,Masculino,45273.04013,1.761804111,Santo Domingo,master,0
4687,63,Masculino,67294.43023,1.769456806,Quito,Ph.D,0
4688,71,Masculino,45225.89566,1.65363517,Esmeraldas,bachiller ,3.567432465
4689,-18,Femenino,77146.40324,1.535792124,Esmeraldas,Secundaria,2
4690,44,F,56528.52613,1.660287639,Quito,bachillers,2
4691,59,Femenino,70908.79284,1.7435755,Quito,Master,0
4692,68,,,1.703239764,Quito,bachiller ,3
4693,67,Masculino,68069.37021,1.656722557,Esmeraldas ,phd,0
4694,23,Femenino,86779.21095,1.722143092,Manta,Ph.D,0
4695,76,F,62674.09674,1.673280812,Santo Domingo,Secundaria,3
4696,78,M,52452.07025,1.704879927,Santo Domingo,bachiller ,3
4697,32,Femenino,28467.15673,3.189541857,Esmeraldas,PhD,0
4698,,Femenino,25740.58164,2.660219491,Quito,bachiller,1
4699,47,Masculino,,1.76128237,Santo Domingo,bachiller,1
4700,59,Masculino,57242.33912,1.911224918,Santo Domingo,Ph.D,3
4701,54,Femenino,47769.0629,1.628806588,Quito,Ph.D,0
4702,75,Femenino,43291.42247,1.649680689,,Master,4
4703,78,,71114.31505,1.717426378,Esmeraldas,mre,4
4704,54,Masculino,45246.97431,1.696589133,Guayaquil,Secundaria,0
4705,59,Masculino,84459.91481,,Santo Domingo,,0
4706,77,Masculino,95264.79924,1.659166876,Manta,Secundaria,0
4707,54,Femenino,,1.684627642,,bachiller ,4
4708,52,Masculino,70047.37718,1.643778392,Esmeraldas ,Secundaria,4
4709,40,F,66600.3239,1.852362304,Guayaquil,,3
4710,23,Masculino,,1.748719637,Quito,Secundaria,-3
4711,21,Femenino,45270.17885,1.857088587,,bachiller,3
4712,35,Femenino,58161.13167,1.991506343,Guayaquil,sin  educacion,3
4713,77,Masculino,-13586.39594,1.623718541,Esmeraldas,sin  educacion,1
4714,26,Femenino,76368.85441,1.80781939,Manta,PhD,3
4715,66,F,56308.34229,1.674326231,Guayaquil,Secundaria,3
4716,46,Femenino,43190.5745,1.631235831,Santo Domingo,Secundaria,3
4717,30,Masculino,58665.15962,1.553371719,,Ph.D,3
4718,76,,66996.34951,1.912836644,Guayaquil,Secundaria,2
4719,64,Masculino,49133.28483,1.800203491,Esmeraldas,mre,1
4720,79,Masculino,30103.63212,1.677457139,Manta,bachiller ,4
4721,69,Femenino,61895.51656,1.762193452,Santo Domingo,bachiller,0
4722,34,Masculino,41745.00551,1.519102412,Manta,PhD,4
4723,165,Femenino,48093.775,1.690561915,Sto. Domingo,sin  educacion,-5
4724,49,Masculino,-33109.31561,1.62380811,Santo Domingo,phd,3
4725,65,Femenino,51181.51657,1.844557052,Santo Domingo,sin  educacion,4
4726,39,masculino ,-21258.00046,1.851278871,Esmeraldas,Master,3
4727,21, femenino,81795.76648,1.789045166,Quito,Ph.D,2
4728,22,Femenino,54719.43997,1.794736312,Esmeraldas,bachiller ,2
4729,54,Femenino,90319.74214,1.635013248,Santo Domingo,Secundaria,1
4730,58,Femenino,71098.71967,1.771695483,,bachiller ,4
4731,66,Masculino,46029.38547,1.562061673,Guayaquil,Secundaria,2
4732,152,Masculino,,1.548583627,Manta,Secundaria,1
4733,51,Femenino,41060.35672,1.689451884,Manta,bachiller ,1
4734,62,Masculino,69561.846,1.753019606,Quito,Ph.D,1
4735,39,Femenino,79867.71896,1.759813519,Quito,Master,4
4736,,,54624.09241,1.574297833,,Secundaria,4
4737,76,Masculino,32079.07869,1.544842794,Quito,master,2.011458033
4738,40,Masculino,65407.04655,1.65484529,Guayaquil,mre,0
4739,68,Femenino,47070.25655,1.612358881,Santo Domingo,Secundaria,4
4740,20,Masculino,49339.96471,1.761201757,Quito,Master,4
4741,59,Femenino,64672.90749,1.598713766,Esmeraldas,master,0
4742,51,Masculino,78479.7618,1.894430209,,Ph.D,4
4743,49,Masculino,71092.52592,1.736236021,Guayaquil,Master,4
4744,62,Masculino,66442.51482,1.685307348,Manta,bachiller,2
4745,68,Masculino,57641.21846,1.585267102,,Secundaria,0
4746,75,Masculino,40193.46058,1.56788715,Quito,Ph.D,
4747,66,Femenino,65219.13175,1.667908276,Esmeraldas ,bachiller,0
4748,38,Masculino,70765.94947,1.642115968,Manta,mre,0
4749,,Masculino,,1.526817136,Quito,mre,0
4750,61,Femenino,54504.54807,1.837163298,Guayaquil,bachiller,4
4751,38,Femenino,76650.77886,1.589478035,Guayaquil,bachillers,1
4752,61,Femenino,54112.8672,1.735261357,Esmeraldas ,phd,3
4753,28,Masculino,55941.59027,1.744220519,Guayaquil,,-5
4754,56,Masculino,58674.00282,1.538115569,Quito,mre,4
4755,21,Femenino,69983.36374,1.661528428,Sto. Domingo,master,4
4756,68,Femenino,64399.96806,1.559036691,,bachiller ,3
4757,18,Femenino,63288.94501,,Guayaquil,master,4
4758,45,Femenino,82768.0397,1.70625169,Guayaquil,Secundaria,0
4759,41,Masculino,53857.21615,1.692271762,,Secundaria,2.811311696
4760,78,Masculino,45741.99145,1.617982771,Quito,,2
4761,52,Masculino,,1.818103673,Manta,Ph.D,0
4762,30,Masculino,63463.974,1.662217082,Santo Domingo,bachillers,1
4763,64,Masculino,51161.30705,1.552265288,Manta,Secundaria,2
4764,51,Femenino,54602.01879,1.605570803,Quito,bachillers,0
4765,28,Masculino,40891.04959,1.499289445,Quito,Ph.D,1
4766,53,Femenino,63475.20274,1.634565419,Esmeraldas,bachillers,2
4767,68,Femenino,38078.68446,1.609094616,Manta,bachillers,0
4768,78,Femenino,70230.42086,1.769457826,Guayaquil,mre,2
4769,34,Masculino,52163.98927,1.757222754,Esmeraldas,,2
4770,52,Femenino,,1.721266055,Esmeraldas,mre,2
4771,77,Masculino,76458.7318,1.79471209,,PhD,3
4772,35,Femenino,93845.91582,1.582159686,Esmeraldas,master,1
4773,57,Masculino,66559.80763,1.731832019,Esmeraldas ,phd,2
4774,39,Femenino,55718.68746,1.556199683,Quito,phd,0
4775,74,Masculino,,1.652315464,,,3
4776,41,Femenino,63927.51918,1.734118522,,phd,4
4777,75,Femenino,69550.99145,1.646823655,Manta,bachillers,4
4778,36,F,60103.39727,1.863325382,Guayaquil,Secundaria,1
4779,54,Femenino,73431.56884,1.665196414,Esmeraldas,master,0
4780,56,Masculino,82708.34532,1.780078846,Manta,bachiller ,
4781,38,Masculino,41104.67699,1.673547168,Santo Domingo,bachiller ,0
4782,25,Masculino,64410.73953,1.713166702,Sto. Domingo,,3
4783,45,Femenino,31450.02001,1.663496865,Guayaquil,PhD,3
4784,22,Femenino,47789.26793,1.717714548,Quito,bachiller,4
4785,34,Femenino,70797.95937,1.872664795,Santo Domingo,Secundaria,1
4786,54,Femenino,59297.92387,1.854315774,Guayaquil,bachiller,1
4787,53,Femenino,35836.52371,1.651283127,,bachiller ,0
4788,71,masculino ,75748.66746,1.677099467,Guayaquil,phd,3
4789,36,Masculino,,,Santo Domingo,Ph.D,3
4790,44,Masculino,72763.30843,1.764208705,Santo Domingo,PhD,2
4791,70,M,67690.22962,1.885448535,Guayaquil,mre,1
4792,51,Masculino,47503.08328,1.828594272,Santo Domingo,bachillers,3
4793,28,Masculino,73033.59177,1.673324266,Guayaquil,bachiller,0
4794,,Masculino,64779.2496,1.74030078,Santo Domingo,,4
4795,62,Masculino,62625.71525,1.722572314,Guayaquil,bachiller ,
4796,64,Masculino,52977.73164,1.639423344,Santo Domingo,bachiller ,1
4797,29,Femenino,43459.13941,1.801354431,Manta,bachiller,1
4798,71,Femenino,53719.79904,1.448598272,Manta,Secundaria,2
4799,38,Femenino,53393.2748,1.800612936,Guayaquil,master,1
4800,71,Femenino,72774.28453,1.74118686,Manta,sin  educacion,3
4801,28,Femenino,35265.23163,1.519354117,Guayaquil,,3
4802,56,Femenino,82060.72335,1.595823154,Guayaquil,phd,3
4803,45,F,,1.493411688,Esmeraldas,bachillers,3
4804,22,Masculino,50384.94296,1.86967762,Manta,bachiller,2
4805,34,,81023.60716,1.600835752,Esmeraldas,Secundaria,1
4806,73,Femenino,44916.27169,1.791019679,Esmeraldas,Secundaria,1
4807,,Masculino,76906.8832,1.794588331,Santo Domingo,Ph.D,1
4808,,Masculino,47705.11419,1.687932916,Guayaquil,Secundaria,2
4809,63,Masculino,75501.55336,1.633542801,Quito,bachiller,2
4810,75,Masculino,38439.10155,1.751276541,Esmeraldas,bachiller ,3
4811,29,Masculino,76242.78418,1.721542586,Santo Domingo,Secundaria,
4812,23,Femenino,79328.70858,1.79362377,Manta,Secundaria,2
4813,34,Masculino,37956.40464,1.582669397,Quito,,0
4814,-6,Femenino,86358.89164,1.80224323,Guayaquil,bachillers,3
4815,36,Femenino,75277.44753,1.834768022,Santo Domingo,Ph.D,3
4816,43,M,30030.11883,1.674323196,Quito,Secundaria,0
4817,65, femenino,52650.59597,1.604401595,Guayaquil,Secundaria,1
4818,,Femenino,75564.02709,1.651671459,Guayaquil,mre,-2
4819,61,Femenino,70846.67418,1.635986982,Quito,master,0
4820,69,Femenino,61676.81355,1.681916417,Santo Domingo,Secundaria,0
4821,49,M,73919.46975,1.626186831,Quito,PhD,2
4822,23,Masculino,46889.56227,1.745650784,Esmeraldas,phd,0
4823,72,Femenino,60710.4441,1.763669138,Guayaquil,Secundaria,4
4824,75,Femenino,47316.28203,1.664099895,Manta,master,0
4825,53,M,62022.1389,1.50455233,Quito,bachillers,1
4826,55,Femenino,75015.46437,1.744302607,Quito,bachiller,
4827,28,,71723.40719,1.552487348,Guayaquil,Master,1
4828,50,Femenino,63343.34606,1.724958863,Guayaquil,bachiller ,0
4829,79,Femenino,74845.40626,1.707186806,Quito,master,3
4830,41,Femenino,76322.67021,1.667102988,Manta,phd,1
4831,40,Femenino,86959.84307,1.764483256,Guayaquil,,-4
4832,32,Femenino,77512.02307,1.736356504,Sto. Domingo,Secundaria,1
4833,,Femenino,69846.34527,1.738768198,Esmeraldas,Secundaria,2
4834,28,Masculino,74011.37032,1.782102112,Santo Domingo,bachiller,2
4835,74,Femenino,63653.39121,1.658717866,Sto. Domingo,Secundaria,0
4836,68,Masculino,55800.75851,1.657321729,Manta,Master,1
4837,67,Masculino,,1.807722324,Santo Domingo,mre,1
4838,34,Femenino,71356.86504,1.764189681,Quito,Secundaria,4
4839,68,Masculino,64379.32909,1.65303051,Manta,bachillers,1
4840,70,F,57081.08709,,Manta,bachiller,3
4841,31,Masculino,56249.19216,1.739204168,Esmeraldas,bachiller ,-3
4842,44,,53869.34208,1.748590783,Santo Domingo,PhD,1
4843,35,Masculino,78835.61738,1.5787608,,bachiller ,3
4844,45,Masculino,77676.40438,1.615146266,,bachiller ,0
4845,68,Femenino,77032.52845,1.659217158,Quito,mre,2
4846,64,Masculino,44222.12112,1.745232541,Santo Domingo,PhD,0
4847,64,Masculino,54610.63741,1.948357618,Esmeraldas,,1
4848,21,,56139.13088,1.811771266,Esmeraldas,Secundaria,0
4849,24,Masculino,,1.54915582,Manta,,2
4850,62,Masculino,87938.92648,1.656378712,Santo Domingo,bachiller,0
4851,52,M,66006.96683,1.690546705,Esmeraldas,sin  educacion,0
4852,65,Masculino,64929.13788,1.750245494,Guayaquil,Secundaria,0
4853,26,Masculino,,3.053578175,Esmeraldas,bachiller ,
4854,25,Femenino,72931.37981,1.758453059,Quito,phd,3
4855,69,Femenino,92873.05139,1.64869559,Guayaquil,,-5
4856,169,Femenino,-44205.34767,1.758293417,Santo Domingo,Secundaria,
4857,34,Masculino,56497.27798,1.70757937,Manta,PhD,3
4858,34,Masculino,58641.22286,1.904543324,Guayaquil,PhD,2
4859,66,Masculino,1585534.171,1.797882171,Esmeraldas,Ph.D,2
4860,,Masculino,59957.00903,1.831388782,Manta,PhD,0
4861,49,Femenino,50827.88983,1.594233991,,Secundaria,
4862,25,Femenino,,,Manta,phd,3
4863,36,Masculino,-35161.35853,1.732717498,,master,3
4864,55,Masculino,61216.47906,1.576660497,,master,3
4865,20,Masculino,55903.28155,1.804538365,Santo Domingo,Secundaria,1
4866,76,Masculino,81854.67429,1.713047668,Santo Domingo,Secundaria,4
4867,22,Femenino,66232.35975,1.809992885,Esmeraldas,,3
4868,30,Femenino,71136.87222,1.748232225,Santo Domingo,Secundaria,0
4869,64,Masculino,71535.33519,1.704486304,Manta,Ph.D,3
4870,63,Femenino,61569.68919,1.68773204,Guayaquil,PhD,3
4871,78,Masculino,63279.77198,1.623114585,Guayaquil,,4
4872,48,Masculino,47097.48462,1.617163637,,mre,0
4873,72,Femenino,69839.7427,1.788866598,Guayaquil,bachiller,0
4874,33,Masculino,55000.27958,1.766801922,Guayaquil,Secundaria,
4875,67,F,50403.72927,1.823407032,Quito,Secundaria,3
4876,49,Masculino,79529.48981,1.645432577,,bachillers,1.991298447
4877,39,Femenino,40016.38419,1.812258878,Guayaquil,mre,2
4878,46,Masculino,85786.13664,1.682342397,Guayaquil,,4
4879,39,Femenino,84598.95985,1.757993433,Esmeraldas,master,0
4880,60,Masculino,56666.38394,1.829153341,,phd,0
4881,20,Masculino,86777.98618,1.907103867,Guayaquil,master,2
4882,71, femenino,46674.86049,1.807242066,,Ph.D,3
4883,27,Masculino,74911.33417,1.720281621,Esmeraldas,bachiller,2
4884,59,Femenino,60251.99454,1.756095731,Quito,Secundaria,2
4885,79,F,32904.09189,1.824900727,Santo Domingo,PhD,3
4886,38,Masculino,,1.770990141,Santo Domingo,master,1
4887,33,Masculino,57382.45965,1.660074961,Sto. Domingo,Secundaria,4
4888,,M,71685.09468,1.761478845,Santo Domingo,Ph.D,1
4889,19,Masculino,52843.76384,1.830364223,Manta,phd,1
4890,58,masculino ,55902.82171,,,mre,4
4891,41,Masculino,68114.75733,1.706213647,Esmeraldas,Ph.D,1
4892,52,Masculino,67321.44003,1.588324094,Manta,bachiller ,3
4893,161,Masculino,58624.11622,1.522032456,Esmeraldas,Ph.D,1
4894,47,Femenino,55457.31859,1.779563763,Santo Domingo,mre,1
4895,74,Masculino,1489706.114,1.546656809,,Secundaria,1
4896,47,Femenino,55373.00025,1.732004037,Santo Domingo,Master,3
4897,197,,42159.20965,1.807767746,Manta,master,2
4898,52,,54083.99326,1.683682126,Santo Domingo,Secundaria,
4899,36,Masculino,68202.25006,1.550405656,Manta,Ph.D,4
4900,67,Masculino,57760.64082,1.574005864,Manta,bachillers,
4901,25,Femenino,52458.54116,1.608018359,Manta,mre,3
4902,43,Masculino,41177.95348,1.687594346,Esmeraldas,,0
4903,66,Masculino,57840.95008,1.820414738,Quito,,1
4904,57,masculino ,63418.69275,1.701175677,Esmeraldas ,Master,3.326927906
4905,24,Femenino,44889.23381,1.915329785,Santo Domingo,Secundaria,1
4906,47,Masculino,57160.693,1.804087925,Manta,,3
4907,24,Femenino,43591.56537,1.729548062,Guayaquil,Secundaria,3
4908,20,Femenino,58068.32548,1.69284426,Esmeraldas,Master,3
4909,18,Femenino,85882.43043,1.650233281,Santo Domingo,Secundaria,2
4910,53,Masculino,62575.69912,,Esmeraldas,,3
4911,42,Femenino,36276.39952,1.754235783,Esmeraldas,Ph.D,1
4912,-7,F,64966.95417,1.73212129,Esmeraldas ,Secundaria,2
4913,18,F,79677.21275,1.65013912,Esmeraldas ,Secundaria,1
4914,32, femenino,39239.15233,,Santo Domingo,bachiller,3
4915,54,masculino ,44317.60174,1.886256575,Sto. Domingo,bachillers,2
4916,30, femenino,63875.22716,1.763424796,Esmeraldas,Master,0
4917,57,Masculino,58693.26821,1.735550269,Quito,Secundaria,3
4918,-14,Femenino,78167.54056,1.750638768,Quito,,2
4919,22,masculino ,-45178.66939,1.810136236,Manta,phd,2
4920,77,Masculino,72381.71248,1.653213346,Quito,bachillers,2
4921,26,Masculino,82921.54894,1.687034946,Santo Domingo,bachillers,4
4922,18,Femenino,46986.15974,1.624749888,Manta,bachiller,2
4923,53,Femenino,71215.08413,1.699281068,Quito,phd,
4924,,Masculino,53987.07851,1.63240572,Manta,Ph.D,3
4925,19,,26771.46374,1.599362638,Santo Domingo,Ph.D,3
4926,57,Masculino,67145.63757,1.538031518,Esmeraldas,mre,3
4927,40,Masculino,68991.61553,1.865803663,Esmeraldas ,Secundaria,2
4928,26,F,36761.35952,1.66654567,Manta,master,3
4929,51,Masculino,53191.06177,1.748675529,,Secundaria,0
4930,63,M,50654.92265,1.709635843,Esmeraldas,,4
4931,31,Femenino,72149.81619,1.749722614,,Secundaria,0
4932,21,Femenino,36762.1285,1.499649074,Esmeraldas,bachiller,4
4933,47,,61601.38206,1.653011369,Guayaquil,,3
4934,48,Femenino,24904.59925,1.815954124,Santo Domingo,bachiller,1
4935,55,Masculino,65692.64674,1.894306782,Quito,Secundaria,4
4936,28,,61876.93446,1.663548496,Quito,master,0
4937,52,Femenino,52335.59088,1.675074143,Manta,master,0
4938,25,Femenino,81424.45838,1.806641551,Quito,Secundaria,1
4939,20,masculino ,20652.75142,1.744072811,Guayaquil,Master,4
4940,31,Masculino,59727.6761,1.702963757,Quito,sin  educacion,4
4941,77,Masculino,77963.97838,1.693544851,Guayaquil,Secundaria,0
4942,30,masculino ,61932.12869,1.642952353,Guayaquil,Secundaria,4
4943,62,Masculino,80490.99221,1.639454871,Quito,bachillers,1
4944,49,Masculino,-31520.16104,1.713204035,Manta,sin  educacion,4
4945,51,Femenino,57492.59239,1.731665981,Quito,mre,4
4946,62,Femenino,,1.736870564,Quito,Secundaria,1
4947,78,Femenino,73418.30611,1.631453243,Guayaquil,phd,3
4948,36,Masculino,95988.79962,1.833259732,,bachiller,25
4949,76,F,61542.25181,1.537871925,Manta,bachillers,0
4950,55,Femenino,63003.69639,1.752961618,Esmeraldas,phd,2
4951,33,Masculino,53078.99887,1.646006665,Esmeraldas,bachiller ,
4952,19,Masculino,56939.19319,1.613410889,Manta,bachiller,0
4953,57,Masculino,76170.98345,1.667517234,,mre,3
4954,34,Femenino,59996.01943,1.540839004,Quito,Master,3
4955,72,Femenino,47890.6276,1.735427452,Santo Domingo,Secundaria,0
4956,51,Masculino,54359.22277,,Quito,Secundaria,
4957,59,Masculino,58645.07122,1.635572209,Santo Domingo,,0
4958,77,Masculino,48862.33097,1.935086472,,,4
4959,33,Masculino,53130.61285,1.613913874,Esmeraldas,,1
4960,,Femenino,45003.08557,1.657676366,Manta,Secundaria,1
4961,77,Femenino,53660.92798,1.835981112,Guayaquil,phd,28
4962,,Masculino,-37295.58196,1.580287432,,bachiller ,2
4963,,Masculino,60725.84093,1.677338049,Manta,bachiller ,2
4964,43,masculino ,96919.7909,1.871905186,,Secundaria,3
4965,30,Masculino,48542.01911,1.582107729,Sto. Domingo,bachillers,1
4966,73,Femenino,67282.41743,1.759055213,Quito,bachillers,3
4967,64,Masculino,63333.08735,1.751058612,Quito,,1
4968,48,Femenino,69756.59268,1.507726343,Manta,Secundaria,4
4969,-11,Masculino,50908.96212,1.638443307,Esmeraldas,master,1
4970,51, femenino,54473.02244,1.93814911,Esmeraldas,mre,1
4971,56,Femenino,66108.83672,1.722379537,Santo Domingo,,1
4972,20,Femenino,52429.96115,1.738383482,Esmeraldas,Ph.D,18
4973,,Masculino,33397.959,1.723793598,Esmeraldas,Master,
4974,40,Masculino,79656.77333,1.904280102,Santo Domingo,sin  educacion,0
4975,31,Femenino,73321.42596,1.602622337,Santo Domingo,phd,4
4976,-13,Femenino,53742.94049,1.632154045,Santo Domingo,mre,2
4977,79,Masculino,63274.7579,1.68892446,Manta,master,0
4978,72,Masculino,75102.45814,1.755573398,Santo Domingo,bachillers,
4979,44,Femenino,80163.31849,1.715370842,Manta,Secundaria,2
4980,71,Femenino,61563.88964,1.718199033,Manta,Secundaria,0
4981,46,Femenino,51219.60908,1.644781344,Manta,Ph.D,3
4982,56,Femenino,81964.02683,1.760711105,Santo Domingo,,3
4983,-10,Femenino,61420.78881,1.510772332,Esmeraldas,bachiller ,1
4984,56,Masculino,57792.0299,1.645244276,Esmeraldas,mre,0
4985,18,Masculino,63948.19846,1.617881835,Santo Domingo,Ph.D,
4986,34,Femenino,77320.9008,1.589876395,Esmeraldas,,3
4987,58,Masculino,59418.01928,1.521933292,Santo Domingo,mre,0
4988,47,Masculino,74789.989,1.723251614,Sto. Domingo,bachiller ,0
4989,175,Femenino,56871.86768,1.742959416,Quito,bachiller,0
4990,30,Masculino,69135.83019,1.743672468,Guayaquil,,1
4991,38,Masculino,45778.6742,1.794130163,Santo Domingo,,2
4992,36,Masculino,76044.14119,1.811548145,Manta,bachiller ,2
4993,70,,49859.37594,1.496070645,Quito,master,2
4994,36,Femenino,66889.30647,1.763093128,Manta,Secundaria,0
4995,74,Masculino,37701.47661,1.718249276,Guayaquil,phd,3
4996,42,Masculino,60372.21497,1.717135818,Esmeraldas,Master,1
4997,39, femenino,62821.84788,1.687613673,Esmeraldas,Master,1
4998,48,Masculino,49780.11269,1.644960636,Manta,Secundaria,3
4999,34,Masculino,58353.38041,1.752788187,Guayaquil,,2
5000,72,Masculino,63931.51255,1.601961354,Manta,bachiller,
5001,40,Femenino,68449.02979,1.810285568,Guayaquil,Secundaria,3
5002,49,Masculino,61502.14663,1.650233761,Manta,PhD,2
5003,79,Masculino,,1.495870539,Quito,Master,0
5004,27,Femenino,77373.93443,1.711260839,Guayaquil,PhD,3
5005,27,Masculino,59540.68303,1.582259342,Esmeraldas,Secundaria,2
5006,129,Masculino,,1.580179967,Manta,bachillers,1
5007,25,Masculino,52693.85678,1.768379709,Guayaquil,phd,4
5008,71,Masculino,26563.11156,1.793469942,,Ph.D,-3
5009,69,Femenino,57253.05208,1.689097971,Esmeraldas,master,4
5010,37,Masculino,81026.30163,1.498718242,Guayaquil,PhD,2
5011,49,Femenino,71865.13065,1.753141918,Esmeraldas,mre,2
5012,67,Masculino,61252.65825,1.668045203,Quito,Secundaria,0
5013,31,Masculino,49088.03541,1.837826221,Quito,bachiller,4
5014,67,Femenino,61834.56435,1.896713218,Santo Domingo,Secundaria,1
5015,45,Masculino,91968.41214,1.549572934,Guayaquil,Ph.D,4
5016,63,Femenino,82315.47906,,Quito,Ph.D,3
5017,69,Femenino,57745.57109,1.544174596,Santo Domingo,mre,2.558487359
5018,70,Femenino,37770.7948,1.646163591,Guayaquil,master,1
5019,41,Masculino,93121.44443,1.802629373,Esmeraldas,Secundaria,2
5020,32,Masculino,49067.40062,1.627834991,Manta,Secundaria,4
5021,39,Masculino,67951.13006,1.618666678,,,3
5022,47,Masculino,36619.24701,1.529355244,Esmeraldas,bachillers,1
5023,21,Femenino,55153.72905,1.566434618,Quito,mre,0
5024,30,Masculino,36558.24905,1.618566008,Manta,Secundaria,3
5025,76,Masculino,42571.71846,1.777440094,Esmeraldas,,3
5026,40,Femenino,,1.86785149,Santo Domingo,Secundaria,4
5027,,Femenino,67155.06791,1.624141529,,sin  educacion,2
5028,35,Masculino,-47280.41029,1.659922754,Esmeraldas ,Master,3
5029,29,Femenino,100683.8866,1.600612893,Guayaquil,master,3
5030,72,,77006.95988,1.547177676,Quito,mre,4
5031,48,Femenino,77332.36567,1.547447314,Quito,Master,2
5032,31, femenino,67555.01308,1.57244936,Esmeraldas,bachillers,16
5033,51,,64140.77973,1.694991366,Manta,Secundaria,0
5034,35,Masculino,77835.85983,1.637156547,Quito,bachiller ,4.233316369
5035,73,Masculino,24281.68103,1.662275376,Sto. Domingo,Master,0
5036,51,masculino ,50666.83525,1.739680809,Santo Domingo,sin  educacion,2
5037,28,M,39592.58546,1.69074863,Santo Domingo,bachiller,0
5038,58,Masculino,31735.66221,1.583542528,Santo Domingo,,4
5039,,Masculino,48469.57897,1.795727714,Quito,mre,4
5040,66,Masculino,,1.497866378,Quito,mre,4
5041,32,Femenino,77912.94135,1.622606397,Quito,bachillers,0
5042,74,Masculino,61374.48043,1.872217204,Manta,Ph.D,4
5043,48,Masculino,29850.53835,1.734050074,Manta,bachiller,4
5044,66,Masculino,64710.62294,1.520176962,,bachiller,1
5045,75,Femenino,44817.09872,1.541668403,Guayaquil,bachillers,0
5046,46,Masculino,60934.42847,1.666007104,Quito,Master,4
5047,43,Masculino,65905.82525,1.651338204,Quito,Secundaria,2
5048,35,F,48742.76417,1.77090712,Esmeraldas,phd,4
5049,49,Masculino,63260.39756,1.813074898,Esmeraldas,,1
5050,39,Masculino,66031.1014,1.648438469,Sto. Domingo,Secundaria,2
5051,55,Femenino,57535.93506,1.689465545,Esmeraldas,Master,-4
5052,34,Masculino,49205.63108,1.596743344,,,3
5053,40,,60047.13627,1.684216661,,master,1
5054,41,Masculino,,,Guayaquil,bachiller,1
5055,67,Masculino,64747.81167,1.70243791,Guayaquil,Master,4
5056,25,Masculino,56043.40463,1.637352111,Santo Domingo,Master,1
5057,58,Femenino,42119.70325,1.762563736,Esmeraldas,master,2
5058,23,Femenino,57464.86455,1.804940747,,mre,2
5059,22,M,64900.16495,1.82939392,Santo Domingo,Secundaria,4
5060,61,masculino ,62777.03281,1.703608769,Manta,Secundaria,2
5061,-16,Masculino,58336.10617,1.760713,Santo Domingo,master,4
5062,46,Femenino,52700.80515,1.650039316,Manta,Secundaria,3
5063,122,Femenino,51924.86209,1.615915801,Esmeraldas ,mre,1
5064,28,Masculino,53481.86392,1.563255055,Quito,PhD,1
5065,74,F,76142.40294,1.735858116,Esmeraldas,bachiller ,1
5066,18,Masculino,45782.24063,1.49494554,Santo Domingo,master,3
5067,60,Masculino,61364.84395,1.787295321,,Secundaria,1
5068,36,Femenino,41130.03184,1.664119715,Manta,bachillers,3
5069,26,Masculino,71470.98429,1.670731972,Quito,Secundaria,3
5070,44,Masculino,51958.0093,1.767399356,,PhD,4
5071,51,Masculino,1537363.094,1.516620926,Manta,PhD,0
5072,61,Masculino,,1.677799614,Guayaquil,bachillers,0
5073,-18,Masculino,23088.77703,1.857843154,,phd,4
5074,53,Masculino,40507.84431,1.671611947,Esmeraldas,Master,4
5075,35,Masculino,65413.63631,3.797750282,Guayaquil,phd,4
5076,32,Femenino,75219.09144,1.665344978,Quito,Secundaria,
5077,,Femenino,66764.05974,1.830890981,Esmeraldas,sin  educacion,1.975485571
5078,30,Femenino,62091.49445,1.623488923,Guayaquil,sin  educacion,4
5079,36,M,96155.76237,1.546008674,Guayaquil,bachillers,3
5080,66,Femenino,67371.00419,1.653311209,Esmeraldas,bachillers,0
5081,23,Masculino,44332.30625,1.559525715,,bachiller,1
5082,-12,Masculino,75369.92696,1.47437374,Esmeraldas,Secundaria,2
5083,73,Masculino,50384.47907,1.775367163,Santo Domingo,Secundaria,0
5084,29,Masculino,49376.43544,1.804804839,Quito,bachillers,0
5085,,Femenino,39286.00709,1.741900966,Guayaquil,,0
5086,54,Masculino,53828.78337,1.789348283,Manta,bachiller,3
5087,145,Masculino,41557.57529,1.65936363,Esmeraldas,bachiller,3
5088,75,Femenino,1465497.868,1.835175446,Manta,Secundaria,3
5089,40,,58118.76715,1.637164473,Quito,master,2
5090,43,Femenino,39585.69131,1.700051568,Esmeraldas,bachillers,0
5091,46,Masculino,58784.35006,1.615633175,Manta,Ph.D,4
5092,50,Femenino,,1.55978858,Quito,master,
5093,77,Masculino,84333.92058,1.636414546,Santo Domingo,master,3
5094,44,Masculino,-35466.90785,1.922921701,Quito,master,3
5095,42,Femenino,48324.81863,1.853335671,Esmeraldas,master,3
5096,73,Femenino,40659.74551,1.777512112,Esmeraldas,bachillers,1
5097,72,Femenino,65303.26591,1.657144786,Esmeraldas,bachiller ,0
5098,27,Masculino,38866.34385,1.654875329,Quito,bachiller ,4
5099,64,Masculino,75888.52572,1.871329897,Esmeraldas,PhD,0
5100,40,Masculino,78055.3937,1.702231338,Quito,,2
5101,,Masculino,72271.78076,1.779065115,Guayaquil,bachiller ,1
5102,38,Masculino,49240.68912,1.644627979,,Ph.D,2
5103,60,Masculino,50185.20852,1.670268389,Guayaquil,bachiller,3
5104,30,Femenino,53150.29165,1.778066948,Manta,Secundaria,3
5105,54,Masculino,730097.8147,1.626459678,Guayaquil,Secundaria,4
5106,50,Femenino,34529.51588,1.734826984,Guayaquil,bachiller ,0
5107,41,Femenino,65791.86174,1.629967609,Quito,Master,2
5108,61,,45998.2686,1.751018216,Quito,bachillers,3
5109,28,Femenino,53708.68847,1.626967025,Esmeraldas,phd,4
5110,34,Femenino,71042.15172,,Esmeraldas,Master,-3
5111,21,Masculino,37268.30512,1.693575782,Esmeraldas,phd,2
5112,64,Masculino,55833.89237,1.777449122,Quito,Secundaria,0
5113,42,Masculino,58067.44332,1.69793391,Quito,,1
5114,47,Masculino,59439.11493,1.649862965,Guayaquil,bachillers,4
5115,26,Femenino,58452.28402,1.757430403,,Secundaria,2
5116,,F,68349.87427,1.815380149,Quito,Master,3
5117,,Femenino,53220.15666,1.555164641,Santo Domingo,bachillers,1
5118,36,Masculino,65480.50406,1.71310354,Quito,Secundaria,1
5119,36,Masculino,64947.58251,1.689190983,Quito,master,3.529861308
5120,29,Masculino,64291.02844,1.720977105,Manta,Secundaria,2
5121,54,Masculino,67917.58034,1.835384784,Santo Domingo,Master,0
5122,59,Femenino,64231.20598,1.78162777,Manta,,4
5123,34, femenino,58654.91012,1.815664934,Guayaquil,phd,4
5124,54,Masculino,40965.79148,1.726310292,Manta,bachiller ,2
5125,71,Masculino,80357.80201,1.656637989,Manta,Master,3
5126,65,Femenino,,1.457520557,Guayaquil,master,4
5127,56,Femenino,54608.89281,1.841532266,Santo Domingo,phd,4
5128,45,Femenino,66846.11777,1.449986704,Esmeraldas,,3
5129,58,Femenino,51785.80681,1.858756953,Quito,master,1
5130,52,Masculino,49196.70327,1.774092769,Santo Domingo,Secundaria,2
5131,64,Femenino,60829.73717,1.896855324,,,1
5132,65,Femenino,102111.8375,1.726571153,Manta,Ph.D,0
5133,35,Femenino,83930.20517,1.750030009,,phd,3
5134,31,Femenino,81683.00387,1.68147393,Manta,Master,2
5135,52,Masculino,,1.707579145,Quito,Master,3
5136,61,Masculino,46237.12378,1.627526606,Sto. Domingo,PhD,3
5137,58,Masculino,75552.23481,1.688257937,Esmeraldas,mre,1
5138,77,,17366.89684,1.615349129,Santo Domingo,,1
5139,24,M,65863.11986,1.704622395,Santo Domingo,Secundaria,0
5140,58,F,76468.16907,1.697435245,Guayaquil,Ph.D,2
5141,-2,Femenino,62272.26382,1.697982459,Guayaquil,Master,3
5142,35,Femenino,84890.5857,1.690970375,Manta,bachiller ,0
5143,54,Femenino,38611.68487,1.638193535,Esmeraldas,Master,3
5144,,Femenino,-28583.59211,1.755954755,Quito,sin  educacion,0
5145,53,Masculino,57634.32443,1.731491039,Guayaquil,Secundaria,3
5146,48,Femenino,,1.72762721,Esmeraldas,PhD,1
5147,19,Masculino,75302.95309,1.605821822,Guayaquil,Secundaria,4
5148,33,Femenino,82711.05768,1.767333339,Guayaquil,Secundaria,0
5149,26,Femenino,74631.98265,1.62362076,Santo Domingo,bachillers,0
5150,26,Femenino,70379.02439,1.647723418,Esmeraldas,Secundaria,4
5151,112,Masculino,80492.45628,1.709174554,Santo Domingo,Master,4.754746814
5152,28,F,60832.19036,1.815015552,Santo Domingo,Secundaria,0
5153,71,F,69035.12574,1.579217571,Guayaquil,bachiller,1
5154,73,masculino ,59945.73074,1.601134101,Santo Domingo,phd,3
5155,39,Femenino,49712.50186,1.503710499,Manta,bachiller ,3
5156,50,Masculino,67904.19383,1.750621151,Quito,Master,4
5157,53,Masculino,62951.18701,1.666272433,Quito,,2
5158,62,Femenino,78854.61361,1.742441231,Manta,PhD,1
5159,40,Femenino,57116.18412,1.733824118,Guayaquil,bachiller,35
5160,62,Femenino,48589.62828,1.778803264,Santo Domingo,bachiller ,2
5161,62,Femenino,78645.14295,1.700143917,Quito,Ph.D,1
5162,51,F,60950.11631,1.629069789,Guayaquil,sin  educacion,2
5163,26,Femenino,,1.72320135,Guayaquil,phd,0
5164,41,Masculino,80835.6898,1.74145561,Quito,PhD,3
5165,25,,73901.41061,1.665164786,Santo Domingo,master,4.326277408
5166,24,M,87732.48748,1.709083371,Quito,,1
5167,53,Masculino,54886.28096,1.565499124,Santo Domingo,Ph.D,4
5168,35,Femenino,52787.76319,,Guayaquil,Secundaria,3
5169,20,Masculino,43701.42585,1.533955958,Manta,phd,4
5170,45,Femenino,51496.42476,1.728855815,Santo Domingo,Secundaria,1
5171,23,Femenino,54204.5981,1.773996486,Santo Domingo,Secundaria,4
5172,61,Masculino,70245.02197,1.557442125,Sto. Domingo,bachiller,2
5173,61,Femenino,46059.45301,1.716111356,Guayaquil,Secundaria,2
5174,,Masculino,50049.94744,1.744716107,Esmeraldas,Secundaria,3
5175,45,Femenino,85449.85955,1.660069511,Guayaquil,,2
5176,57,Femenino,16036.0314,1.860154893,Quito,Master,4
5177,71,Masculino,67203.90889,,,bachillers,0
5178,71,Femenino,40643.75081,1.662244091,Manta,bachillers,4
5179,-14,,47921.21792,1.40877617,Guayaquil,Secundaria,0
5180,53,Masculino,81350.42606,1.734562717,Santo Domingo,Master,4
5181,38,Femenino,61073.64816,1.626807474,Manta,PhD,0
5182,77,Masculino,99856.14129,1.502428858,Esmeraldas,master,0
5183,60,Femenino,,1.759400991,Quito,bachillers,1
5184,52, femenino,47554.89188,1.684313738,Esmeraldas,Secundaria,1
5185,156,M,68366.08529,1.669302325,Guayaquil,Master,4
5186,121,Masculino,76949.58623,1.812743838,Sto. Domingo,Secundaria,2
5187,66,Masculino,1332341.568,,Esmeraldas,phd,1
5188,71,Femenino,56769.58642,1.76439526,Santo Domingo,mre,0
5189,,masculino ,34634.13911,1.778930007,Guayaquil,PhD,4
5190,27,Masculino,55163.31115,1.643749853,Esmeraldas,Ph.D,2
5191,70,Femenino,85014.24513,1.700846815,Quito,bachillers,4
5192,61,,48049.24852,1.867874322,Quito,bachillers,0
5193,64,Femenino,53822.68345,1.599020865,Manta,Secundaria,1
5194,70,Femenino,74899.33823,1.755493077,Quito,phd,1
5195,27,Masculino,69295.53794,1.706211113,,Ph.D,3
5196,63,Masculino,40351.50548,1.827068472,Guayaquil,bachillers,3
5197,30,Femenino,58370.74846,1.696626572,Quito,phd,4
5198,54,Femenino,81104.54523,1.768575306,Manta,Master,4
5199,55,Femenino,60397.17868,1.539948124,Quito,,2
5200,41,Femenino,81468.46507,1.485583403,Manta,PhD,1
5201,19,Femenino,82316.63693,1.595076108,Santo Domingo,bachiller,1
5202,39,Masculino,46085.09909,1.655845428,,bachillers,3
5203,34,F,55574.3242,1.66458261,Guayaquil,Secundaria,0
5204,53,Femenino,69864.05335,1.809227908,Esmeraldas,bachiller ,0
5205,31,Masculino,36934.70977,1.660701153,Esmeraldas,master,3
5206,27,Masculino,56654.25811,1.702382621,,Ph.D,4
5207,52,Masculino,68192.79543,1.713956096,Guayaquil,Secundaria,1
5208,42,Femenino,50666.23423,1.636849813,Santo Domingo,phd,1
5209,20,Masculino,68821.60617,1.698169427,Santo Domingo,bachiller,1
5210,64,Masculino,50997.40986,1.805116104,Quito,Ph.D,1.732442346
5211,55,Masculino,50831.21823,1.729919122,Quito,phd,4
5212,34,Masculino,71162.78878,1.759320736,Guayaquil,master,0
5213,169,Femenino,80520.674,1.73332203,,Ph.D,4
5214,71,Femenino,49338.83072,1.864712417,Manta,mre,3
5215,69,Femenino,41829.59473,1.594759987,Quito,phd,4
5216,41,Masculino,,1.950061739,Guayaquil,bachillers,0
5217,46, femenino,67003.52404,1.799634187,,Secundaria,1
5218,60,Masculino,49189.09306,1.817813925,Esmeraldas,bachiller,0
5219,42,Masculino,84910.33084,1.830995446,Guayaquil,Secundaria,3
5220,53,Masculino,57797.39502,,Guayaquil,PhD,1
5221,75,Masculino,49059.47795,1.570989035,Esmeraldas,bachiller,0
5222,77,Femenino,88975.53119,1.586699333,Quito,master,1
5223,43,Femenino,78998.13517,1.769920965,Esmeraldas,bachillers,3
5224,55,Masculino,-12564.49872,1.757757967,,master,4
5225,18,Femenino,76007.1123,1.788580198,Quito,phd,4
5226,37,Masculino,50162.33794,1.704664538,Sto. Domingo,PhD,2
5227,72,Masculino,71513.64768,1.568271304,Guayaquil,Secundaria,1
5228,45,Femenino,86659.86641,1.688987232,Santo Domingo,bachiller,3
5229,33,Masculino,41867.43382,1.774136379,Sto. Domingo,Ph.D,0
5230,64,Femenino,51933.44775,1.674682865,Esmeraldas,Secundaria,0
5231,,Masculino,52262.53364,1.699524337,Manta,Secundaria,2
5232,57,F,63984.12591,1.703005312,Guayaquil,Ph.D,0
5233,45,Femenino,67100.01749,1.647799265,Esmeraldas,master,3
5234,75,Masculino,58663.49985,1.618609086,Quito,Master,49
5235,29,Masculino,34772.40847,2.589853451,Esmeraldas,Secundaria,4
5236,,Masculino,41534.8396,1.855860004,,phd,1
5237,71,Femenino,46746.76904,1.807014234,Guayaquil,bachiller ,1
5238,70,Masculino,68398.4505,1.741503109,Manta,bachiller ,0
5239,,masculino ,39073.34484,1.599529939,Manta,,1
5240,76,Masculino,46294.7562,1.788730217,Santo Domingo,sin  educacion,2
5241,64,Femenino,42995.35871,1.811530958,Esmeraldas,Ph.D,1
5242,47,Femenino,65119.5689,1.665552486,Guayaquil,bachiller,0
5243,58,Femenino,76976.13134,1.593229934,Santo Domingo,bachiller ,1
5244,51,Femenino,62312.311,1.742691988,Guayaquil,Ph.D,3
5245,54,Femenino,89902.54914,1.80679147,Guayaquil,master,3
5246,23,Masculino,62309.22769,1.635996052,Santo Domingo,mre,4
5247,24,Femenino,58587.82063,1.752870963,Guayaquil,Secundaria,4
5248,49,Femenino,-47549.88703,1.609256004,Santo Domingo,phd,4
5249,49,Masculino,63044.84577,1.586332061,Esmeraldas,Master,4
5250,70,Femenino,47598.36074,1.720486675,Santo Domingo,bachiller,1
5251,42,Masculino,-23274.46382,1.618561228,Esmeraldas,Secundaria,0
5252,50,Femenino,44886.57774,1.743008593,Manta,Ph.D,1
5253,72,Masculino,,1.538456644,,Ph.D,0
5254,75,Masculino,52498.46246,1.614296642,Manta,Secundaria,0
5255,24,Femenino,99821.00846,1.802910533,Santo Domingo,,0
5256,69,Femenino,63140.69929,1.769251531,Guayaquil,Secundaria,0
5257,74,Masculino,62893.80112,1.741904063,Manta,Secundaria,3
5258,,M,51720.6493,1.655451833,Quito,PhD,0
5259,29,Masculino,105982.1179,1.701370977,Quito,phd,1
5260,33,Masculino,46140.78327,1.677523928,,bachillers,0
5261,33,Masculino,52894.35392,1.933377464,Manta,Secundaria,3
5262,60,Masculino,74988.16062,1.731643541,Esmeraldas,,1
5263,70,Masculino,63035.27097,1.623339088,Santo Domingo,PhD,2
5264,53,Femenino,40904.46158,1.691908618,Guayaquil,sin  educacion,1
5265,30,Masculino,60409.38565,1.531946497,Guayaquil,PhD,3
5266,24,Femenino,70195.2697,1.509622182,,Secundaria,3
5267,53,Femenino,67680.29406,2.53424982,Quito,Secundaria,4
5268,64,Masculino,,1.727368852,Guayaquil,master,2
5269,68,Masculino,92785.46834,1.654841179,Guayaquil,Secundaria,0
5270,26,Femenino,64072.95139,1.697347885,Esmeraldas,phd,3
5271,49,Masculino,71934.66688,1.689583229,Guayaquil,bachillers,4
5272,28,Masculino,23637.32994,1.706759011,Guayaquil,Secundaria,4
5273,25,Femenino,87983.47351,1.81477477,Santo Domingo,sin  educacion,0
5274,50,Femenino,,1.753543726,Guayaquil,Secundaria,1
5275,40,Femenino,46979.91547,1.659041582,Santo Domingo,,2
5276,42,Masculino,57071.57783,1.525111976,Sto. Domingo,mre,0
5277,,Masculino,69937.82804,1.599768873,Esmeraldas,Ph.D,0
5278,25,Femenino,75521.22789,1.775845614,Guayaquil,PhD,1
5279,62, femenino,58571.28917,1.856209762,Esmeraldas,Secundaria,1
5280,39,F,69021.62958,1.612205372,Esmeraldas,Secundaria,3
5281,76,Masculino,56051.74478,1.597088797,Esmeraldas,master,1
5282,21,Femenino,67374.41046,1.656761722,Manta,sin  educacion,1
5283,57,Masculino,63094.09488,1.878440619,Santo Domingo,mre,
5284,137,,64512.39011,1.714770201,Esmeraldas,master,2
5285,46,Masculino,55335.53613,1.623773782,Quito,bachiller,2
5286,58,Masculino,66054.87465,1.6638868,Guayaquil,Master,0
5287,46,Femenino,47601.801,1.647181454,Esmeraldas,Secundaria,2
5288,51,Masculino,62919.27972,1.770413329,Esmeraldas,bachiller,2
5289,51,M,50482.98944,1.895348174,Guayaquil,Ph.D,
5290,45,Femenino,45095.05378,1.713083185,Quito,Ph.D,2
5291,30,Masculino,49416.55802,1.809375506,,mre,0
5292,32,Masculino,56879.62166,1.565393174,Esmeraldas,phd,4
5293,77,Masculino,52072.92045,1.934100558,Quito,bachiller,0
5294,40,Femenino,65944.29466,1.566092065,,Secundaria,0
5295,61,Femenino,61195.3794,1.821184683,,Secundaria,4
5296,43,Femenino,,1.733862142,Esmeraldas,bachillers,4
5297,,Femenino,58733.06469,1.574189542,Guayaquil,Master,49
5298,43,Femenino,62710.30588,1.78344522,Quito,,4
5299,57,Masculino,87988.81861,1.697091932,Guayaquil,,0
5300,26,M,53417.46752,1.608827696,Guayaquil,bachiller,4
5301,72,Femenino,55722.71594,1.701073389,Esmeraldas,mre,1
5302,22,Masculino,78052.32638,1.535014319,Quito,,13
5303,73,Masculino,45647.59677,1.651764201,Sto. Domingo,bachiller,2
5304,49,,79730.61364,1.603556673,Guayaquil,bachiller ,1
5305,-20,Masculino,56446.53764,1.681761024,Guayaquil,phd,0
5306,67,Femenino,47500.47371,1.52692192,,PhD,0
5307,28,Femenino,73578.24494,1.520902446,,Master,2
5308,32,Masculino,56233.10542,1.61509062,Esmeraldas,mre,3
5309,49,Masculino,87364.31258,1.696169194,Guayaquil,,1
5310,45,Femenino,61217.36478,1.602674627,Guayaquil,Master,1
5311,39,Masculino,61108.29014,1.746154605,,Secundaria,2
5312,58,Masculino,51208.46217,1.770208837,Esmeraldas,mre,4
5313,34,,57798.53555,1.615586331,Santo Domingo,Secundaria,3
5314,76,,55910.34288,1.839046948,,bachiller,0
5315,43,Femenino,79970.73542,1.669709956,Esmeraldas,Secundaria,0
5316,61,Masculino,64344.03849,1.883153306,Santo Domingo,,0
5317,184,Masculino,70583.26121,1.674037596,Santo Domingo,PhD,0
5318,,,61477.45492,1.587836374,Esmeraldas,master,1
5319,74,Masculino,53835.71898,1.822809136,Santo Domingo,bachiller ,1
5320,43,Masculino,65564.86386,1.595859732,,,4
5321,42,Masculino,83861.20176,1.813770427,Santo Domingo,Secundaria,1
5322,27,Femenino,44274.10596,1.712062558,Quito,Ph.D,4
5323,76,Femenino,66292.21845,1.644411366,Santo Domingo,mre,4
5324,62,masculino ,82448.72102,1.623157161,Esmeraldas,,
5325,,Femenino,47778.40835,1.691375468,,Ph.D,0
5326,28,Masculino,73830.16988,1.767984841,Manta,Master,1
5327,30,Masculino,73847.56252,1.695991008,Santo Domingo,Master,1
5328,70, femenino,,1.847950852,Manta,bachillers,4
5329,25,Femenino,76656.54704,1.582422929,Sto. Domingo,phd,2
5330,57,Masculino,51088.22999,1.690338673,Santo Domingo,Secundaria,0
5331,21,Masculino,65382.74835,1.810066013,Santo Domingo,master,3
5332,64,Femenino,75362.11774,1.579610094,Manta,Ph.D,2
5333,48, femenino,78001.21783,1.804026387,Sto. Domingo,mre,0
5334,45,Masculino,36962.25728,1.701979601,Santo Domingo,bachiller,0
5335,28,Masculino,86829.03755,1.711011844,Guayaquil,master,1
5336,60,Masculino,,2.849708239,Manta,mre,3
5337,18,Femenino,75779.01181,1.579103676,Esmeraldas,,3
5338,66,Masculino,65422.16945,1.692119077,Esmeraldas,,0
5339,,Femenino,53464.5318,1.64442162,Quito,bachillers,4
5340,69,Masculino,43752.27249,,Guayaquil,phd,3
5341,55,Femenino,35642.39493,1.751042261,Manta,phd,2
5342,41,Femenino,69668.04009,1.70344988,Manta,sin  educacion,4
5343,71,Femenino,75771.46134,1.831773915,Guayaquil,Secundaria,1
5344,77,Femenino,58730.68017,1.694388781,,master,0
5345,74,Masculino,53085.3824,1.770288062,Quito,bachillers,3.600347861
5346,64,Femenino,61048.69256,1.81642118,Esmeraldas,master,2
5347,,Femenino,50394.17655,1.672773343,Manta,Secundaria,2
5348,58,Femenino,60324.14544,1.743494122,Guayaquil,Master,1
5349,63,Masculino,49533.51632,1.6563309,Manta,Secundaria,1
5350,67,Masculino,69180.58972,1.814618306,Esmeraldas,Master,3
5351,43,Masculino,78658.0427,1.697275648,Guayaquil,Secundaria,4
5352,66,Masculino,67627.59563,1.83706199,Manta,bachiller ,0
5353,67,masculino ,58793.01803,1.719885715,Guayaquil,master,3
5354,22,Masculino,74836.96067,1.954586237,Guayaquil,sin  educacion,1
5355,37,Femenino,60283.59469,1.629284689,Guayaquil,bachiller ,2
5356,190,Femenino,74360.23085,1.785970203,Esmeraldas,,3
5357,58,Femenino,50457.84059,1.69568471,Santo Domingo,phd,2
5358,28,,52398.93864,1.677488818,Esmeraldas,,4
5359,73,Femenino,45167.77739,1.510196082,Guayaquil,bachillers,2
5360,71,Femenino,53017.86313,1.707278192,Quito,Ph.D,0
5361,50,Masculino,74720.94847,1.602572803,Manta,Secundaria,4
5362,67,Femenino,46923.78547,1.669031258,Manta,Ph.D,2
5363,55,Masculino,,1.606503957,Manta,mre,3
5364,44,Femenino,53782.2809,1.619884032,Manta,Secundaria,0
5365,51,masculino ,,1.592732598,Quito,master,0
5366,32,Masculino,52433.83399,1.59376432,Guayaquil,master,1
5367,49,,91603.04286,1.540882989,Esmeraldas ,master,1
5368,78,Femenino,46665.45822,1.737621314,Manta,master,3
5369,75,Femenino,69503.00898,1.701809736,Santo Domingo,master,1
5370,38,Masculino,58796.77117,1.77077921,Sto. Domingo,,2
5371,63,Masculino,65587.20995,1.660810759,Esmeraldas,Ph.D,1
5372,22,Femenino,52361.095,1.634024708,Manta,Ph.D,0
5373,23,Femenino,77420.19499,1.691213393,Guayaquil,Secundaria,3
5374,55,,,1.770169983,Quito,Secundaria,2
5375,79,Femenino,66819.5309,1.729983987,Manta,Secundaria,0
5376,39,,61483.40939,1.701294057,Esmeraldas ,mre,0
5377,79,Femenino,,1.766438306,Esmeraldas,mre,4
5378,35,masculino ,68402.27416,1.700504965,Santo Domingo,phd,1
5379,31,Masculino,65563.57074,1.640847355,,PhD,2
5380,27,,69789.67714,1.790754021,Manta,sin  educacion,3
5381,63,Masculino,33600.33162,1.575163854,Guayaquil,,3
5382,30,Femenino,62816.40756,1.557964771,Santo Domingo,bachillers,3
5383,,Femenino,,1.69750578,Quito,mre,4
5384,47,,77528.76266,,Santo Domingo,mre,2
5385,20,Masculino,49484.56504,1.723302292,Guayaquil,mre,0
5386,47,Masculino,63016.5864,1.66723863,Esmeraldas,PhD,4
5387,123,Femenino,88857.60743,1.83530853,Manta,mre,1
5388,46,Femenino,59614.27439,1.550145595,Manta,Master,
5389,25,Masculino,40045.89304,1.713498435,Guayaquil,,3
5390,61,Masculino,92609.10077,1.775864617,Manta,bachiller ,1
5391,62,Masculino,49266.79594,1.838435174,,bachiller,2
5392,60,Femenino,44403.33018,1.833432773,Santo Domingo,Secundaria,2
5393,61,Femenino,44994.59607,1.590381312,Guayaquil,master,4
5394,50,Femenino,70914.96741,1.736213822,Santo Domingo,PhD,2
5395,34,Masculino,79466.6996,1.678595509,Manta,bachiller ,3
5396,65,Masculino,86406.04521,1.698105144,Sto. Domingo,Secundaria,4
5397,28,Femenino,60229.80194,1.813393,Quito,master,4
5398,30,Masculino,45196.89455,1.889992952,Santo Domingo,bachiller ,3
5399,67,Masculino,51450.82602,1.72609108,,Ph.D,2
5400,28,Masculino,60503.76124,1.501427229,Esmeraldas,PhD,1
5401,48,Masculino,59682.22543,1.533160441,Guayaquil,PhD,4
5402,45,Femenino,79624.4725,1.695350031,Quito,,1
5403,61,F,40235.79465,1.799756455,Quito,master,1
5404,23,Femenino,43267.85772,1.621456452,Santo Domingo,Secundaria,1
5405,58,,55352.85319,1.680882465,Manta,sin  educacion,1
5406,33,Masculino,65538.06214,1.86179085,Guayaquil,PhD,3
5407,21,Femenino,53360.156,1.660351994,Santo Domingo,master,0
5408,52,M,,1.875284973,Esmeraldas,Secundaria,2
5409,77,Masculino,77606.19629,1.656972364,Manta,Secundaria,0
5410,-11,Femenino,-11228.31963,1.790427023,Guayaquil,Secundaria,
5411,73,M,45229.15834,1.707685353,Manta,Ph.D,4
5412,76,Femenino,52354.37549,1.777663441,Esmeraldas,Master,0
5413,43,Femenino,-8586.45285,1.900864104,Santo Domingo,Ph.D,28
5414,79,,41084.66481,1.741967063,,mre,-4
5415,74,Femenino,67660.99681,1.82610736,,bachiller,1
5416,29,Femenino,,1.610536858,Santo Domingo,mre,0
5417,28,Femenino,,1.60685722,Quito,master,0
5418,54,Masculino,61797.96717,1.536756646,Santo Domingo,Ph.D,4
5419,42,,43239.68528,1.594435319,Guayaquil,phd,2
5420,35,Masculino,50450.7044,1.851726665,Esmeraldas,,4
5421,36,Femenino,81711.01498,1.733146215,Manta,,2
5422,40, femenino,95569.82712,1.673259792,Esmeraldas,Master,41
5423,72,,33791.36718,1.720419501,Esmeraldas,Secundaria,2
5424,140,Masculino,75646.84674,1.768019655,Quito,PhD,3
5425,71,Masculino,-15436.94238,1.777850598,Quito,Secundaria,3
5426,35,Masculino,91234.24885,1.72185774,Guayaquil,Secundaria,1
5427,43,Femenino,51622.32234,1.838271743,Esmeraldas ,Secundaria,2
5428,23,Masculino,73474.25701,1.602923856,Santo Domingo,Ph.D,3
5429,178, femenino,55460.3513,1.664933413,Santo Domingo,mre,3
5430,61,Femenino,79221.04816,,,,0
5431,68,Masculino,94669.31797,1.79563573,Guayaquil,bachiller ,33
5432,46,Femenino,63195.97831,1.737082887,Manta,PhD,4
5433,76,Masculino,42915.56426,1.645708324,Santo Domingo,Secundaria,0
5434,78,Femenino,81208.09159,1.778756745,Esmeraldas,Secundaria,3
5435,51,Femenino,68482.23255,,Guayaquil,Ph.D,3
5436,34,Femenino,65670.4913,1.818201557,Manta,master,3
5437,60,,-30796.79659,1.85217229,Esmeraldas,bachiller ,
5438,60,F,42935.45295,1.642388159,Esmeraldas,,4
5439,70,Masculino,49257.27083,1.958832931,Guayaquil,bachiller,1
5440,175,Femenino,68913.98018,1.600266542,Guayaquil,PhD,1
5441,19, femenino,48922.82359,1.681097191,Guayaquil,master,2
5442,51,Femenino,55259.85937,1.678635676,Guayaquil,,3
5443,72,Femenino,79121.51543,1.68961859,Manta,master,2
5444,25,Masculino,66494.30348,1.842482979,Guayaquil,Secundaria,4
5445,30,Femenino,42317.58616,1.743773017,Guayaquil,Secundaria,2
5446,,Masculino,66120.53726,1.616859407,Guayaquil,Secundaria,1
5447,25,Femenino,78586.09811,1.710903566,Manta,Master,1
5448,47,Femenino,62573.07094,1.766321281,Santo Domingo,PhD,1
5449,-9,masculino ,73076.97797,1.752082319,Esmeraldas,Secundaria,2
5450,53,Masculino,52244.8464,1.822218212,Quito,Master,3
5451,64,Masculino,63898.1752,1.708938931,Esmeraldas,Secundaria,0
5452,47,Femenino,36348.53561,1.779959638,Manta,PhD,1
5453,18,F,69445.98419,1.685765332,Guayaquil,bachiller,2
5454,60,Femenino,-22471.41095,1.63532393,Manta,bachiller,0
5455,56,,40646.01418,1.585863208,Santo Domingo,phd,1
5456,34,Masculino,82813.18893,1.856648615,Quito,Secundaria,1
5457,76,Femenino,68567.01533,1.549115741,Santo Domingo,Secundaria,4
5458,37,masculino ,49609.88073,1.725404593,,bachiller,1
5459,41,Masculino,69841.91394,3.211252223,Manta,bachillers,0
5460,,Femenino,-41138.60342,,Manta,bachillers,0
5461,39,,47307.93533,1.790095054,Guayaquil,bachillers,3
5462,46,Femenino,45311.5302,1.564952104,Guayaquil,master,0
5463,39,Masculino,44878.47295,1.642031532,Quito,PhD,2
5464,61,Masculino,-20147.08839,1.796469042,Guayaquil,Secundaria,2
5465,26,Masculino,61417.86825,1.569923847,Guayaquil,Secundaria,1
5466,54,Masculino,71223.31829,1.781697992,,sin  educacion,3
5467,27,Masculino,17704.71185,1.811578329,Santo Domingo,Secundaria,1
5468,53,Femenino,54126.90903,1.807312378,Esmeraldas ,Secundaria,3
5469,54,Masculino,54338.92881,1.737437635,Quito,bachiller,4
5470,45,Femenino,60789.51434,1.616145272,Quito,Secundaria,3
5471,45,Masculino,60401.57608,1.600976827,Esmeraldas ,Ph.D,4
5472,,Femenino,63421.27942,1.649662643,Esmeraldas,PhD,4
5473,60,Masculino,61332.21999,1.393442091,Quito,phd,1
5474,38,F,53118.03739,1.702321406,,Secundaria,2
5475,41,Femenino,54006.80613,1.688487714,Manta,Master,3
5476,59,Masculino,59207.71205,1.707588551,Esmeraldas,bachillers,1
5477,77,Femenino,-44686.40564,1.675978611,Quito,PhD,4
5478,57,Masculino,,1.717669368,Guayaquil,Master,4
5479,19,masculino ,48222.22649,1.707926828,Esmeraldas,Secundaria,0
5480,72,Femenino,47428.10526,1.55399165,Guayaquil,bachiller,4.128537007
5481,25,Masculino,67648.43339,1.72799545,Manta,master,
5482,65,Femenino,71360.89068,1.697891123,Esmeraldas,Secundaria,2
5483,44,Masculino,1175547.188,1.527418528,Sto. Domingo,Secundaria,0
5484,39,Masculino,52636.10879,1.789482563,Manta,mre,
5485,54,Masculino,31834.74595,1.670170631,Quito,Master,15
5486,44,Masculino,65724.67193,1.76356304,Guayaquil,phd,2
5487,-6,Masculino,49265.52223,1.695571056,Quito,bachillers,3
5488,46,Masculino,58449.4446,1.521979658,Esmeraldas,bachiller,1
5489,20,Masculino,62223.44831,1.725051874,Guayaquil,phd,3
5490,61,F,,1.749640743,Esmeraldas,bachillers,1
5491,30,,-7366.202643,1.817054479,Guayaquil,bachiller ,1
5492,62,Masculino,77544.5234,1.79189427,Esmeraldas,Secundaria,2
5493,27,Masculino,,1.819831679,Manta,,3
5494,,M,61560.69638,1.773634605,Esmeraldas,PhD,0
5495,26,Femenino,34670.35898,1.650835452,Manta,master,1
5496,169,Masculino,50856.89297,1.653197199,Santo Domingo,bachiller ,1
5497,73,masculino ,81121.8913,1.798893788,Quito,bachillers,0
5498,72,Masculino,62231.39337,1.661160253,Esmeraldas ,PhD,2
5499,44,Femenino,92675.61915,1.752983595,Quito,mre,2
5500,51,Masculino,54315.21904,,Manta,Secundaria,2
5501,68,Femenino,94692.94554,1.63820801,Manta,mre,4
5502,186,Masculino,59977.37422,1.772830141,Manta,Master,4
5503,49,Femenino,53703.70078,1.619696385,Esmeraldas,Ph.D,2
5504,42,Femenino,49325.00191,1.758640281,Quito,Secundaria,
5505,46,Masculino,69897.80966,1.861369306,Manta,Master,0
5506,24,Masculino,38804.19071,1.833876266,Santo Domingo,Master,4
5507,66,Masculino,51753.66405,1.661489838,Manta,bachiller ,3
5508,,Masculino,59211.27477,,Quito,bachiller ,2
5509,37,Masculino,26132.44817,1.677524492,Manta,Secundaria,2
5510,37,Masculino,58538.46186,1.928847501,,mre,2
5511,70,,85807.44786,1.703242113,Guayaquil,master,-5
5512,47,,66479.32546,1.766283009,Sto. Domingo,bachillers,4
5513,,Masculino,50129.31518,1.763243679,Quito,Secundaria,3
5514,52,Masculino,52831.87042,1.590608021,Guayaquil,PhD,1
5515,129,Femenino,65057.18122,1.837626621,Guayaquil,,1
5516,56,Masculino,52338.79298,1.721954401,Manta,,3
5517,44,Masculino,67028.39699,1.64441009,Manta,sin  educacion,3
5518,,Masculino,51915.37187,1.624870638,,master,3
5519,31,Masculino,44635.60972,1.639730674,Quito,mre,3
5520,34,Femenino,,1.692304799,Esmeraldas ,Master,3
5521,35,Femenino,70635.59652,1.593279582,Esmeraldas,,2
5522,-10,Masculino,31673.55796,1.618361513,Esmeraldas,phd,-2
5523,69,Masculino,54947.12739,1.527184366,Quito,Master,3
5524,46,F,1989614.943,1.619071218,Manta,Secundaria,4
5525,37,Masculino,57507.8904,1.836437609,Guayaquil,PhD,2
5526,70,Femenino,51291.76092,1.820126604,Santo Domingo,,1
5527,44, femenino,56211.83817,1.727006036,Manta,Secundaria,2
5528,35,Femenino,-3125.452639,1.910631433,Guayaquil,PhD,
5529,21,Masculino,57305.46448,1.821483921,,mre,3
5530,18,Masculino,58759.84985,1.74347055,Manta,Master,1
5531,67,,57750.9033,1.754350428,Santo Domingo,,0
5532,18,Femenino,,1.708879204,Esmeraldas,bachiller ,1
5533,75,Masculino,44622.60652,1.574064251,Guayaquil,Secundaria,2
5534,43,Masculino,43650.65961,1.673349279,Manta,,0
5535,62,Femenino,61372.49266,1.440540562,,,2.480378939
5536,37,Masculino,68741.48296,1.590562149,Manta,Secundaria,3
5537,69,Masculino,45880.4525,1.838798817,Quito,Secundaria,0
5538,40,Masculino,37498.20255,1.707742236,Guayaquil,Secundaria,2
5539,27,Femenino,46930.21356,1.593388612,Guayaquil,phd,0
5540,,Masculino,81036.05314,1.752703287,,PhD,2
5541,28,Femenino,55303.36701,1.760436532,Esmeraldas,Secundaria,1
5542,58,,56788.7258,,Quito,Ph.D,2
5543,58,Femenino,48034.30531,1.877828083,Santo Domingo,sin  educacion,
5544,22,Masculino,68575.5871,1.778122353,Guayaquil,bachillers,0
5545,75,Masculino,58149.96422,1.548536998,Esmeraldas,Master,1
5546,18,Masculino,49100.41683,1.928036065,Manta,Master,0
5547,34,Femenino,44536.34059,1.835338499,Quito,phd,4
5548,39,F,65667.71384,,Manta,bachiller,0
5549,51,Masculino,63959.77732,1.698332733,Esmeraldas,sin  educacion,4
5550,73,Femenino,-35921.0765,1.545015817,Manta,bachillers,0
5551,62,Masculino,78410.73283,1.643997153,Santo Domingo,bachiller ,0
5552,58,Masculino,50371.67438,1.694908764,Guayaquil,Master,1
5553,46,M,26628.69978,1.659909726,Guayaquil,Secundaria,4
5554,21,Masculino,82929.51624,1.809345609,,master,
5555,22,F,58461.86702,1.692347879,Guayaquil,Ph.D,4
5556,28,Masculino,66517.059,1.62233341,,,4
5557,73,Masculino,85084.29368,1.750072558,Esmeraldas,bachiller,3
5558,68,Femenino,-39792.76811,1.617077658,Esmeraldas,Secundaria,4
5559,38,Masculino,67190.03174,1.5368267,Esmeraldas,Secundaria,1
5560,52,Femenino,77629.92516,1.750943489,Quito,Secundaria,1
5561,29,Femenino,45982.33985,1.692750245,Esmeraldas,master,-3
5562,43,Masculino,81909.85254,1.715681883,,master,0
5563,68,Femenino,-23319.88883,1.837623554,Esmeraldas,,3
5564,,Femenino,58569.52587,1.7250984,Guayaquil,phd,0
5565,62,Femenino,43869.94719,1.756919392,Santo Domingo,master,1
5566,77,Masculino,1476786.563,1.701715811,Guayaquil,Ph.D,3
5567,24,masculino ,45519.08573,1.780997767,Santo Domingo,Master,4
5568,64,Masculino,-3986.355715,1.486770396,Santo Domingo,,1
5569,72,,,1.622564901,Santo Domingo,bachiller,1
5570,24,Masculino,41970.96103,1.661383727,,,1
5571,43,Femenino,48495.52324,1.652056562,Quito,Secundaria,1
5572,57,Femenino,59320.02512,1.620838697,Manta,bachillers,3
5573,22,Masculino,58496.76175,1.691801407,Quito,Secundaria,-4
5574,38,Femenino,-29689.99734,1.686432056,Guayaquil,phd,0
5575,31,Femenino,50001.85334,1.69175071,Guayaquil,Secundaria,4
5576,21,Femenino,54659.50039,1.72004585,,bachiller,1
5577,40,Femenino,36216.21177,1.749779067,Quito,PhD,1
5578,59,Masculino,49515.19843,1.622404252,Esmeraldas,Secundaria,0
5579,,Masculino,56673.57496,1.647765604,Quito,phd,4
5580,32,Masculino,,1.792272907,Guayaquil,,2
5581,67,Femenino,62583.94137,1.60580555,Manta,,3
5582,69,Femenino,41580.30283,1.619205826,Esmeraldas,phd,0
5583,62,Masculino,66416.80898,1.62270345,Manta,Master,
5584,46,F,61833.75347,1.680011694,Manta,bachiller,0
5585,25,Femenino,81602.50478,1.799813604,Quito,Secundaria,4
5586,58,F,37583.98591,1.752389877,Santo Domingo,Master,1
5587,65,Masculino,57952.84636,1.612706898,Quito,bachiller,2
5588,36,Femenino,75469.59578,1.881323321,,PhD,3
5589,65,Femenino,55553.61192,1.630435215,Guayaquil,Secundaria,2
5590,56,Masculino,46298.1627,1.537877702,Quito,phd,1
5591,63,,,1.882418942,Santo Domingo,PhD,0
5592,45,Masculino,71771.85981,1.616314805,Santo Domingo,Secundaria,4
5593,63,Femenino,36778.67962,,Quito,Secundaria,1
5594,74,Femenino,55001.54404,1.686601536,Esmeraldas,bachiller,2
5595,44,Masculino,46858.95751,1.758175414,Santo Domingo,bachillers,2
5596,21,Femenino,47985.96414,1.516302479,Santo Domingo,phd,2
5597,75,Masculino,66624.0129,1.669931294,,bachillers,0
5598,32,Femenino,54070.60835,1.663322957,Esmeraldas,mre,2
5599,52,Masculino,63495.51117,1.841371179,Esmeraldas,Secundaria,
5600,54,F,41369.89176,1.645644098,Esmeraldas,Ph.D,2
5601,18,Femenino,72448.47886,1.667926088,Quito,mre,3
5602,20,Masculino,63190.11024,1.776015953,Quito,mre,3
5603,64,Femenino,78570.11952,1.751140006,Manta,Secundaria,1
5604,41,M,53895.74376,1.62759568,Sto. Domingo,,1
5605,,Femenino,66743.43992,1.742840609,Manta,mre,4
5606,57,Femenino,71750.95375,1.626262145,Santo Domingo,Ph.D,2
5607,78,Masculino,-45035.902,1.780323306,Esmeraldas,Master,2
5608,53,M,85466.83786,,Guayaquil,Secundaria,0
5609,51,Femenino,35051.72548,1.574335083,Quito,bachiller ,1
5610,46,Masculino,62619.76377,1.485667936,Esmeraldas,bachiller ,3
5611,41,masculino ,-4139.068694,1.662398176,Manta,phd,0
5612,41,Masculino,52834.65218,1.62163031,Santo Domingo,phd,3
5613,59,Masculino,82403.01765,1.676037952,Quito,,0
5614,21,Masculino,50696.81798,1.695075423,Guayaquil,Ph.D,1
5615,20,Femenino,72792.39769,1.508625312,Santo Domingo,phd,2
5616,51,Femenino,44188.7437,1.627012702,Santo Domingo,Master,2
5617,74,,75292.70157,1.68706322,Manta,master,4.081254248
5618,66,Femenino,1823677.982,1.710004668,Esmeraldas,Secundaria,3
5619,40,Masculino,55758.59226,1.779822827,Guayaquil,bachiller,4
5620,70,Femenino,,1.797054521,,master,4
5621,73,Masculino,55789.76114,1.676134807,Esmeraldas,phd,1
5622,69,Masculino,49698.69551,1.685212393,Guayaquil,sin  educacion,0
5623,40,Femenino,,1.651932168,Quito,Ph.D,2
5624,62,Masculino,60774.98604,1.765575271,Guayaquil,bachillers,3
5625,,Masculino,51052.55389,1.661548793,Manta,PhD,4
5626,48,Femenino,50417.29952,1.603317872,Guayaquil,Secundaria,2
5627,79,Masculino,39601.5732,1.533749639,Guayaquil,Secundaria,1
5628,70,Masculino,82834.18696,,Guayaquil,sin  educacion,2
5629,79,Femenino,,1.673413005,Quito,bachiller,4
5630,,Masculino,58996.21335,1.797955762,Esmeraldas,Master,3
5631,74,Masculino,92690.18099,1.704551336,Guayaquil,Master,0
5632,78,Masculino,59803.49393,1.711448371,Santo Domingo,Secundaria,0
5633,74,Masculino,76446.49693,1.700337355,Manta,master,2
5634,77,Masculino,,1.827981697,Santo Domingo,sin  educacion,0
5635,71,Masculino,51382.53077,1.750786331,Esmeraldas,phd,4
5636,23,Masculino,62735.38527,,Manta,,3
5637,54,Masculino,65590.86041,1.640133382,Esmeraldas,Master,0
5638,74,Femenino,40435.98938,1.573950642,Manta,bachiller ,0
5639,27,Masculino,64319.63313,1.865245315,Esmeraldas ,Ph.D,1
5640,57,Masculino,77114.16799,1.780361805,Santo Domingo,bachiller,0
5641,24,Femenino,49627.04826,1.680660186,Quito,mre,0
5642,56,Masculino,56843.67651,1.879395718,Esmeraldas,sin  educacion,4
5643,55, femenino,43355.94629,1.699237272,,Master,0
5644,38,masculino ,52758.03236,3.288487362,,phd,1
5645,78,Masculino,53921.94899,1.822166158,Guayaquil,Secundaria,1
5646,37,Masculino,83672.43727,1.571900924,Guayaquil,Ph.D,1
5647,20,Masculino,55242.15196,1.659910264,Guayaquil,master,0
5648,68,Femenino,52045.18122,1.579934328,Sto. Domingo,Secundaria,2
5649,39, femenino,,,,Secundaria,2
5650,,Femenino,34384.70938,1.71998301,Esmeraldas,mre,
5651,21,Femenino,24619.29227,1.73371907,Esmeraldas,Master,2
5652,45,Femenino,39268.27143,1.589780769,Quito,bachiller ,4
5653,29,Masculino,64861.54427,1.880916016,Manta,Master,4
5654,55,Masculino,59959.84641,,Santo Domingo,Ph.D,1
5655,68,Masculino,73036.57682,1.712957088,Santo Domingo,Secundaria,3
5656,53,Masculino,37194.43451,1.715515173,Manta,,4
5657,64,Masculino,56939.05206,1.726348251,Manta,bachiller ,0
5658,58,,,1.787932903,Santo Domingo,bachiller ,1
5659,22,,64009.80764,,Santo Domingo,,0
5660,30,Masculino,39331.523,1.622594957,Guayaquil,bachiller,0
5661,40,Masculino,56349.47555,1.715126787,Esmeraldas,Secundaria,
5662,75,Masculino,63095.95335,1.870307679,,Secundaria,0
5663,67,Femenino,54132.01225,1.641817975,Guayaquil,bachiller ,3.856902392
5664,47,Femenino,26070.74543,1.680759686,Esmeraldas,Secundaria,0
5665,79,Masculino,84934.99117,1.77254583,Quito,bachiller,0
5666,54,,52539.3619,1.579043578,Quito,master,2
5667,,F,-39615.0287,1.702244557,,Ph.D,0
5668,65,Femenino,71417.94001,1.689486521,Quito,Master,4
5669,44,Femenino,71978.54601,1.6390777,Sto. Domingo,,4
5670,68,Masculino,,1.750304074,Guayaquil,Secundaria,0
5671,31,Femenino,83043.72338,1.915691526,Manta,Secundaria,4
5672,74,Femenino,48889.56094,1.717371177,Manta,bachiller ,4
5673,79,Masculino,62634.72882,1.476509483,Esmeraldas,Master,2
5674,-15,Femenino,,1.612888321,Quito,mre,1
5675,76,Masculino,82709.97328,1.847930944,Santo Domingo,,1
5676,64,Femenino,30850.35935,1.676045901,Quito,Master,3
5677,71,Masculino,94377.08367,1.582707838,,PhD,1
5678,53,Masculino,77608.0905,1.775454872,Manta,,0
5679,56,Femenino,66741.83992,1.636133265,Guayaquil,bachiller ,4
5680,33,Femenino,48005.21621,1.703505686,Manta,bachillers,1
5681,120,Masculino,46744.96877,1.586829788,Manta,Secundaria,2
5682,39,,64317.46993,1.658194014,Manta,Secundaria,3
5683,38,Femenino,67406.99996,1.696984714,Santo Domingo,bachiller,0
5684,71,Femenino,65473.02,1.689920957,Quito,phd,1
5685,38,Masculino,62396.29119,1.737464799,Manta,master,4
5686,25,M,66479.44146,1.720120704,Esmeraldas,Secundaria,2
5687,66,Masculino,27215.6611,,Manta,Secundaria,1
5688,33,Femenino,56008.43379,1.868581699,Quito,Ph.D,4
5689,76,Femenino,39251.52305,1.684322974,Quito,bachillers,1
5690,72,Masculino,59391.92045,1.564946173,Santo Domingo,Secundaria,0
5691,187,,79596.98544,1.477768409,Manta,Ph.D,3
5692,59,Femenino,46369.69664,1.707518233,Esmeraldas,Secundaria,4
5693,27,masculino ,,1.607373433,Santo Domingo,Ph.D,3
5694,,Femenino,47257.24753,1.757280513,Santo Domingo,,3
5695,76,Femenino,49261.39342,1.704835958,Manta,bachillers,2
5696,51,Masculino,68310.79051,2.093850298,Manta,master,4
5697,79,Femenino,71807.95771,1.573913707,,bachiller ,2
5698,26,Femenino,82038.0102,1.805768674,Guayaquil,PhD,3
5699,34,Masculino,44923.05898,,Santo Domingo,Master,0
5700,113,Masculino,70259.09281,1.783095682,Guayaquil,master,0
5701,49,Femenino,72755.53789,1.842312143,,bachiller ,1
5702,27,Masculino,84799.44523,1.665561155,,bachillers,1
5703,39,Femenino,,1.627079871,,Secundaria,4
5704,-18,Femenino,29946.30188,1.684341793,Sto. Domingo,mre,0
5705,161,Masculino,,1.625699442,Manta,Ph.D,3
5706,-12,,102130.3118,1.861061537,Santo Domingo,Secundaria,0
5707,65,Femenino,43571.05825,1.680242042,Esmeraldas,Secundaria,4
5708,69,Masculino,-19609.39639,1.743953134,Esmeraldas,Secundaria,1
5709,64,Femenino,26752.07105,1.746888787,Quito,Secundaria,1
5710,42,Femenino,87222.59877,1.789218865,Quito,bachiller ,2
5711,76,masculino ,31826.93193,1.654798928,Guayaquil,mre,1
5712,38,Masculino,24133.05606,1.776738398,Guayaquil,Secundaria,3
5713,54,Femenino,61483.03634,1.830137323,Esmeraldas,Master,4
5714,55,Femenino,61775.54319,1.684432206,Manta,Ph.D,1
5715,66,Femenino,81289.34175,1.566700226,Esmeraldas,Master,1
5716,18,Masculino,-6347.255777,1.83685948,Manta,bachiller ,3
5717,42,Femenino,29991.35882,1.717364059,Esmeraldas,master,1
5718,68,Femenino,57721.95692,1.700419862,Quito,Ph.D,3
5719,53,Femenino,-21650.44168,1.76767625,,PhD,1
5720,34,Masculino,39974.2152,1.842918147,Esmeraldas,Secundaria,3
5721,58,Femenino,66505.08871,1.677802198,Guayaquil,sin  educacion,1
5722,41,Femenino,75644.71444,1.825564163,Manta,Secundaria,
5723,19,Masculino,47920.56281,1.707210314,Manta,bachiller,2
5724,57,Masculino,-45127.84395,1.762380353,Esmeraldas,,2
5725,32,Femenino,56007.20652,1.639305821,Manta,bachillers,0
5726,49,Femenino,50083.72306,1.674617488,Guayaquil,master,2
5727,56,Femenino,53589.23947,1.808467649,Quito,phd,3
5728,76,Masculino,50074.1124,1.503564014,Santo Domingo,PhD,3
5729,23,Masculino,,1.770044757,Santo Domingo,PhD,2
5730,18,Femenino,51203.35923,1.737952101,,Secundaria,3
5731,64,Masculino,66406.38691,1.866102291,Esmeraldas,Secundaria,4
5732,40,Femenino,51148.37391,1.800609788,,bachillers,3
5733,75,Femenino,69701.10868,1.71768538,,Ph.D,4
5734,56,Masculino,50824.73129,1.572816023,Esmeraldas,master,4
5735,78,Femenino,-19636.42623,1.641941849,Quito,Master,1.825415775
5736,79,Masculino,47271.13101,1.677307981,Guayaquil,bachiller,1
5737,74,Masculino,,1.849202469,Quito,Secundaria,0
5738,34,,,1.780076721,Esmeraldas,Secundaria,3
5739,51,Masculino,,1.620496652,,Secundaria,2.822737324
5740,76,Femenino,51492.73515,1.740280911,Guayaquil,bachiller,0
5741,58,F,59307.28019,1.654123298,Guayaquil,bachiller,1
5742,46,Femenino,42210.1682,1.63541824,Manta,phd,3
5743,26,Femenino,57081.04595,1.762856904,Esmeraldas,PhD,4
5744,30,Femenino,43359.6952,1.685558816,Santo Domingo,Ph.D,1
5745,23,Masculino,56427.4439,1.583573858,Santo Domingo,Master,0
5746,23,Femenino,55032.72093,1.782693203,Quito,master,0
5747,37,Masculino,64948.8421,1.715200166,,Ph.D,0
5748,69,Masculino,-48735.56844,1.66336461,Santo Domingo,Master,1
5749,70,Masculino,88174.5359,1.849247038,Guayaquil,mre,0
5750,20,Masculino,52350.97867,1.806412419,Guayaquil,,2
5751,34,Masculino,58010.57036,1.712159765,Guayaquil,Secundaria,0
5752,,Femenino,107764.5985,1.528806099,Santo Domingo,bachiller,0
5753,29,Masculino,56646.72105,1.81105241,Quito,Secundaria,-4
5754,65,Femenino,74298.32053,1.65165789,Esmeraldas,,3
5755,64,Femenino,68648.24792,1.684212888,Manta,Secundaria,1
5756,62,Masculino,95021.6928,1.669727301,Quito,sin  educacion,1
5757,72,,38540.31424,1.570438848,Guayaquil,mre,2
5758,,Femenino,36831.28925,1.745250616,Quito,,2.912782145
5759,34,Masculino,43231.80568,1.615732976,Esmeraldas,PhD,1
5760,20,Femenino,62591.68664,1.740068683,Guayaquil,,2
5761,156,Masculino,44948.9653,1.606392678,Esmeraldas,Secundaria,1
5762,32,Masculino,27998.37211,1.654565708,Manta,Secundaria,2
5763,53,Masculino,46134.63547,1.736511657,Quito,bachiller ,4
5764,49,Femenino,65528.75011,1.712355851,Manta,bachillers,0
5765,49,Femenino,46446.06691,1.762170417,Santo Domingo,sin  educacion,0
5766,21,Femenino,,1.769722079,Quito,Secundaria,1
5767,35,Femenino,43119.22892,1.833232827,Santo Domingo,,2
5768,66,Masculino,60212.15919,,Esmeraldas,bachillers,1.19802154
5769,36,F,54136.12354,1.820697914,Santo Domingo,Ph.D,0
5770,,Femenino,62827.20238,1.66775951,Esmeraldas,bachillers,1
5771,69,Masculino,64332.81223,1.777786221,Manta,Secundaria,1
5772,52,Femenino,,1.812356397,Guayaquil,mre,2
5773,57,Masculino,70347.68946,1.811979757,,sin  educacion,3
5774,31,Masculino,53688.50551,1.554119033,Santo Domingo,sin  educacion,1
5775,75,Masculino,69192.9411,1.385503768,Esmeraldas,bachillers,4
5776,50,Masculino,71253.72455,1.755508101,Santo Domingo,Secundaria,4
5777,176,Masculino,90674.48818,1.700251552,Guayaquil,Secundaria,3
5778,51,Femenino,57643.00131,1.728041609,Quito,Master,4
5779,78,Femenino,58756.27421,1.70916701,Esmeraldas ,master,2
5780,72,Masculino,-44619.34555,1.66607607,Quito,Secundaria,1
5781,21,,30022.18986,1.757258394,Santo Domingo,Secundaria,2
5782,41,Masculino,56930.43027,1.733894293,,bachiller ,3
5783,,Masculino,,1.689519602,Guayaquil,Ph.D,
5784,46,Masculino,75708.19237,1.702893787,Guayaquil,bachiller,2
5785,-4,Masculino,682889.8188,,Manta,bachiller,0
5786,23,Femenino,39925.98643,1.640581976,Esmeraldas,Secundaria,3
5787,74, femenino,22609.64668,1.588828247,Guayaquil,bachiller ,1
5788,50,Femenino,73094.08516,1.58728645,Manta,bachiller ,3
5789,66,,63066.85032,1.649143421,Quito,bachiller ,2
5790,57,Masculino,81285.20733,1.848444432,,master,2
5791,36,Femenino,60437.51159,1.713276941,,Ph.D,-5
5792,70,Masculino,93614.76079,1.632098007,Santo Domingo,PhD,0
5793,18,Masculino,45854.54482,1.720230278,Quito,master,2
5794,22, femenino,54492.91296,1.595570937,Quito,Secundaria,4
5795,44,Femenino,66192.45669,1.681416604,Esmeraldas,Secundaria,4
5796,33,Femenino,49308.69315,1.65895785,Esmeraldas,PhD,1
5797,23,Masculino,66257.49045,1.567672083,Santo Domingo,Ph.D,4
5798,57,Masculino,58340.20976,1.809323053,Sto. Domingo,Secundaria,0
5799,30,Femenino,,1.662337337,Esmeraldas,bachiller,1
5800,65,Femenino,58120.75623,1.696156552,Guayaquil,phd,2
5801,79,Masculino,70581.00045,1.769681403,,bachillers,2
5802,52,Masculino,54856.64428,1.73517848,Esmeraldas,phd,4
5803,36,Femenino,43200.79707,1.707720252,Guayaquil,mre,3
5804,29,Femenino,61007.53494,1.676195517,Guayaquil,Ph.D,0
5805,33,Femenino,50491.2623,1.772819135,Esmeraldas,Master,0
5806,,Femenino,45011.82353,1.699278161,Quito,bachiller ,4
5807,60,Masculino,34035.2083,1.714418445,Manta,Secundaria,0
5808,27,Masculino,73966.98341,1.811287933,Quito,bachiller ,1
5809,,Masculino,69937.48323,1.816952513,Manta,bachiller ,
5810,37,F,81111.19377,1.726872079,Guayaquil,bachiller ,3
5811,48,Femenino,60041.62575,1.710461094,Esmeraldas,Master,2
5812,21,Masculino,76178.27619,1.765581944,Santo Domingo,Ph.D,0
5813,61,Femenino,45844.98278,1.674834388,Esmeraldas,Secundaria,2
5814,40,Masculino,31378.31413,1.675096747,Quito,bachillers,3
5815,19,Masculino,48725.16165,1.693731477,Manta,bachiller ,3
5816,73,Masculino,56910.84507,1.598153838,Esmeraldas,bachillers,1
5817,39,Femenino,65406.83516,1.9362384,Manta,master,3
5818,68,Masculino,79212.80405,1.660030039,Quito,Master,3
5819,74,Femenino,,1.746763128,Quito,,0
5820,54,Femenino,93860.95137,1.698306918,Esmeraldas,Ph.D,2
5821,,Masculino,61797.30035,1.768795304,Santo Domingo,sin  educacion,0
5822,24,Femenino,61511.03175,1.661593909,Santo Domingo,bachillers,0
5823,120,Masculino,65073.03958,1.721680993,Manta,Secundaria,4
5824,73, femenino,,1.614978114,Esmeraldas,Master,4
5825,72,Masculino,65468.82757,1.82142001,Guayaquil,Ph.D,1
5826,,Femenino,41516.22007,1.766155975,Quito,phd,1
5827,67,Femenino,72782.89123,1.558363478,Manta,Secundaria,3
5828,33,Masculino,97585.27977,1.701413781,Quito,Master,1
5829,72,Masculino,46755.24028,1.560952196,Manta,PhD,1
5830,36,Masculino,59381.42227,1.620050406,Esmeraldas,Secundaria,3
5831,68,Masculino,39408.13738,1.792098483,Manta,Secundaria,2
5832,35,Femenino,71278.81964,1.451395396,Sto. Domingo,Master,3
5833,69,Femenino,71264.40841,1.804525934,Guayaquil,Master,3
5834,33,Femenino,37439.49952,1.737879623,Manta,mre,2
5835,25,,40313.21786,1.691988102,Santo Domingo,bachiller ,3
5836,77,Masculino,962293.4169,1.787789247,Manta,phd,4
5837,50,Femenino,83555.69362,1.970280283,Manta,Secundaria,1
5838,66,Masculino,47419.25126,1.567077109,Esmeraldas,bachillers,3
5839,29,Femenino,57986.83198,1.869351301,Manta,Master,0
5840,79,Masculino,54500.18921,1.796640727,Guayaquil,Ph.D,1
5841,70,Masculino,74826.72033,1.629521353,,PhD,-5
5842,28,Masculino,69903.33658,1.75247884,Quito,bachiller ,4
5843,22,Masculino,69102.31387,3.678086737,,Secundaria,3
5844,,,47819.15712,1.650738878,Santo Domingo,bachiller,-3
5845,29,Femenino,70218.46914,1.489496264,,phd,0
5846,34, femenino,73926.56086,1.565142301,Manta,Secundaria,3
5847,23,Femenino,69775.45552,1.738169828,Guayaquil,bachiller,2
5848,50,Femenino,40664.06803,1.747022251,Guayaquil,bachiller,4
5849,22,Masculino,43053.84501,1.745915168,Guayaquil,mre,1
5850,74,Femenino,86056.85785,1.763617973,Guayaquil,PhD,4
5851,45,Femenino,89159.18846,1.71184524,Manta,,3
5852,31,Femenino,58950.34244,1.767835522,Quito,master,2
5853,22,Masculino,58930.93151,1.807309708,Quito,Secundaria,3
5854,71,Masculino,62361.2221,1.724640465,Santo Domingo,Secundaria,4
5855,73,Masculino,68685.06051,,Quito,phd,0
5856,76,Masculino,38362.45344,1.685461731,Guayaquil,Secundaria,4
5857,,Femenino,63456.28252,1.616375109,Manta,Ph.D,3
5858,79,Femenino,44538.72758,1.7851394,Esmeraldas,Secundaria,2
5859,67,Femenino,59696.37788,1.539454863,Esmeraldas,mre,
5860,65,Femenino,-10308.28967,1.684064138,Guayaquil,Ph.D,1
5861,58,Femenino,50275.74436,1.756913548,Santo Domingo,mre,1
5862,36,Femenino,62723.81116,1.597992132,Esmeraldas,Secundaria,2
5863,39,F,50740.44495,1.560200008,Guayaquil,master,4
5864,22,Femenino,43517.25658,1.47203616,Manta,Secundaria,3
5865,76,Femenino,81802.63953,1.671567273,Esmeraldas,bachillers,1
5866,19,Femenino,43731.85835,,Guayaquil,master,0
5867,47,Masculino,25343.14892,2.633716933,Esmeraldas,Ph.D,1
5868,64,Femenino,68531.47194,1.544843761,Manta,mre,4
5869,,Femenino,55654.80135,1.752867433,Quito,mre,2
5870,21,M,59559.93592,1.569796059,Quito,Ph.D,0
5871,,Femenino,62372.74504,1.548689653,Manta,phd,3
5872,30,Masculino,79059.82317,1.579650208,Manta,bachillers,3.411860645
5873,37,Masculino,87956.973,1.807533352,Sto. Domingo,Secundaria,2
5874,71,Femenino,63801.66974,1.579717387,,Secundaria,0
5875,24,M,42364.09407,1.814192267,Manta,Ph.D,0
5876,32,Masculino,62189.45263,1.720265168,Manta,mre,0
5877,40,Femenino,68837.73226,1.648162504,Quito,Secundaria,2
5878,31,,75054.53465,1.594773212,Quito,phd,2
5879,40,Masculino,62059.40813,1.890443133,Esmeraldas,phd,3
5880,36,M,51591.8838,1.641164885,,bachiller ,1
5881,-2,Femenino,46398.18369,1.64158165,Esmeraldas,master,2.30663991
5882,46,Masculino,58251.68872,1.845116628,Quito,bachiller ,3
5883,73,Femenino,37484.93328,1.862840479,Santo Domingo,bachiller ,0
5884,37,Femenino,65915.71291,1.686005316,Esmeraldas,master,1
5885,46,Femenino,62659.74218,1.818423495,Guayaquil,Ph.D,4
5886,41,Femenino,62585.19341,1.638746758,Santo Domingo,master,0
5887,35,Masculino,70764.40227,1.924697241,Quito,bachiller,2
5888,27,Femenino,,1.568873275,Quito,bachillers,1
5889,58,Masculino,58943.53159,,Santo Domingo,mre,2
5890,74,Femenino,1650688.196,1.83127386,Guayaquil,bachillers,4
5891,25,Femenino,54455.01978,1.671073136,Manta,phd,4
5892,,Masculino,68272.6686,1.837216351,Esmeraldas,Ph.D,0
5893,79,Femenino,59885.75499,1.653380726,Santo Domingo,sin  educacion,
5894,46,Masculino,77325.89502,1.765926361,Esmeraldas,Master,3
5895,27,Masculino,77010.70391,1.630700809,Quito,Ph.D,
5896,34, femenino,64741.1251,1.692425669,Guayaquil,Secundaria,2
5897,19,Femenino,58805.82841,1.571949956,,Secundaria,4
5898,23,Femenino,55901.28829,1.695213958,Esmeraldas,Secundaria,1
5899,75,Femenino,67205.49786,1.612218446,Quito,Master,2
5900,22,Masculino,67245.39989,1.907255078,Guayaquil,Ph.D,
5901,45,Femenino,55895.5089,1.667930957,Manta,PhD,3
5902,79,Femenino,64326.64839,1.580234063,Quito,Ph.D,0
5903,58,Femenino,48386.67087,1.769184153,Santo Domingo,,1
5904,22,Femenino,66763.93679,1.579211603,,master,3
5905,35,Femenino,49647.14919,1.787698001,Santo Domingo,Ph.D,3
5906,43,masculino ,71580.53471,1.644209476,Manta,phd,3
5907,37,Femenino,55249.28503,1.696228054,Guayaquil,bachiller,0
5908,-19,Masculino,85107.6639,1.681025969,Esmeraldas,bachillers,4
5909,66,Femenino,60586.46993,1.674624154,Esmeraldas,bachiller,0
5910,44,Femenino,63569.47338,1.706223434,Quito,bachiller ,4
5911,66,Femenino,,1.633677914,Manta,mre,2
5912,29,,81098.14721,,Quito,Secundaria,3
5913,24,Femenino,59430.97957,1.703883877,Sto. Domingo,bachillers,0
5914,76,Masculino,86092.56895,1.66022555,Quito,bachillers,1
5915,20,Masculino,60723.65532,1.572103862,Santo Domingo,,1
5916,27,Femenino,56788.09623,1.76142726,Quito,Master,4
5917,51,Masculino,52327.89516,1.698365624,Guayaquil,Secundaria,4
5918,42,,69632.74193,1.591331979,Quito,Ph.D,3
5919,52,Femenino,67811.3516,1.676228109,Esmeraldas,bachiller ,4
5920,33,Masculino,39989.48057,1.685545092,Esmeraldas,Secundaria,1
5921,19,Femenino,51466.64386,1.596921687,Esmeraldas,,0
5922,77,Femenino,70837.26365,2.016241728,Santo Domingo,bachiller ,0
5923,41,Masculino,50332.86345,1.699221149,Esmeraldas,,4
5924,,Masculino,47744.44604,1.67800806,Guayaquil,mre,4
5925,55,Masculino,62943.65775,1.943688204,,mre,1
5926,39,Masculino,61307.17504,1.745658562,Manta,PhD,2
5927,43,Masculino,,1.820874441,Guayaquil,master,0
5928,60,Masculino,86510.79499,1.709429869,Quito,Secundaria,4
5929,72,Femenino,57764.84076,1.706423436,Santo Domingo,PhD,3
5930,56,Masculino,41025.08766,1.614469794,Quito,master,4
5931,, femenino,35716.32455,1.766888609,Esmeraldas,Secundaria,4
5932,46,Femenino,75337.14191,1.884869371,Esmeraldas,Secundaria,0
5933,64,Femenino,43539.10879,1.857710346,Esmeraldas,bachillers,4
5934,55,Masculino,60456.62339,1.578941182,Guayaquil,bachiller ,3
5935,37,Masculino,46890.33702,1.885956119,Quito,Secundaria,3
5936,44,Femenino,58468.32649,1.617262393,Manta,bachiller,3
5937,58,Masculino,65219.80362,1.605937701,Guayaquil,bachiller ,1
5938,71,Masculino,39516.87217,1.611413684,Manta,,3
5939,37,Femenino,53164.47587,1.660897367,Esmeraldas,master,0
5940,61,Masculino,49896.14569,1.506732527,,phd,2
5941,36,Femenino,45519.45801,1.705274418,Manta,phd,4
5942,37,Masculino,54365.00821,,Guayaquil,bachiller ,4
5943,52,Femenino,50642.99562,1.704151824,Guayaquil,master,4
5944,64,Femenino,,1.650400057,Guayaquil,phd,3
5945,19,Femenino,49263.34359,1.540800501,Manta,Ph.D,3
5946,47,,66762.34918,1.673957561,Guayaquil,Ph.D,3
5947,70,Femenino,66237.40475,1.822040407,Quito,PhD,2
5948,51, femenino,37483.39513,3.967609586,Manta,Master,2
5949,39,Femenino,52414.50727,1.612270812,,bachiller ,2
5950,20,Femenino,,1.7454879,,Secundaria,2
5951,23,Femenino,-20568.41683,1.57619762,Guayaquil,bachillers,2
5952,32,Masculino,56454.46015,1.722581188,Santo Domingo,,4
5953,44,Masculino,,1.744404144,Guayaquil,Ph.D,4
5954,27,Femenino,61571.18967,1.643697672,Esmeraldas,Secundaria,2
5955,26,Masculino,66682.71806,1.625025135,Quito,master,4
5956,50,Masculino,51117.3982,,Guayaquil,mre,2
5957,49,,66901.19627,1.62089383,Manta,PhD,2
5958,65,Femenino,89045.84409,1.75677679,Santo Domingo,Master,2
5959,23,,67898.78044,1.783825548,Quito,phd,4
5960,58,Femenino,76545.23212,1.706367276,Guayaquil,Secundaria,1
5961,76,Femenino,55626.75777,,Guayaquil,bachiller ,1
5962,-16,Femenino,73863.69006,1.707330984,,bachiller ,1
5963,76,Masculino,75173.52936,1.618167641,,Secundaria,0
5964,77,Femenino,63681.72931,1.71790948,Manta,bachiller,1
5965,19,F,58878.73594,1.77468621,Santo Domingo,PhD,1
5966,46,masculino ,37573.69122,1.653464539,Quito,Secundaria,1
5967,21,Femenino,59514.23289,1.619690416,Guayaquil,Ph.D,3
5968,18,Femenino,68478.35209,1.651228231,Santo Domingo,bachiller ,2
5969,-3,Femenino,48521.35556,1.808751111,Manta,phd,4
5970,43,Masculino,40948.75599,1.979132995,Santo Domingo,Master,3
5971,42,Masculino,61529.27518,1.764858357,Quito,bachiller,2
5972,27,Femenino,63459.9888,1.692684287,Quito,master,1
5973,70,Femenino,39789.43138,1.602649003,Quito,mre,1
5974,32,Masculino,60611.57537,1.596443217,,Secundaria,3
5975,76,Masculino,64348.91338,1.7427654,Quito,Secundaria,4
5976,39,Femenino,79819.55549,2.995413858,Guayaquil,Ph.D,3
5977,68,Masculino,52852.21297,1.802248409,Esmeraldas,Ph.D,3
5978,65,Masculino,91296.32573,1.639668792,Santo Domingo,,2
5979,38,Masculino,60808.27831,1.842306399,Manta,Ph.D,0
5980,76,Masculino,41970.86202,,Guayaquil,Ph.D,4
5981,73,Masculino,55047.21658,1.813344066,Guayaquil,Secundaria,4
5982,39,Masculino,43307.30445,1.767301793,Manta,Secundaria,3
5983,53,Femenino,57491.43162,1.784693347,,Master,3
5984,,Masculino,67026.99626,1.693146648,Quito,Ph.D,1
5985,47,Femenino,64022.82846,1.633577713,Santo Domingo,Secundaria,3
5986,42,Femenino,43048.12134,1.800950501,Guayaquil,sin  educacion,2
5987,62,Masculino,41182.60421,1.879314129,Quito,PhD,1
5988,45,,66290.83562,1.599762775,Esmeraldas,bachillers,0
5989,18,Femenino,69661.4847,1.747554909,Manta,Master,2
5990,66,Femenino,52666.04257,1.747175403,Santo Domingo,mre,4
5991,62,Masculino,21934.91727,1.716580264,Quito,Secundaria,4
5992,159,Femenino,42624.0146,1.843112797,Manta,,2
5993,198,Masculino,74794.50553,1.622444879,Santo Domingo,master,3
5994,66,Femenino,48922.04569,1.809836529,Guayaquil,bachiller ,3
5995,26,Femenino,54791.51963,1.672264287,Guayaquil,Master,3
5996,53,Femenino,68300.0948,1.466353666,Guayaquil,Master,4
5997,36,,55405.94987,1.554254803,Esmeraldas,Secundaria,2
5998,18,Masculino,80961.34291,1.703568996,Guayaquil,PhD,3
5999,27,,54398.45213,1.822008228,,Secundaria,1
6000,53,Femenino,47090.19783,1.808131967,,Secundaria,4
6001,26,Masculino,77734.08305,1.710537116,Quito,bachiller ,2
6002,62,Masculino,60717.0914,1.585470394,Manta,mre,2
6003,63,Masculino,43824.03227,1.579240146,Sto. Domingo,,2
6004,59,Femenino,67077.36559,1.742053252,,phd,2
6005,49,Masculino,55585.09255,1.695772619,Esmeraldas,Secundaria,0
6006,49,,42812.04064,1.797096099,Manta,,1
6007,23,Masculino,61426.73659,1.666792675,Guayaquil,mre,0
6008,65,Masculino,57628.55246,1.622804448,Guayaquil,bachillers,3
6009,55,Masculino,34688.7168,1.672179654,Santo Domingo,Master,0
6010,34,Masculino,44110.14007,1.698691516,Esmeraldas,phd,0
6011,27,Femenino,87980.185,1.496726177,Esmeraldas,bachillers,4
6012,67,Masculino,61219.64359,1.747293075,Santo Domingo,Secundaria,2
6013,44,Femenino,80200.05715,1.714270103,Esmeraldas,Secundaria,0
6014,71,Masculino,64632.273,1.794703165,Esmeraldas,Ph.D,2
6015,67,Masculino,78557.03976,1.778000366,Esmeraldas,mre,1
6016,52,Masculino,68336.22951,1.808329315,,bachiller,0
6017,69,Femenino,45805.0654,1.868069831,Santo Domingo,mre,4
6018,76,Masculino,69102.37669,1.713955929,Manta,Master,4
6019,38,Masculino,45708.34266,1.479335114,Esmeraldas,,3
6020,42,Masculino,73940.53553,1.786124154,Manta,Secundaria,0
6021,45,Masculino,63265.86078,1.819914011,Quito,,1
6022,64,Femenino,60281.58786,1.677258879,Quito,bachillers,2
6023,32,Femenino,53422.03454,1.498345243,Esmeraldas,bachillers,
6024,21,M,71976.64954,1.80398544,Guayaquil,Ph.D,3
6025,46, femenino,57635.20981,1.69806549,Quito,bachiller,4
6026,76,Femenino,31351.57247,1.566540467,Guayaquil,bachillers,0
6027,26,M,34286.22875,1.673253787,Manta,mre,3
6028,44, femenino,40960.91522,1.699508819,Esmeraldas,master,1
6029,43,Masculino,71762.70316,1.673220486,Manta,PhD,2
6030,36,Femenino,72903.7588,1.649449285,Guayaquil,bachiller,1.125123993
6031,73,Masculino,64874.96588,1.795194432,Santo Domingo,phd,1
6032,45,Femenino,64716.13193,1.835114551,Esmeraldas ,phd,2
6033,34,Masculino,81692.01956,1.893193139,Santo Domingo,phd,0
6034,-9,Femenino,65142.72588,1.59962742,Manta,Ph.D,2
6035,74,Masculino,69571.64348,1.830078081,Guayaquil,mre,3
6036,58,Masculino,59838.78995,1.719089788,Esmeraldas,Secundaria,1
6037,59,,53084.17479,1.737579001,,Ph.D,2
6038,67,Masculino,55796.47605,1.821440869,Quito,bachillers,4
6039,37,Femenino,90761.53229,1.695010489,Guayaquil,Secundaria,
6040,62,Masculino,43699.22156,1.6817478,Guayaquil,Master,2
6041,57,Masculino,64714.67393,1.630646786,Manta,Secundaria,3
6042,56,Masculino,37269.16713,1.583337133,Manta,Secundaria,1
6043,66,Femenino,50842.25175,1.636757897,,sin  educacion,3
6044,70,Masculino,71607.39129,1.717109994,Quito,PhD,3
6045,40,Masculino,-24981.64583,1.694970824,Guayaquil,Secundaria,4
6046,64,Masculino,73571.08932,1.661938229,Santo Domingo,mre,3
6047,49,Masculino,90713.15414,1.665024233,Guayaquil,,3
6048,69,Masculino,65477.40775,1.805134374,Santo Domingo,Secundaria,4
6049,132,Femenino,78928.71142,1.717563434,Esmeraldas,mre,0
6050,50,Femenino,63720.57118,1.600661887,Santo Domingo,Secundaria,-2
6051,74,Femenino,70666.33281,1.70579008,,Secundaria,2
6052,63,Masculino,66806.4939,1.761609631,Manta,Master,3
6053,22,Femenino,52349.16289,1.79564445,Guayaquil,master,1
6054,60,Masculino,51004.76074,1.756413963,Manta,Master,2
6055,65,Masculino,77721.85586,1.784853346,Esmeraldas ,Secundaria,2
6056,51,Masculino,59366.79213,1.750605954,Santo Domingo,bachiller,0
6057,57,Masculino,57873.41798,1.49931195,Guayaquil,,1
6058,28,Femenino,57562.69474,1.683971749,Esmeraldas ,master,1
6059,78,Femenino,64596.10155,1.690974155,Guayaquil,sin  educacion,1
6060,67,Femenino,42217.19231,1.903936335,Esmeraldas,mre,3
6061,20,Masculino,57267.84613,1.775937715,Santo Domingo,Secundaria,3
6062,79,Femenino,64658.38926,1.670905284,,master,2
6063,75,Femenino,40813.71531,1.622729574,Manta,PhD,0
6064,50, femenino,-49340.59769,1.665595783,Manta,bachiller ,3
6065,28,M,46535.60187,1.619160626,Manta,bachiller,3
6066,33,Masculino,64686.56193,1.917984357,Esmeraldas,master,0
6067,35,Femenino,92377.6795,1.69847315,Esmeraldas,bachillers,1
6068,190,Femenino,1642478.079,1.78248301,Quito,Secundaria,2
6069,65,Femenino,43820.49694,1.751533619,Quito,bachillers,3
6070,72,Masculino,63556.2558,1.765733436,Quito,Secundaria,0
6071,27,Femenino,67113.15169,1.611935396,Sto. Domingo,bachiller,0
6072,35,Femenino,45946.15525,1.833727359,Sto. Domingo,bachiller,1
6073,55,Femenino,34222.79961,1.691167936,Santo Domingo,Secundaria,4
6074,36,Femenino,45992.10949,1.850040115,Manta,Secundaria,4
6075,53,Masculino,-12420.23324,1.74256686,Guayaquil,master,4
6076,,Masculino,53170.29685,1.875398013,Esmeraldas,Secundaria,4
6077,30,Femenino,76162.40926,,Manta,master,41
6078,73,Femenino,67756.69611,1.681438864,Santo Domingo,phd,0
6079,63,Femenino,61529.78533,1.840562454,Santo Domingo,sin  educacion,2.343502028
6080,-6,Masculino,33825.61171,1.71383103,Esmeraldas,,3
6081,27,Femenino,69456.03609,1.753808377,Manta,mre,4
6082,55,Femenino,89687.65902,1.708925233,Quito,bachiller ,2
6083,18,Masculino,72934.59577,1.645906379,Manta,Secundaria,2
6084,72,Masculino,50134.58007,1.68405773,,bachiller,4
6085,73,Masculino,57954.71461,1.771165071,Santo Domingo,sin  educacion,2
6086,44,Femenino,66886.20088,1.797216611,Esmeraldas,Secundaria,3
6087,63,Masculino,80799.91804,1.498036433,Manta,master,1
6088,25,Masculino,49413.73298,1.732031461,Guayaquil,bachillers,3
6089,68,Femenino,,1.692209922,Guayaquil,mre,3
6090,63,Masculino,59352.50169,1.562985507,Esmeraldas,,1
6091,59,Femenino,58039.75933,1.785751112,Quito,bachiller,4
6092,34,Femenino,71885.39356,1.880664225,Manta,Secundaria,4
6093,,Masculino,63934.4653,1.848167223,Manta,bachiller ,1
6094,78,Femenino,,1.46667119,Santo Domingo,Secundaria,1.15313497
6095,23,Masculino,-11948.68381,1.732452955,Manta,Secundaria,0
6096,60,Masculino,50580.04091,1.635033628,Quito,phd,2
6097,42,Masculino,26776.24943,1.65517699,Guayaquil,master,2
6098,56,Femenino,73944.55009,1.674781982,Manta,Secundaria,2.859607982
6099,66,F,61986.37564,1.477735907,Sto. Domingo,Secundaria,0
6100,77,Femenino,51889.80986,1.494178347,Guayaquil,bachiller ,3
6101,45,Femenino,73539.15237,1.708519541,,,4
6102,50,Femenino,64519.94105,1.724770228,Quito,Secundaria,1
6103,71,,40708.18257,1.680462627,,,2
6104,54,Femenino,69143.88684,1.575127791,Esmeraldas ,Secundaria,0
6105,26,,80594.44521,1.659593667,Santo Domingo,Master,3.698487217
6106,35,Masculino,57901.54867,1.844544012,Manta,sin  educacion,3
6107,73,Masculino,58994.26211,1.663723743,Santo Domingo,bachiller ,0
6108,,Femenino,-13108.43956,1.64972039,Guayaquil,Secundaria,0
6109,38,Femenino,41731.58585,1.823686918,Quito,Master,1
6110,19,Masculino,62121.29623,1.678425389,Esmeraldas,Ph.D,1
6111,78,Femenino,46627.53961,1.768043309,Manta,bachiller ,2
6112,75,F,59902.11566,1.746085308,Esmeraldas,bachillers,3
6113,60,Femenino,62488.37296,1.610775257,Guayaquil,master,1
6114,76,Femenino,67961.84546,1.600929471,Manta,bachiller ,
6115,77,Masculino,68513.36116,1.565209013,Guayaquil,Secundaria,2
6116,55,Femenino,46084.62206,1.599030758,Esmeraldas,master,1
6117,75,Masculino,62814.20057,1.782699116,Esmeraldas,phd,0
6118,57,Femenino,74341.36595,1.617820037,Guayaquil,Secundaria,0
6119,53,Masculino,42699.24901,,Manta,Ph.D,0
6120,67,Femenino,,1.671834404,Guayaquil,phd,4.304579223
6121,77,masculino ,45413.69511,1.737959626,Manta,bachiller ,0
6122,60,Femenino,721963.0473,1.563526896,Esmeraldas ,Ph.D,3
6123,54,Masculino,45677.42855,1.809805173,Santo Domingo,Secundaria,0
6124,32,,59156.69402,1.843620102,Manta,mre,0
6125,45,Femenino,57106.42611,1.69748463,Guayaquil,master,2
6126,35,Masculino,39497.93407,1.476038008,Manta,,4
6127,51,Masculino,70472.9055,1.614090567,,,
6128,39,Masculino,71243.01573,1.731601059,Guayaquil,Master,2
6129,28,Masculino,69296.12081,,Manta,Ph.D,3
6130,75,masculino ,56272.82064,1.674222237,Esmeraldas,Secundaria,3
6131,74,Femenino,49473.65539,1.810061662,Guayaquil,,0
6132,30,masculino ,76487.34724,1.642376048,Esmeraldas,phd,1.362777056
6133,21,Masculino,,1.798410678,Manta,Secundaria,0
6134,39,Femenino,48655.70026,1.700100444,Guayaquil,,3
6135,24,Masculino,63218.05534,1.643391502,Guayaquil,master,4
6136,,Masculino,34879.45669,1.773156958,Santo Domingo,PhD,3
6137,60,Masculino,61616.80009,1.695608671,Manta,mre,1
6138,71,Femenino,69836.61263,1.788747464,Esmeraldas,Secundaria,0
6139,41,Masculino,57308.8741,1.990637159,Esmeraldas,PhD,4
6140,21,Femenino,70663.60215,,Manta,PhD,0
6141,45,M,72198.30708,1.788079137,Esmeraldas,Ph.D,4
6142,32,Masculino,64129.73335,3.53820626,Quito,bachiller ,0
6143,18,Femenino,86521.05002,1.877931037,Santo Domingo,bachiller,1
6144,72,Masculino,80309.33648,1.791414771,Guayaquil,Secundaria,1
6145,20,Masculino,69409.98966,1.857293775,Esmeraldas ,Ph.D,4
6146,31,Masculino,65326.91587,1.601622004,Quito,Secundaria,2
6147,55,Masculino,56154.44095,1.57244194,Manta,bachiller ,0
6148,67,Masculino,50292.55917,1.605937733,Esmeraldas,,2
6149,,Femenino,71962.28654,1.684315512,Manta,bachiller,3
6150,18,Femenino,57012.70258,,,phd,1
6151,55,Femenino,44788.63593,1.860574629,Quito,Secundaria,0
6152,55,Femenino,47967.61635,1.663517665,Guayaquil,Secundaria,1
6153,38,Masculino,49947.15134,1.688777223,Manta,Secundaria,
6154,65,Masculino,86303.28491,1.582803894,,bachillers,4
6155,46,Femenino,72717.41781,1.707276781,Esmeraldas ,Secundaria,0
6156,22,,60514.13749,1.680178983,Manta,Master,-5
6157,66,Femenino,66209.25274,1.680467171,Manta,Master,0
6158,27,F,-6472.60181,1.818072694,Quito,Secundaria,4
6159,45,Femenino,46971.12893,1.740480933,Quito,Secundaria,1
6160,38,Femenino,42486.49324,1.569257024,Manta,sin  educacion,4
6161,67,Masculino,75773.13767,1.444979846,Quito,phd,1
6162,24,Masculino,39754.15635,1.755197314,Sto. Domingo,bachiller ,0
6163,20,Femenino,59738.51259,1.723237297,Manta,bachiller,4
6164,62,Femenino,49174.07267,1.737765061,Guayaquil,,3
6165,64,Femenino,63314.85372,1.723250317,Guayaquil,mre,4
6166,37,Femenino,56204.21878,1.585544101,Santo Domingo,Master,1
6167,36,Femenino,68009.73609,1.681022614,Guayaquil,master,0
6168,52,Masculino,,1.669435336,Esmeraldas,,1
6169,21,Femenino,76810.05335,1.691873461,Esmeraldas,mre,2
6170,22,Femenino,71030.75695,1.787835957,Quito,master,0
6171,18,masculino ,75173.18041,1.64226048,Esmeraldas,Secundaria,3
6172,21,Masculino,73445.81112,1.584400245,Guayaquil,master,3
6173,29,Masculino,64706.97145,1.83399473,Santo Domingo,phd,2
6174,77,Masculino,50379.76229,1.626973831,Manta,Secundaria,1
6175,44,Masculino,66576.47289,1.815243389,Santo Domingo,Ph.D,3
6176,73,F,-10272.36307,1.91514617,Guayaquil,,1
6177,59,Masculino,73148.43172,1.850709703,Guayaquil,Master,0
6178,40,,69324.74793,1.766449421,Guayaquil,bachiller,4
6179,42,Masculino,61413.45971,1.680181766,,bachiller,0
6180,38,Femenino,66496.92341,1.791308094,,,1
6181,78,Masculino,1371515.464,1.697709012,Guayaquil,Secundaria,2
6182,75,Femenino,76324.95124,1.84154258,Manta,bachiller ,0
6183,69,Femenino,86038.21349,1.763853608,Esmeraldas,master,3
6184,41,F,68956.23174,1.737832436,Esmeraldas,master,0
6185,,Femenino,67895.59703,1.704925888,Quito,PhD,0
6186,62,Femenino,56655.05443,1.650583973,Santo Domingo,bachiller ,-2
6187,72,Femenino,54850.22753,1.699774085,Esmeraldas,bachiller ,2
6188,63,Femenino,49112.66356,1.729282417,Esmeraldas,mre,1
6189,49,Femenino,12003.59156,1.67430547,Guayaquil,PhD,2
6190,72,Masculino,47411.81233,1.729801361,Manta,Secundaria,3
6191,49,Femenino,57409.05854,1.798560677,Guayaquil,,1
6192,22,M,55406.09164,1.727757064,Manta,bachiller,3
6193,53,Femenino,-40271.48334,1.646559056,Esmeraldas,phd,1
6194,63,F,47939.67682,1.424435133,Manta,bachiller,1
6195,59,Masculino,48599.94334,1.821375977,Guayaquil,Secundaria,0
6196,66,Femenino,28294.43415,1.688942261,Guayaquil,sin  educacion,0
6197,59,Masculino,67071.44243,1.720046344,Santo Domingo,Secundaria,2
6198,75,F,46682.46827,1.754499281,Quito,Secundaria,1
6199,56,,49259.90086,1.75452481,Santo Domingo,Secundaria,3
6200,33,Femenino,68471.21033,1.775778182,Esmeraldas,Ph.D,0
6201,50,Masculino,,1.800883182,Manta,Secundaria,3
6202,66,Femenino,65705.06387,1.775554017,Guayaquil,master,0
6203,38,Femenino,883658.7838,1.388296768,Guayaquil,bachiller ,1
6204,78,,-44310.30767,1.739297976,Sto. Domingo,bachillers,3
6205,26,Masculino,50855.22261,1.725499547,Guayaquil,,2
6206,23,,,1.674719899,Esmeraldas,bachiller ,2
6207,68,Femenino,82675.20006,1.747953086,Quito,Secundaria,2
6208,62,Femenino,35410.68394,1.702025116,Santo Domingo,,0
6209,52, femenino,81336.16064,1.643204217,Santo Domingo,Ph.D,0
6210,56,Femenino,46218.36765,1.823674779,Guayaquil,PhD,2
6211,39,Masculino,73036.2266,1.734778803,Guayaquil,phd,3
6212,58,Masculino,76009.75433,1.717249414,Manta,bachiller ,0
6213,71,Femenino,66456.93323,1.491645744,,Master,2
6214,22,Masculino,41723.34582,1.912863222,Santo Domingo,mre,0
6215,59,Femenino,,1.513567506,Manta,phd,4
6216,40,Femenino,98393.43375,1.752420386,Manta,bachiller ,3
6217,171,,60168.53552,1.771297303,,Secundaria,1
6218,29,Femenino,58487.74857,1.86444181,Manta,Ph.D,3
6219,40,M,57044.15204,1.603833527,Quito,,1
6220,33,Masculino,67733.45051,1.619122813,Guayaquil,Secundaria,2
6221,20,Femenino,58692.28743,1.78003766,Quito,Secundaria,0
6222,47,Femenino,64268.85765,,,mre,2
6223,74, femenino,55615.14967,1.870179903,Quito,phd,1
6224,39,Femenino,44456.32693,1.808741134,Guayaquil,bachiller ,4
6225,26,Masculino,94831.03651,1.66615949,Santo Domingo,,4.255145688
6226,46,Masculino,58550.23048,1.688894452,Guayaquil,bachillers,0
6227,64,M,107975.9729,1.752302153,Santo Domingo,Ph.D,4
6228,54,Femenino,66373.72869,1.547154419,Sto. Domingo,,0
6229,40,F,68999.73304,1.756108812,Esmeraldas,Secundaria,4
6230,30,Masculino,55360.73146,1.76334271,Guayaquil,bachiller,0
6231,49,Femenino,51105.64018,1.618994437,Santo Domingo,sin  educacion,1
6232,63,Femenino,55699.94821,1.678701509,Esmeraldas ,Secundaria,
6233,69,Femenino,47515.31004,1.50179834,Manta,Secundaria,1
6234,,Masculino,46129.78772,1.792889135,Manta,master,1
6235,65,Femenino,86769.01583,1.741795544,Quito,,4
6236,40,Masculino,71996.28909,1.56934175,Manta,Ph.D,3
6237,62,Masculino,82472.77687,1.593994119,Guayaquil,Master,3
6238,34,Masculino,76873.49534,1.656540327,Guayaquil,Secundaria,2
6239,72,,50979.42653,,Manta,bachiller,3
6240,57,Masculino,36904.7125,,Guayaquil,bachillers,
6241,38,Femenino,-49127.14821,1.617776851,Guayaquil,PhD,1
6242,19,Masculino,61377.47729,1.640672563,Quito,bachillers,
6243,54,Femenino,77165.14678,1.705259664,Santo Domingo,Secundaria,
6244,23,Masculino,59180.93028,1.619933251,Manta,master,3
6245,-7,Masculino,104495.4869,1.64795532,Esmeraldas,Secundaria,1
6246,35,Femenino,,,Santo Domingo,bachillers,1
6247,47,Masculino,68865.86404,1.57731782,Guayaquil,Secundaria,3
6248,39,Masculino,51021.13662,1.685763287,Manta,PhD,1
6249,71,,66094.23579,1.678323491,Quito,Master,3
6250,50,Femenino,-39533.20181,1.695714435,Esmeraldas,mre,
6251,162,Masculino,56270.08564,1.726421113,Santo Domingo,bachiller,-3
6252,34,Masculino,50718.11846,1.761458926,Manta,bachiller,2
6253,79,Masculino,,1.778421884,Guayaquil,sin  educacion,3
6254,60,Femenino,72542.5939,1.665605658,Santo Domingo,Secundaria,0
6255,49,Masculino,45374.00454,1.684856883,Esmeraldas,mre,0
6256,,Femenino,59271.40508,1.735095633,Guayaquil,PhD,4
6257,123,Femenino,67397.01106,1.718014076,Esmeraldas,,0
6258,31,Masculino,70243.36662,1.757070644,,bachillers,
6259,75,Femenino,87945.41771,1.744969246,Santo Domingo,PhD,0
6260,27,Masculino,68680.17669,1.617612724,Sto. Domingo,mre,1
6261,64,Masculino,53999.66854,1.887444676,Manta,phd,4
6262,77,Femenino,51479.97662,1.70036767,Manta,Master,3
6263,68,Femenino,51296.12738,1.769970391,Quito,bachiller,2
6264,53,Femenino,50460.34835,1.76105876,Quito,,0
6265,51,Femenino,63236.04028,1.727192543,Guayaquil,,
6266,26,Femenino,66308.25367,1.726233636,Esmeraldas,master,0
6267,59,Femenino,72368.17223,1.7927333,Manta,bachiller,4
6268,45,Masculino,69974.9209,1.679170922,Guayaquil,master,3
6269,28,Masculino,78691.60732,1.777560266,,phd,1
6270,-19,Masculino,49966.18734,1.75024237,Manta,,1
6271,56,Femenino,84547.26278,1.817579056,Esmeraldas,bachiller,3
6272,72,Femenino,50555.16152,1.650359599,Quito,bachiller ,1
6273,64, femenino,65218.98537,1.70843082,Manta,Secundaria,2
6274,71,Masculino,57078.61982,1.614474994,Esmeraldas,Secundaria,4
6275,36,F,59641.56319,1.810977238,,phd,2
6276,71,Femenino,70084.33145,1.626074128,Santo Domingo,bachillers,3
6277,32,Femenino,38423.69746,1.733204971,Manta,PhD,2
6278,79,Femenino,47539.13605,1.654630899,,bachillers,4
6279,45,Femenino,71238.40103,1.814118489,Esmeraldas,PhD,4
6280,41,F,59967.71076,1.69414689,Guayaquil,bachillers,3
6281,25,Masculino,56150.73274,1.76511399,Guayaquil,Ph.D,2
6282,60,Masculino,43185.89158,1.5916161,Esmeraldas,,4
6283,78,Femenino,56255.83782,1.636879613,Manta,Secundaria,3
6284,26,Masculino,70214.20412,1.760704146,Manta,Master,
6285,64,Femenino,51547.90321,1.82909526,,Secundaria,0
6286,50,masculino ,80460.9502,1.75260725,Santo Domingo,Ph.D,0
6287,79,Femenino,76153.27396,1.938298482,Guayaquil,bachiller ,4
6288,50,Masculino,54749.20643,1.779147994,Santo Domingo,bachiller ,3
6289,36,Masculino,51084.76901,1.701602015,Manta,PhD,0
6290,20,Femenino,18532.82497,1.667900193,Guayaquil,bachillers,4
6291,27,Masculino,43847.08437,1.88170684,Manta,PhD,1
6292,,Femenino,42924.95495,1.780744771,,mre,2
6293,64,Femenino,38535.50354,1.648457252,,phd,4
6294,59,Femenino,59460.35283,1.634111289,Guayaquil,,0
6295,18,Masculino,64681.2084,,Sto. Domingo,bachiller,4
6296,46,F,87219.83013,1.751125165,Quito,Ph.D,3
6297,,Femenino,60997.35992,1.548185116,Quito,Ph.D,0
6298,51,,29496.69318,1.648905842,,phd,3
6299,68,Masculino,48783.83953,1.729752701,Esmeraldas,phd,3
6300,30,Masculino,69158.46413,1.702761203,Manta,Secundaria,3
6301,71,Masculino,58778.8088,1.654500659,Quito,Secundaria,4
6302,18,Femenino,72852.42014,1.769482471,Guayaquil,Master,0
6303,51,Masculino,52293.7654,1.768970762,Esmeraldas,Secundaria,
6304,46, femenino,77280.55979,1.67835352,Manta,bachillers,1
6305,65,Femenino,63690.45111,1.646857312,Quito,,2
6306,64,Masculino,64072.16376,,Guayaquil,,4
6307,30,Femenino,62249.32331,1.684127836,Quito,bachiller,2.750990599
6308,65,,48522.6582,1.701404827,Esmeraldas,Secundaria,0
6309,66,Masculino,59142.14168,1.77828467,Santo Domingo,phd,2
6310,70,Femenino,64406.41376,1.589995082,Manta,,3
6311,78,Femenino,38990.18087,1.648174849,Guayaquil,Secundaria,1
6312,46,M,61193.91379,1.673908102,Esmeraldas,Secundaria,-3
6313,56,Masculino,78223.16878,1.89071481,Esmeraldas,Ph.D,3
6314,41,F,66507.272,1.57473936,Santo Domingo,Ph.D,3
6315,43,Masculino,80509.35225,1.703978012,Santo Domingo,Master,1
6316,34,Masculino,66115.90985,1.611341761,Manta,Master,0
6317,24,Femenino,46535.53654,1.930921688,Manta,Ph.D,4
6318,30,Femenino,71861.39641,1.726681699,Esmeraldas,,0
6319,22, femenino,42884.60823,1.604687228,Manta,mre,0
6320,43,Masculino,56873.44215,1.535402162,Manta,Secundaria,4
6321,66,Femenino,55860.05464,1.761200924,Santo Domingo,Secundaria,0
6322,20,Masculino,49825.82406,1.719311997,,Secundaria,3.9895671
6323,24,Masculino,95684.50833,1.763572754,Quito,bachillers,3
6324,75,Femenino,58910.32038,1.599342157,Quito,Master,1
6325,66,masculino ,87150.92566,1.886828225,Guayaquil,PhD,4
6326,56,Femenino,65153.85721,1.708189867,Santo Domingo,,0
6327,70,Masculino,47686.17284,1.742440145,Guayaquil,bachillers,1
6328,18,Femenino,53856.18354,1.762392319,Esmeraldas,PhD,2
6329,66,Masculino,59422.78008,1.71026784,Quito,bachiller ,0
6330,79,Femenino,54872.87512,1.830555398,,phd,0
6331,34,Masculino,1429935.041,1.647006618,,phd,0
6332,60,Masculino,-13908.11161,1.802232322,Guayaquil,sin  educacion,2
6333,42,Masculino,65480.55082,1.83331419,Manta,,3
6334,76,Femenino,70349.90584,1.803663916,Guayaquil,master,1
6335,78,Femenino,82900.26866,1.84343458,Quito,phd,0
6336,20,Femenino,-26687.37002,1.626964514,Santo Domingo,Secundaria,13
6337,32,Masculino,76708.38877,1.749664259,Guayaquil,bachillers,2
6338,46,Femenino,80904.02894,1.741741998,,phd,2
6339,70,Femenino,79408.5119,1.707489999,Guayaquil,master,1
6340,60,Masculino,33601.03784,1.762692694,Esmeraldas,,1
6341,49,Masculino,86965.29796,1.820701985,Guayaquil,PhD,0
6342,,Femenino,50454.01528,1.627763981,Guayaquil,Secundaria,3.516718592
6343,77,Femenino,32389.91544,1.579289551,Quito,master,-4
6344,33,Femenino,86596.65136,1.679498551,Manta,Ph.D,0
6345,42,Masculino,67701.06552,1.451551919,Quito,PhD,0
6346,71,M,68320.57399,1.693062262,Manta,Secundaria,2
6347,45,Masculino,55018.91466,1.842965423,Quito,bachiller ,3
6348,26,Masculino,62731.46869,1.557653829,Quito,bachillers,1
6349,73,Femenino,57910.25219,1.658231413,,bachiller ,2
6350,73,Femenino,,1.586328599,Manta,Secundaria,4
6351,18,Masculino,60344.86271,1.739671171,Quito,sin  educacion,4
6352,46,,61697.07311,1.763683346,Quito,Master,4
6353,74,Femenino,40175.48987,1.702142596,Manta,bachiller ,1
6354,39,,60834.48188,1.631515503,Esmeraldas,bachillers,0
6355,,Femenino,,1.719026853,Manta,PhD,4
6356,58,Masculino,88805.27103,1.82372625,Esmeraldas,mre,4
6357,-11,Masculino,58461.2796,1.788968331,Esmeraldas,Secundaria,3
6358,61,Femenino,43927.56922,1.659313189,,sin  educacion,
6359,68,Masculino,67698.27301,1.667582424,Esmeraldas,bachillers,2.02049183
6360,71,,,1.664828124,Santo Domingo,,1
6361,58,Femenino,59561.13996,1.749042641,Guayaquil,Secundaria,3
6362,24,Masculino,66832.51727,1.56181417,Esmeraldas,mre,4
6363,31,Femenino,44749.63825,1.754268873,Manta,master,3
6364,46,Femenino,89245.63988,1.645859538,Santo Domingo,bachillers,0
6365,36,Masculino,90673.71703,1.673504953,Guayaquil,,4
6366,156,,52118.20011,1.626932192,Guayaquil,Secundaria,1
6367,,Femenino,43150.10729,1.773127577,Esmeraldas,bachillers,2
6368,58,Masculino,52049.87757,1.640727554,Manta,Ph.D,-3
6369,62,Femenino,52851.68874,1.604062413,Esmeraldas,Secundaria,3
6370,32,Masculino,76655.25741,1.642085823,Esmeraldas ,,1
6371,20,Masculino,52309.30245,1.591786722,Guayaquil,Secundaria,4
6372,28,Masculino,42575.08204,1.786169361,Quito,master,4
6373,70,Femenino,61523.60258,1.589723691,Quito,Secundaria,4
6374,63,Masculino,37637.19611,1.695674403,Santo Domingo,mre,1.730473673
6375,47,Femenino,76019.926,1.634936431,Quito,sin  educacion,2
6376,74,Femenino,68999.89023,1.856854369,Guayaquil,bachiller ,26
6377,57,Femenino,51001.65597,,Guayaquil,master,
6378,35,Masculino,52639.18312,1.637077139,Manta,Secundaria,3
6379,68,Femenino,,1.717154327,Esmeraldas,phd,4
6380,65,Femenino,43454.30329,1.609061531,Manta,sin  educacion,2
6381,19, femenino,48181.56441,1.767147654,Manta,Secundaria,
6382,127,Femenino,56618.80355,1.716770927,Esmeraldas,Secundaria,3
6383,25,Femenino,40218.26043,,Guayaquil,,2
6384,39,Masculino,53184.921,1.604639248,Santo Domingo,Master,4
6385,23,Femenino,43904.11621,1.561615745,Quito,bachiller ,4
6386,29,Masculino,-15898.87554,1.533647805,Santo Domingo,master,2
6387,176,Femenino,53948.46441,1.54122352,Sto. Domingo,Secundaria,2
6388,,Femenino,45797.63919,1.701088577,Esmeraldas,Secundaria,0
6389,57,Masculino,70116.74387,1.892181701,Esmeraldas,master,
6390,53,Femenino,50572.71211,1.660074797,Manta,bachiller,4
6391,32,Femenino,43462.71444,1.642124617,Esmeraldas,phd,1
6392,45,Femenino,73312.94879,1.694574547,Quito,Secundaria,3
6393,69,Masculino,55152.87693,1.62137925,,Secundaria,4
6394,, femenino,72615.31956,1.571819649,Santo Domingo,sin  educacion,0
6395,66,Masculino,59774.19193,1.634544095,Santo Domingo,phd,
6396,62,Masculino,61937.98178,1.677304258,Santo Domingo,Secundaria,3
6397,35,Masculino,68447.68185,1.885940357,Manta,sin  educacion,4
6398,19,Femenino,50477.58959,1.651149166,Santo Domingo,Ph.D,1
6399,30,,47846.7815,1.71947801,Quito,Secundaria,2
6400,62,Masculino,78027.55209,1.562805967,Manta,phd,1
6401,71,Masculino,68683.7896,1.769387224,Manta,Ph.D,0
6402,32,Femenino,58987.53027,1.626070147,Manta,Master,3
6403,37,masculino ,71935.51369,1.587061713,Esmeraldas,mre,4
6404,46,Masculino,68102.39563,1.597190756,Sto. Domingo,PhD,31
6405,76,Femenino,74149.54301,1.635807744,Quito,bachiller ,2
6406,59,Femenino,42857.48186,1.584387101,Santo Domingo,Ph.D,1
6407,46,Femenino,59037.31439,1.729128433,Esmeraldas,Secundaria,1
6408,20,Femenino,76947.045,1.591565197,Santo Domingo,bachillers,0
6409,36,Masculino,85158.40614,1.764585499,Guayaquil,master,4
6410,,Masculino,51960.9263,1.649138014,Esmeraldas,bachillers,2
6411,71,F,62387.48077,1.608303608,Quito,,2
6412,31,Femenino,60290.03728,1.631673532,Esmeraldas,bachillers,4
6413,57,Femenino,41337.28176,1.598438897,,phd,0
6414,-12,Femenino,55686.6029,1.702158453,Esmeraldas,master,2
6415,72,Masculino,36319.60982,1.645478414,Manta,Secundaria,0
6416,79,Femenino,57490.17586,1.811137777,Santo Domingo,bachiller ,4
6417,21,Masculino,44429.71685,1.46946971,Esmeraldas,Ph.D,4
6418,76,Femenino,62548.72172,1.816811688,Esmeraldas,bachiller,2.605229883
6419,77,Masculino,55351.5417,1.632735872,Quito,bachiller,2
6420,69,Femenino,55112.7738,1.860041141,Guayaquil,Secundaria,4
6421,28,Masculino,83301.3223,1.712048799,Esmeraldas,bachiller ,4.343452215
6422,75,Masculino,61062.13753,1.819969881,Santo Domingo,Secundaria,0
6423,48,Masculino,88173.33578,1.692387606,Manta,master,3
6424,60,Femenino,66695.573,1.686243179,Santo Domingo,Secundaria,0
6425,49, femenino,72233.2929,1.605113245,Quito,Secundaria,2
6426,44,F,46957.16447,1.690852996,Esmeraldas,master,2.140216282
6427,47,Masculino,49594.82036,1.600016817,Guayaquil,Secundaria,1
6428,60,Masculino,60258.95819,1.718730436,,Ph.D,3
6429,19,Femenino,78196.12855,1.716133752,Esmeraldas,bachillers,4
6430,79,Masculino,54555.68968,1.687735718,,,0
6431,66,Femenino,38528.21563,1.823697653,Santo Domingo,bachiller ,0
6432,26,Femenino,65969.85538,1.749760263,Manta,Secundaria,2
6433,45,Femenino,60959.67465,3.008193139,Esmeraldas,Master,3
6434,48,Femenino,51734.84884,1.756836499,Manta,mre,4
6435,77,Masculino,54404.0432,1.795203264,Guayaquil,bachillers,3
6436,51,Masculino,46933.89494,1.460535513,,bachillers,1
6437,78,,73858.60127,1.591701019,Manta,bachiller,3
6438,73,Masculino,60349.86145,1.653092505,Quito,master,4
6439,32,Masculino,63607.16085,1.618609362,Santo Domingo,bachillers,4
6440,65,Femenino,-10597.00904,1.763812672,Quito,Secundaria,0
6441,42, femenino,80043.40874,1.61136284,Manta,Secundaria,0
6442,53,F,63311.9503,1.600553641,Manta,bachiller,4
6443,25,Masculino,27882.96426,1.723873334,Esmeraldas,,0
6444,,Masculino,66899.72392,1.676900529,Quito,Secundaria,0
6445,75,Femenino,56035.18962,1.812252314,Esmeraldas ,mre,0
6446,75,Masculino,57540.82368,1.737093375,Esmeraldas,mre,4
6447,54,Masculino,74905.36428,2.040273765,Esmeraldas,master,0
6448,65,masculino ,61328.57427,1.590929524,Santo Domingo,,1
6449,62,Masculino,85685.13487,1.547102232,Esmeraldas,Master,4
6450,79,M,61583.89707,,Santo Domingo,Master,3
6451,56,Masculino,53000.74484,2.00666985,Guayaquil,bachiller,2
6452,49,Femenino,32800.68079,1.677671273,,PhD,2
6453,,Femenino,49231.95078,1.668181285,Manta,Secundaria,1
6454,69,M,55166.32319,1.712728433,Guayaquil,bachiller ,4
6455,34,Femenino,,1.61473915,Esmeraldas,Secundaria,3
6456,52,Femenino,53091.68504,1.505495027,Santo Domingo,bachiller,4
6457,54,Masculino,84630.1799,1.724287293,Guayaquil,bachillers,3
6458,36,Masculino,42775.34923,1.700956025,Guayaquil,bachiller ,3
6459,61,Femenino,48412.9796,1.561643876,Manta,Secundaria,4
6460,46,F,76904.65481,1.638274276,Sto. Domingo,bachiller,
6461,76,Femenino,51073.16968,1.559371429,Esmeraldas,bachillers,2
6462,24,masculino ,76488.42969,1.737151743,Santo Domingo,bachillers,0
6463,45,F,47605.47724,2.80032344,Guayaquil,Secundaria,2
6464,26,Femenino,49108.64763,1.71620341,Manta,Ph.D,0
6465,45,Femenino,69627.73401,1.751984608,Santo Domingo,bachillers,4
6466,,Masculino,47815.47977,1.809622497,Esmeraldas ,sin  educacion,4
6467,-6,Masculino,55883.93482,1.717799493,Manta,bachiller,3
6468,-18,Femenino,65921.67939,1.76151769,Esmeraldas,bachillers,1
6469,34,Masculino,56210.91406,1.881905384,Manta,bachillers,4
6470,33,Masculino,51561.32396,1.796655227,Esmeraldas,PhD,2
6471,40,Femenino,41891.58141,1.721822642,Quito,,3
6472,48,Masculino,81739.92912,1.715673978,,Master,2
6473,20,Femenino,84541.68363,1.617079454,,,0
6474,38,Femenino,64940.03494,1.635356064,Santo Domingo,,1
6475,43,Femenino,,1.690134349,Esmeraldas,,4
6476,53,Masculino,57342.42361,1.664640429,Guayaquil,PhD,0
6477,59,Masculino,72482.89362,1.888547768,Guayaquil,phd,3
6478,,Femenino,75476.73038,1.737285925,Manta,mre,2
6479,,Femenino,51897.70718,1.729056758,Santo Domingo,Secundaria,1
6480,39,Masculino,76119.12261,1.817317742,Manta,mre,4
6481,79,Masculino,69226.33476,1.718306028,,phd,2
6482,59,Masculino,-32201.51302,1.672415124,Quito,Master,4
6483,192,Femenino,35973.34582,1.725833164,,Master,4
6484,59,Femenino,53711.94795,,Esmeraldas,bachillers,2
6485,78,Masculino,57406.47875,1.840017922,Manta,bachiller,4
6486,30,Masculino,,1.564254174,Manta,bachiller ,3
6487,28,Masculino,88759.84491,1.626072005,Quito,Ph.D,1
6488,71,Femenino,53851.98544,1.692708414,Sto. Domingo,bachiller ,0
6489,33,Femenino,67025.8863,1.793722683,Manta,Ph.D,1
6490,25,Masculino,62292.59874,1.778724494,Esmeraldas ,bachiller,0
6491,57,Masculino,55646.59204,1.710833686,Quito,phd,3
6492,,Femenino,,1.801930045,Quito,mre,1
6493,74,,-7009.428684,1.63261257,Santo Domingo,Secundaria,3
6494,57,Masculino,56671.91508,1.888335759,,Ph.D,
6495,62,Masculino,73133.76874,1.616430139,Quito,master,0
6496,76,masculino ,59855.27501,1.528610111,Quito,bachiller,2
6497,19,Femenino,53119.17508,1.760517606,Santo Domingo,Master,2
6498,47,Masculino,61624.37366,1.556671293,Santo Domingo,Master,1
6499,132,Femenino,64621.70575,1.649110456,Manta,Secundaria,4
6500,29,Femenino,52956.21423,1.68568309,Manta,bachiller ,4
6501,27,Masculino,,1.741488888,Guayaquil,PhD,3
6502,61,Masculino,67142.61014,1.801293416,Guayaquil,phd,1
6503,28,Femenino,61745.50897,1.565031139,Guayaquil,Ph.D,2
6504,32,Masculino,50219.1328,1.587447709,Esmeraldas,bachiller ,3
6505,33,Femenino,45923.46983,2.041352598,Santo Domingo,PhD,2
6506,34,Masculino,65239.18252,1.678884692,Quito,Secundaria,3
6507,43,M,31228.79003,1.535664678,Santo Domingo,master,0
6508,19,F,56091.00257,1.599144053,Santo Domingo,bachiller,3
6509,67,masculino ,62026.32485,1.647256626,Guayaquil,PhD,3
6510,169,Femenino,86065.08574,1.70049865,Santo Domingo,Master,2
6511,68,Femenino,60157.2174,1.819257037,Esmeraldas,mre,4
6512,43,Femenino,55482.12964,1.863388568,Quito,Secundaria,2
6513,40,Masculino,64268.41277,1.617552576,Guayaquil,Ph.D,2.562346199
6514,35,Femenino,49251.88866,1.643202383,Manta,bachiller ,2
6515,-2,Femenino,56715.95645,1.714850682,,mre,4
6516,168,Femenino,60439.53042,1.627396475,Manta,Secundaria,1
6517,-15,Masculino,69442.68537,1.819282934,Manta,mre,4
6518,79,Femenino,49904.99715,1.946671602,Santo Domingo,Secundaria,1
6519,55,,,1.702133356,Quito,Secundaria,2
6520,74,Masculino,33134.76718,1.732842788,Esmeraldas,master,4
6521,64,Femenino,67750.20779,1.641403761,Santo Domingo,master,4
6522,20,Masculino,56543.39983,1.73357457,Manta,phd,0
6523,55,Femenino,88264.75266,1.593982343,Quito,bachiller,
6524,20,Femenino,65270.03027,3.918064395,,,3.823179693
6525,47,Femenino,46995.12639,1.518305574,Quito,Secundaria,0
6526,,Femenino,-11643.11907,1.78159223,Guayaquil,Master,4
6527,18,Femenino,69925.49897,1.838880859,Esmeraldas,Master,3
6528,47,Masculino,86946.47001,1.803064093,Esmeraldas,Master,2
6529,62,Femenino,82352.45636,1.709390718,Esmeraldas,bachillers,3
6530,49,Masculino,41809.63129,1.668667295,Manta,Master,
6531,-17,Femenino,63049.40254,1.690726347,Manta,Secundaria,3
6532,,Femenino,76905.30389,,Esmeraldas,,0
6533,75,Femenino,39882.60432,1.794091401,Quito,Secundaria,2
6534,63,,75560.5086,1.80484107,,bachiller ,1
6535,30,Masculino,49458.18081,1.593753463,Manta,bachillers,3
6536,44,Masculino,56767.90596,1.60656867,Santo Domingo,bachiller ,-2
6537,53,Masculino,64149.48607,1.567418274,Santo Domingo,bachiller ,0
6538,24,Femenino,76024.73305,1.674545342,Manta,Ph.D,2
6539,39,Femenino,82978.60244,1.697829064,,Ph.D,4.551789793
6540,27,Masculino,55156.00088,1.706645096,Quito,phd,1
6541,56,Masculino,52805.40381,1.566785557,Guayaquil,,4
6542,,Masculino,51806.57447,1.626787549,Santo Domingo,bachillers,0
6543,32,Femenino,71693.76369,1.626964936,Manta,bachiller,1
6544,32,Masculino,74933.33695,1.773092678,Quito,Ph.D,
6545,21,F,73416.20754,1.600399813,Esmeraldas,Ph.D,1
6546,49, femenino,64046.8398,1.705435619,Guayaquil,bachiller ,4
6547,40,masculino ,65526.70543,1.629145458,Guayaquil,phd,4
6548,72,Femenino,56544.46774,1.680840774,Santo Domingo,Master,3
6549,23,Femenino,57943.42887,1.794557152,Santo Domingo,master,3
6550,41,Femenino,72809.60311,1.57611548,,Master,0
6551,37,Femenino,713524.6747,1.439294989,Guayaquil,Secundaria,0
6552,75,Femenino,52902.50903,1.566126023,Esmeraldas,sin  educacion,4
6553,54,Masculino,76489.89917,1.741731766,Sto. Domingo,,4
6554,37,Masculino,50882.46653,1.580249459,Manta,Secundaria,4
6555,29,Femenino,62185.46673,1.628732787,Guayaquil,PhD,2.528671416
6556,50,Femenino,41399.68156,1.745393933,Santo Domingo,master,4
6557,45,Masculino,45812.98603,1.780390348,Esmeraldas,master,1
6558,25,F,60286.58063,1.80326821,Quito,Secundaria,1
6559,18,Femenino,,2.738354756,Manta,mre,0
6560,54,Masculino,56562.74011,1.587424285,Esmeraldas,mre,2
6561,39,Masculino,78199.04971,1.860629664,Quito,Master,47
6562,23,Femenino,58128.65462,1.605709979,Quito,,3
6563,78, femenino,73497.73851,1.6363806,,,0
6564,38,Masculino,48289.3123,1.699450461,Manta,,0
6565,49,Masculino,,1.727872913,Quito,mre,4
6566,197,Masculino,44997.13908,1.843860012,Quito,Master,4
6567,,Femenino,56253.28522,1.636720858,Guayaquil,bachillers,4
6568,22,F,68842.41014,1.738041554,Guayaquil,Ph.D,1
6569,77,Femenino,60191.35844,1.637280042,Guayaquil,Secundaria,1
6570,73,Masculino,74134.51084,1.860750463,,Master,4
6571,63,F,70012.71353,1.742721517,Quito,phd,1
6572,67,Femenino,-16199.92651,1.828926831,Manta,Master,0
6573,65,Masculino,79454.22559,1.584726339,Santo Domingo,Secundaria,4
6574,23,Femenino,66544.57606,1.643888244,Guayaquil,Secundaria,3
6575,159,Femenino,56344.66166,1.724865851,Santo Domingo,,3
6576,73,Femenino,62186.4927,1.830509645,Guayaquil,bachillers,1
6577,63,Femenino,61363.77376,1.799227101,Guayaquil,bachiller,3
6578,76,Femenino,63023.8849,1.850042739,Manta,bachiller ,4
6579,73, femenino,57873.61013,1.834133383,Manta,,3
6580,57,Femenino,65587.91574,1.777872828,Esmeraldas,PhD,0
6581,46,,71847.29555,1.715337139,,Master,1
6582,24,Masculino,66383.45882,1.588505329,Guayaquil,bachiller ,3
6583,57,Masculino,65872.92699,1.485539844,Sto. Domingo,bachiller,1
6584,30,Femenino,58489.81411,1.712433784,Manta,master,0
6585,55,Masculino,46708.76568,1.780264874,,Master,3
6586,35,Masculino,43059.83348,1.427574423,Esmeraldas,phd,1.578029436
6587,19,Masculino,49386.35495,1.582587557,Quito,PhD,2
6588,25,Masculino,53729.94051,1.598347371,Esmeraldas,Secundaria,3
6589,28,Masculino,85076.87085,1.681238961,Quito,PhD,0
6590,50,Masculino,78774.92318,1.710321931,Manta,phd,2
6591,71,Femenino,51100.25648,1.80814393,Santo Domingo,bachiller,3
6592,78,Femenino,,1.568409623,Manta,bachillers,1
6593,55,Masculino,58985.66688,1.734422677,Santo Domingo,Secundaria,0
6594,,Masculino,63539.86147,1.561291706,Quito,Secundaria,2.740945174
6595,44,Femenino,51770.6904,1.783577655,Santo Domingo,PhD,0
6596,37,Masculino,93626.39746,1.651836307,Quito,PhD,4
6597,29,Femenino,87967.49585,1.578785468,Santo Domingo,,2
6598,,Masculino,55610.73727,1.632774173,Quito,Secundaria,2
6599,78,Femenino,51055.06476,1.588465801,Santo Domingo,,-5
6600,48,Femenino,73882.0895,1.709215583,Quito,Secundaria,2
6601,44,M,41854.96222,1.762406539,Guayaquil,bachiller,2
6602,49,Masculino,72689.21887,1.803122397,Guayaquil,bachillers,4
6603,78,Masculino,61881.98968,1.648115521,Esmeraldas,Secundaria,1
6604,27,Masculino,38488.54011,1.838795131,Manta,Secundaria,2
6605,20,Femenino,57723.44231,1.697563487,Santo Domingo,Ph.D,1
6606,,Masculino,50163.69005,1.826512219,Quito,Ph.D,0
6607,44,Femenino,62426.70367,1.684273781,Esmeraldas,bachiller ,0
6608,52,Masculino,60862.59438,1.676903886,Esmeraldas,bachillers,2
6609,48,Femenino,1100316.066,1.757843211,Quito,Secundaria,4.537536286
6610,32,Masculino,54987.84756,1.730795371,Santo Domingo,mre,4
6611,33,Masculino,68620.80474,1.644591605,,master,2
6612,78,Femenino,71203.62258,1.815526364,Manta,Secundaria,4
6613,,Masculino,54554.12928,1.604330728,Manta,bachillers,1
6614,66,Masculino,66866.55964,1.757843961,Quito,bachiller,3
6615,52,Masculino,63995.70301,1.753447867,Esmeraldas,master,3
6616,69,Masculino,,1.806459309,Manta,phd,2
6617,28,Masculino,,1.808419989,Esmeraldas,bachillers,4
6618,76,Femenino,46121.93357,1.681805753,Manta,Secundaria,3
6619,38,Masculino,,1.703279094,Manta,bachiller,2
6620,68, femenino,35940.91145,1.696578852,Santo Domingo,bachiller,3
6621,71,Masculino,59188.12041,1.874557483,Quito,phd,3
6622,28,Masculino,81375.39607,3.794879008,Sto. Domingo,mre,3.428149253
6623,,Femenino,55207.11674,1.804377653,,phd,2
6624,77,M,79875.60192,1.67489506,Esmeraldas,Secundaria,3
6625,65,Femenino,55446.17897,1.587331415,Quito,,
6626,70,Femenino,43729.18349,1.606453102,Manta,Ph.D,0
6627,52,Femenino,69980.91747,1.801249817,,Secundaria,2
6628,39,,66959.01063,1.626839081,,Secundaria,0
6629,55,Femenino,94785.11901,2.019515506,Guayaquil,bachiller,3
6630,48,Femenino,45310.56425,,Guayaquil,Secundaria,3
6631,31,Masculino,65346.21066,1.735121328,,bachillers,3
6632,41,Masculino,65880.64877,1.734941159,Guayaquil,,0
6633,67,Femenino,75872.77053,1.717947805,Guayaquil,mre,1
6634,66,,67946.984,1.578012004,Esmeraldas,PhD,0
6635,,Femenino,55678.83684,1.72477534,Manta,master,0
6636,53,Masculino,43933.9169,1.72389998,Guayaquil,PhD,4
6637,49,Femenino,,1.670064433,Santo Domingo,bachillers,3
6638,72,Masculino,65616.30977,1.885146638,Esmeraldas,master,3
6639,32,Masculino,69471.24033,1.533809539,Manta,PhD,4
6640,60,Masculino,55658.4923,1.548872752,Esmeraldas,bachiller ,1
6641,75,Masculino,64172.27341,1.775370919,Santo Domingo,Secundaria,
6642,52,Femenino,36837.73062,1.691286585,Manta,Secundaria,3
6643,20,Masculino,44561.30629,1.612009927,Quito,bachillers,3
6644,33,Masculino,74032.94271,,Quito,PhD,0
6645,22,Femenino,62697.53292,1.795937723,Esmeraldas,bachiller ,1
6646,38,Masculino,67137.30147,1.536913285,Quito,,1
6647,78,Femenino,51024.72388,1.772287212,,PhD,1
6648,27,Masculino,49118.2085,1.73308268,Santo Domingo,Ph.D,
6649,36,M,53646.73107,1.677051444,Santo Domingo,Secundaria,4
6650,42,Masculino,63565.26642,1.724560389,Quito,Ph.D,0
6651,,Masculino,70288.76183,1.726247501,Guayaquil,bachiller,4
6652,,Femenino,56263.34918,1.754985887,Guayaquil,Secundaria,4
6653,46,Masculino,35106.26355,1.601491275,Guayaquil,Ph.D,2
6654,36,Masculino,66015.56409,1.808747318,Quito,Secundaria,2.176805672
6655,,Femenino,64005.78233,1.799232217,Quito,Secundaria,1
6656,19,Masculino,67187.59467,1.802176699,Quito,Ph.D,0
6657,27,Masculino,72847.47183,1.527482131,Manta,Ph.D,1
6658,78,Femenino,71663.37736,1.814437054,Guayaquil,bachiller,2
6659,60,masculino ,80412.21342,1.663119678,Esmeraldas,Secundaria,3
6660,42,Femenino,60426.26595,1.753075875,Manta,master,4
6661,37,,53521.08421,1.501827728,Manta,Secundaria,2
6662,65,Femenino,75612.61261,1.631681972,Quito,phd,4
6663,36,Masculino,73625.34083,1.784038285,Quito,,1
6664,40,,56507.2246,1.752599498,,mre,1
6665,41,Masculino,76588.28736,1.592004207,Quito,phd,2
6666,28,Femenino,61117.9271,1.768018666,Guayaquil,,3
6667,63,Masculino,79144.84525,1.618385528,Manta,Master,3
6668,51,Masculino,85938.22715,1.673392191,Manta,Master,4
6669,72,Femenino,99616.07625,1.582987321,Manta,Secundaria,1
6670,45,F,60933.56089,1.734334979,Quito,phd,1
6671,-3,Masculino,81231.46283,1.808735141,Manta,Secundaria,3
6672,76,Femenino,72807.69435,1.788497154,Esmeraldas,Secundaria,1
6673,22,Femenino,74204.42422,1.609230392,Esmeraldas,bachiller ,1
6674,68,Femenino,66366.47803,1.69538196,Guayaquil,mre,2
6675,38,M,74266.5684,1.542743043,Manta,PhD,3
6676,29,F,39388.73605,1.836434249,Manta,Ph.D,3
6677,67,Masculino,59567.37127,1.70190896,Quito,mre,0
6678,21,Masculino,50197.77651,1.764999087,Santo Domingo,,
6679,71,Masculino,,1.719914894,Santo Domingo,Master,3
6680,66,,38467.46858,1.637388215,Manta,Ph.D,0
6681,59,Masculino,52099.2841,1.644613627,Guayaquil,Secundaria,1
6682,37,Femenino,57387.74239,1.745574422,Esmeraldas,Secundaria,1
6683,55,Masculino,62764.63964,1.863691481,Manta,Ph.D,4
6684,42,Masculino,59813.57282,1.665711431,Manta,Secundaria,1
6685,31,Masculino,75785.08063,1.817414895,Guayaquil,bachillers,3
6686,28,Femenino,46559.96318,1.792268622,Guayaquil,bachillers,4
6687,49,Femenino,30845.14908,1.668063668,Santo Domingo,PhD,4
6688,28,Femenino,67971.75898,1.810017739,Manta,Secundaria,1
6689,78,Femenino,59299.07425,1.80192623,,bachiller,4
6690,35,Masculino,58987.6369,1.485467177,Sto. Domingo,Secundaria,0
6691,44,Masculino,-35720.65957,1.770161193,Esmeraldas,master,4
6692,72,Masculino,,,Quito,Secundaria,2
6693,71,Femenino,53714.02883,1.583257727,Quito,bachillers,0
6694,35,Masculino,46746.39984,,Esmeraldas,bachillers,3
6695,73,Masculino,85113.91578,1.720795954,Manta,Ph.D,1
6696,170,Masculino,70373.61053,1.857863362,Santo Domingo,Ph.D,1
6697,-8,Femenino,59397.62531,1.59120389,Esmeraldas,master,2
6698,38,Femenino,23381.36916,1.542212508,Guayaquil,bachiller,1
6699,61,,56468.63063,1.654655248,Manta,Ph.D,3
6700,22,Masculino,59675.7497,1.640719143,,Ph.D,4
6701,,Masculino,81955.23003,1.53288611,Esmeraldas,PhD,1
6702,58,Masculino,33750.33701,1.641582585,Esmeraldas,sin  educacion,3
6703,76,Masculino,83403.85203,1.734880694,Santo Domingo,,0
6704,42,Femenino,66553.99686,1.885625956,Quito,bachiller,-5
6705,58,Masculino,41886.25713,1.756160368,Quito,Master,2
6706,71,Femenino,73827.23754,1.78061611,Esmeraldas,bachillers,3
6707,27,Masculino,56341.90324,1.591168676,Esmeraldas,bachiller,1
6708,39,F,35071.83729,1.690553946,Quito,bachillers,4
6709,36, femenino,53333.70676,1.677976409,,Ph.D,3
6710,18,Masculino,63823.60544,1.732595988,Manta,Secundaria,2
6711,-6,Femenino,60929.05796,1.759676567,Quito,phd,0
6712,21,Femenino,69652.17218,1.795286624,Esmeraldas,Ph.D,3.660560695
6713,18,Masculino,76461.45913,1.703190922,Santo Domingo,,0
6714,32,Masculino,43521.48502,1.647702735,Santo Domingo,sin  educacion,3
6715,57,Masculino,59686.43444,1.822407139,Esmeraldas,,4
6716,29,Femenino,50850.63562,1.772513446,Guayaquil,Secundaria,2
6717,39,Masculino,41266.04873,1.761814194,Santo Domingo,master,4
6718,39,masculino ,59222.41206,1.696055923,Quito,Secundaria,
6719,67,Masculino,66474.99276,3.555841389,Guayaquil,mre,4
6720,64,Masculino,67360.15657,1.574293745,Manta,Ph.D,4
6721,34,Masculino,54071.82325,1.789299521,Quito,PhD,2
6722,46,Masculino,44881.96498,1.788797905,Esmeraldas,phd,3
6723,126,Femenino,50330.55549,1.609923605,Guayaquil,phd,4
6724,,Femenino,31847.51962,1.631945999,Esmeraldas ,mre,0
6725,67,Masculino,42160.45002,1.571508897,Santo Domingo,master,3.438076399
6726,-5,Masculino,,1.751038418,Esmeraldas,bachillers,0
6727,67,Masculino,72679.57471,1.441841284,Guayaquil,master,
6728,,Femenino,72666.05445,1.722321181,Santo Domingo,master,3
6729,50,Masculino,91942.22442,1.62361818,Esmeraldas,PhD,0
6730,72,Femenino,63604.90249,1.601569325,Esmeraldas,bachiller,3
6731,76, femenino,52741.70962,1.512188451,Guayaquil,,0
6732,60,Femenino,60179.57772,1.611376813,Guayaquil,Master,3
6733,32,Femenino,57461.59859,1.842980917,Guayaquil,Secundaria,4
6734,29,Masculino,50524.21059,1.628080234,Quito,Ph.D,2
6735,57,Masculino,64798.83572,1.741980792,Esmeraldas,phd,
6736,71,Femenino,62900.32835,1.590911863,Manta,Secundaria,3
6737,37,Masculino,58761.27997,1.802592606,Santo Domingo,Secundaria,0
6738,47,Masculino,,1.760504649,Guayaquil,bachiller ,3
6739,55,Masculino,69478.52201,1.677225252,Esmeraldas,,3
6740,20,Femenino,51693.87565,1.723174598,,master,2
6741,45,Masculino,53952.61909,1.731759928,Manta,master,3
6742,73,Masculino,67126.24096,1.599897963,Santo Domingo,mre,0
6743,43,Masculino,75172.19571,1.618656522,Manta,bachillers,4
6744,47,Masculino,73802.06698,1.791791444,Guayaquil,Ph.D,
6745,30,Masculino,,1.854667174,Guayaquil,Secundaria,3
6746,30,Masculino,41034.78702,1.714684553,Manta,sin  educacion,1
6747,163,Masculino,55657.64054,1.769262075,Guayaquil,bachiller,4
6748,54,Masculino,,1.820451179,Santo Domingo,Master,1
6749,66,Masculino,43286.64961,1.667530163,,phd,3
6750,55,Masculino,55378.55913,1.692347208,Santo Domingo,Master,0
6751,19,Femenino,78106.48568,1.771434283,Quito,Secundaria,2
6752,53,Masculino,62212.18868,1.918347312,Esmeraldas,phd,3
6753,71,Femenino,-13311.20648,1.774917443,Manta,master,3
6754,43,M,60432.58364,1.730360087,Esmeraldas,bachiller,2
6755,28,Femenino,,,Santo Domingo,Secundaria,-5
6756,,Femenino,54399.73678,1.694201622,Quito,master,2
6757,61,Masculino,71585.69753,1.768752056,Guayaquil,mre,2
6758,,Femenino,32573.97099,1.758070508,Quito,bachiller,2
6759,60,Femenino,67076.4162,1.640044935,Esmeraldas,Secundaria,
6760,39,Femenino,51402.78992,1.830999879,Santo Domingo,bachiller,1
6761,,Masculino,75685.56762,1.831113118,Manta,,0
6762,25,Femenino,40880.36671,1.688904612,Quito,Master,3
6763,46,Femenino,74078.64139,1.728022641,Esmeraldas,master,4
6764,57,Masculino,48160.981,1.635923094,Esmeraldas,,3
6765,43,Femenino,64829.78867,1.619131447,Sto. Domingo,Master,3
6766,47,Femenino,53025.00195,1.734710489,Manta,Ph.D,1
6767,34,Femenino,76908.14598,1.621949726,Esmeraldas,master,2
6768,37,Masculino,57133.79707,1.764848079,Manta,Secundaria,4
6769,69,Femenino,862212.7738,1.660294056,Santo Domingo,Ph.D,1
6770,72,Masculino,80986.49617,1.80501643,Quito,Secundaria,0
6771,33,Femenino,55797.77653,1.691438881,,Ph.D,4
6772,-18,Femenino,67826.73058,1.507660017,Santo Domingo,Ph.D,4
6773,79,Femenino,74085.66554,1.662784928,Guayaquil,bachiller,1
6774,60, femenino,46807.60786,1.710687231,,bachillers,4
6775,24,Masculino,66329.19427,1.526625177,Santo Domingo,Ph.D,3
6776,,Femenino,,1.535907794,Manta,Ph.D,3
6777,62,Masculino,36787.83261,2.826050812,Manta,,2
6778,76,Femenino,64845.88945,1.800458895,Esmeraldas,bachillers,1
6779,64,Masculino,54691.35414,1.763139032,Manta,bachiller,3
6780,-16,Femenino,84302.75239,1.698555684,Santo Domingo,bachillers,2.799797553
6781,65,Femenino,72991.79273,1.614735624,Guayaquil,Ph.D,4
6782,44,Masculino,66586.15104,1.609867902,Esmeraldas,Ph.D,3
6783,,Masculino,29380.07653,1.764911789,Quito,Secundaria,1
6784,40,Masculino,66674.79005,1.719818622,Guayaquil,Master,1
6785,41,Masculino,48585.38993,1.785440622,Santo Domingo,mre,0
6786,26,Femenino,73102.92708,1.820400035,Esmeraldas,bachiller ,1
6787,52,Masculino,57601.23964,1.654596543,Manta,bachiller ,3
6788,68,Masculino,52213.7109,1.744011903,Guayaquil,mre,0
6789,37,F,53450.73134,1.757214571,Esmeraldas,bachiller ,4
6790,54,Femenino,54446.70208,1.630258877,Quito,PhD,3
6791,59,Femenino,39791.58514,1.635499509,Quito,Master,2
6792,34,M,41759.72957,1.772275367,Quito,Ph.D,2
6793,-14,Femenino,54967.74473,1.700173395,,Master,1
6794,48,Masculino,83327.05017,1.612711778,Guayaquil,Master,
6795,72,Femenino,70716.948,1.61808698,Manta,bachillers,0
6796,74,Masculino,1200915.58,1.571616856,Guayaquil,,4
6797,25,Femenino,77958.42154,1.664174521,Manta,Ph.D,1
6798,32,Masculino,64216.73371,1.597109262,Guayaquil,Secundaria,0
6799,48, femenino,53149.85853,1.71022241,Guayaquil,PhD,3
6800,70,Masculino,53835.24336,1.928121035,Esmeraldas,Ph.D,4
6801,47,Masculino,47613.91758,1.746035174,Quito,bachillers,0
6802,63,Masculino,72165.12155,1.806710904,Quito,Secundaria,2
6803,37,Femenino,,1.740063785,,phd,2
6804,77,Masculino,91355.15473,1.535069147,Quito,sin  educacion,0
6805,56,Masculino,46456.37451,1.712655197,Guayaquil,Master,2
6806,70,Masculino,78343.56838,1.631734015,Quito,,3
6807,72,Masculino,78424.50996,1.61755341,Guayaquil,bachillers,4
6808,29,Femenino,69365.30775,1.677348588,,Master,3
6809,-20,masculino ,84308.58129,1.763103745,Santo Domingo,phd,2
6810,34,Masculino,57056.47637,1.669479672,,PhD,0
6811,59,M,61924.0116,1.785875554,Manta,bachiller,0
6812,,Masculino,63366.39792,1.718321846,,mre,4
6813,46,Masculino,68851.80554,1.731733166,Quito,,2
6814,36,Femenino,32715.49983,1.694089745,Esmeraldas,master,2
6815,63,Femenino,,1.828591152,Guayaquil,Master,2
6816,28,Masculino,72873.54073,1.62990659,Guayaquil,PhD,1
6817,,Masculino,-42586.50622,1.635569655,Manta,mre,0
6818,67,Masculino,89393.64739,1.668178564,,bachiller ,2
6819,24,Masculino,61920.46825,1.750236477,Esmeraldas,bachillers,4
6820,61,Masculino,67717.82561,1.763719601,Quito,PhD,1
6821,75,Femenino,83264.94533,1.643970952,Santo Domingo,bachillers,2
6822,51,Femenino,61941.49406,1.789685716,Quito,Secundaria,-3
6823,76,Masculino,-41942.10373,1.60196581,,Ph.D,1
6824,-13,Femenino,,1.771286795,Guayaquil,Secundaria,3
6825,67,Femenino,68776.21163,1.735767268,Esmeraldas,,1.468046793
6826,55,,46662.58255,1.701739763,Sto. Domingo,Secundaria,
6827,41,Masculino,76596.90304,1.747312388,Manta,PhD,4.636125969
6828,27,Femenino,50904.13966,1.688094644,Santo Domingo,master,0
6829,49, femenino,57204.23603,1.725523204,Esmeraldas,sin  educacion,4
6830,69,Masculino,78887.97671,1.94060735,Esmeraldas,phd,2
6831,32,Femenino,54498.8809,1.789432328,Quito,master,3
6832,54,Masculino,65216.84219,1.645783957,Guayaquil,PhD,2.667791397
6833,-15,Femenino,59191.91431,1.669474511,Guayaquil,master,1
6834,20,Masculino,59715.01699,1.820820558,Quito,phd,2
6835,54,Masculino,57758.10172,1.660519554,Esmeraldas,phd,4
6836,79,Femenino,44457.35397,1.8700774,Santo Domingo,phd,1
6837,74,Femenino,68177.1475,1.776537166,Manta,Ph.D,3
6838,57,Masculino,69511.82702,1.56439742,Quito,Secundaria,0
6839,25,Masculino,51270.18881,1.786833345,Santo Domingo,mre,4
6840,57,Femenino,,1.484365084,Quito,Master,1
6841,61,Femenino,73694.86856,1.665160304,Santo Domingo,PhD,2
6842,73,M,56043.18402,1.785519119,Guayaquil,Ph.D,0
6843,40,Femenino,61388.95723,1.513375349,Manta,bachiller,1
6844,57,Masculino,46776.04139,1.902948352,Esmeraldas,Master,
6845,28,Masculino,59047.90932,1.796842773,Guayaquil,Secundaria,0
6846,63, femenino,46857.31982,1.60211309,Quito,mre,3.560544993
6847,25,Femenino,,1.852001234,,,
6848,46,Femenino,48537.28752,1.509036189,Manta,Master,4
6849,47,Masculino,72949.25438,1.599242008,Manta,bachiller,2
6850,73,F,40056.18875,1.558488559,,Secundaria,36
6851,77,Masculino,64000.22517,1.502504813,Quito,Ph.D,1
6852,27,Masculino,56653.13343,1.666683421,Quito,Secundaria,3.787362519
6853,56,Masculino,80943.9374,1.719115075,Esmeraldas,phd,1
6854,45,Masculino,71692.04977,1.716129296,Manta,,4
6855,,Femenino,41400.50822,1.713037835,Santo Domingo,Secundaria,4
6856,53,Masculino,51592.1579,1.705258035,Esmeraldas,bachiller,1
6857,78,Masculino,59791.3039,1.581854688,Sto. Domingo,bachillers,4
6858,30,Masculino,51589.10821,1.649751491,Guayaquil,Ph.D,0
6859,49,Masculino,73624.09999,1.424909093,Guayaquil,bachiller ,4
6860,53,Masculino,62549.12887,1.807955744,Esmeraldas,bachillers,2
6861,54,Masculino,57099.81075,1.709460991,Esmeraldas,,2
6862,43,Masculino,74713.46053,1.706832268,Guayaquil,bachillers,
6863,39,Femenino,42339.62418,,Guayaquil,PhD,0
6864,21,Masculino,56017.30987,1.785097132,Guayaquil,bachiller ,3
6865,48,Femenino,63719.98747,1.663882098,Esmeraldas,Secundaria,3
6866,35,Femenino,57880.28204,1.688312103,Quito,Secundaria,0
6867,55,Femenino,13430.92122,1.856613526,Santo Domingo,PhD,2
6868,41,Masculino,65085.35416,1.641471063,Santo Domingo,mre,4
6869,73,Masculino,67540.91394,1.855722408,Guayaquil,bachiller ,1
6870,40,F,44811.78049,1.664967103,,,4
6871,39,Masculino,27255.3707,1.509177788,,mre,4
6872,19,Masculino,49833.96626,1.708951997,Guayaquil,Secundaria,3
6873,48,Masculino,56947.77102,1.664194503,Manta,Secundaria,4
6874,72,Masculino,58342.03335,1.565173441,Esmeraldas,master,3
6875,28,masculino ,1037348.318,1.691898863,Manta,bachillers,1
6876,45, femenino,63048.27549,1.651449662,Quito,PhD,4
6877,63,Masculino,75433.15109,1.887386155,Guayaquil,,0
6878,49,Femenino,74352.09941,1.7968489,Esmeraldas,phd,4
6879,79,Masculino,78327.65022,1.603870725,Santo Domingo,bachillers,0
6880,22,Masculino,41805.39541,1.625974064,Quito,bachiller ,3
6881,55,Masculino,73185.93462,1.800058087,Esmeraldas,Secundaria,4
6882,27,Femenino,45992.69133,1.821251671,Esmeraldas,Ph.D,3
6883,57,Masculino,71838.5993,1.66668866,Manta,Ph.D,1.265617831
6884,63,Masculino,48939.72964,1.651908659,Santo Domingo,Secundaria,3
6885,41,Femenino,65280.34689,1.687284227,Manta,,2
6886,52,Masculino,83027.80518,1.728998476,Manta,mre,
6887,61,M,73994.04493,1.772564262,Manta,master,3
6888,-17,Femenino,46165.85464,1.777739198,Manta,bachiller ,4
6889,77,Femenino,42916.73917,1.594436985,Quito,sin  educacion,3
6890,79,Femenino,71645.10552,1.66402913,,Secundaria,1
6891,40,Masculino,79792.01766,1.49121498,Manta,phd,0
6892,34,Femenino,66446.99234,1.697646784,Quito,bachillers,3
6893,18,Femenino,52332.40548,1.561214915,Quito,phd,2
6894,72,Masculino,60628.05075,1.626819072,Esmeraldas,,
6895,48,Masculino,66486.66197,1.81040437,Esmeraldas,Secundaria,0
6896,48,Masculino,58656.66523,1.739003962,,Secundaria,1
6897,59,Femenino,46180.79041,1.734907669,Quito,bachiller,4
6898,74,Masculino,75956.07849,1.700230467,Guayaquil,Secundaria,2
6899,118,Femenino,88174.29223,1.84037822,Quito,,4
6900,59,Femenino,81398.32228,1.637216513,Guayaquil,Secundaria,3
6901,70,Masculino,27432.5193,1.71636097,Esmeraldas ,Ph.D,1
6902,141,Masculino,77339.73062,1.711019018,Guayaquil,Secundaria,4
6903,51,Masculino,68672.996,1.66514606,Manta,Secundaria,3
6904,26,Masculino,50140.78092,1.913830361,,Ph.D,2
6905,39,Masculino,30567.26058,1.577907351,Esmeraldas,bachillers,4
6906,30,Masculino,,1.515174726,Manta,bachillers,1
6907,42,Femenino,65455.22346,1.710799255,Esmeraldas,bachiller,4
6908,65,Femenino,43397.17664,1.63969634,,bachillers,2
6909,35,Masculino,78483.86224,1.467860552,Sto. Domingo,Secundaria,3
6910,68,Femenino,78120.29157,1.737586012,Esmeraldas,Secundaria,4
6911,29,Femenino,67018.73889,1.724178345,Esmeraldas,mre,4
6912,57,Femenino,39407.77449,1.812228651,Esmeraldas,,4.585711352
6913,34,Femenino,56068.86799,1.644397694,Quito,Ph.D,
6914,32,Femenino,70855.39328,1.514097878,Quito,sin  educacion,0
6915,59,Femenino,69866.11473,1.606167461,Quito,,0
6916,32,Masculino,49514.56293,1.507815166,Manta,Ph.D,
6917,32,Masculino,51714.13953,1.849675596,Esmeraldas,Master,2
6918,72,Masculino,49127.76057,1.800580158,Quito,master,1
6919,56,Femenino,55756.67379,1.82833344,Santo Domingo,Master,3
6920,30,Masculino,52699.66131,1.766646171,Quito,bachillers,3
6921,34,Masculino,49966.04673,1.559957724,,Secundaria,2
6922,49,Masculino,57935.73481,1.659597002,Guayaquil,phd,
6923,26,Femenino,60599.87349,1.779249709,Esmeraldas,PhD,0
6924,57,Masculino,76305.79234,1.530061492,Esmeraldas,mre,2
6925,37,Femenino,33280.91617,1.744076326,Esmeraldas,bachiller,4
6926,43,Masculino,78288.9497,1.777830823,Manta,master,3
6927,-10,M,48790.26399,1.926322753,Guayaquil,phd,1
6928,38,Masculino,87907.60088,1.795553603,Guayaquil,Ph.D,
6929,187,Femenino,,1.747507406,Esmeraldas,sin  educacion,
6930,30,Femenino,68210.07241,1.702846774,Guayaquil,Ph.D,2
6931,131,Femenino,58439.78015,3.044871778,Guayaquil,Secundaria,
6932,26,Femenino,90945.36135,1.761048453,,Secundaria,2
6933,29,Femenino,59540.92359,1.492843832,Santo Domingo,Master,4
6934,61,Masculino,82675.46131,1.721343688,Esmeraldas,Secundaria,1
6935,55,Masculino,51382.00669,1.435530411,Santo Domingo,Secundaria,2
6936,36,M,70748.90478,1.474617779,Santo Domingo,Master,4
6937,77,Femenino,88472.71163,1.704206407,Manta,Master,4
6938,24, femenino,47280.39729,1.747857267,Guayaquil,Master,1.965745942
6939,74,Femenino,67368.90253,1.567405516,Esmeraldas,Secundaria,4
6940,52,Masculino,49404.37614,1.809382522,Quito,Ph.D,2
6941,65,Femenino,66444.93866,1.851950492,Santo Domingo,bachillers,1
6942,35,Masculino,-19014.76253,1.780594422,Santo Domingo,PhD,0
6943,33,Femenino,45998.71304,1.697328039,Manta,master,4
6944,72,Femenino,62340.12018,1.730625803,Santo Domingo,PhD,2
6945,,Masculino,47482.93113,1.71128773,Santo Domingo,bachillers,1
6946,21,Masculino,58060.7803,,Santo Domingo,Ph.D,0
6947,76,Femenino,69318.39528,1.597585307,Manta,master,0
6948,42,,-38982.36208,1.662739184,Guayaquil,bachillers,3
6949,49,M,83608.70974,1.705957912,Santo Domingo,Secundaria,3
6950,79,Femenino,67250.15448,1.733714938,Esmeraldas,phd,1
6951,57,Masculino,40148.82604,1.758954786,Santo Domingo,Secundaria,4
6952,30,M,64796.91802,1.600155508,Santo Domingo,Secundaria,2
6953,62,Femenino,81916.76777,1.682722588,Esmeraldas,bachiller ,4
6954,34,Masculino,68136.21318,1.673156882,Manta,Secundaria,2
6955,66,Masculino,63911.41567,1.895949056,Quito,Secundaria,
6956,54,F,55537.01991,1.724976121,Esmeraldas,,3
6957,,masculino ,58544.59919,1.76737596,Quito,,3
6958,36,Masculino,60162.62616,1.799647321,Guayaquil,mre,4
6959,30,Masculino,23310.91164,1.78538185,Guayaquil,mre,1
6960,74, femenino,66955.47792,1.496544901,Santo Domingo,bachillers,2
6961,77,Femenino,74950.46765,,Santo Domingo,Secundaria,3
6962,43,Masculino,,1.76779909,Manta,phd,1
6963,31,Femenino,63487.25434,1.713014911,Quito,Secundaria,3
6964,48,Masculino,65304.17406,1.533201731,Guayaquil,mre,2
6965,71,Femenino,72154.45809,1.595657118,Guayaquil,phd,3.971992226
6966,21,Masculino,,1.611216868,Santo Domingo,bachiller ,3
6967,77,M,68094.5536,1.732823138,Santo Domingo,Secundaria,1
6968,56,Masculino,42576.06855,1.723414431,Manta,,4
6969,25,F,44786.15487,1.852383744,Santo Domingo,sin  educacion,4
6970,42,Masculino,66467.20513,1.701261781,,Secundaria,2
6971,30,Masculino,56556.08729,1.720356385,Manta,bachillers,0
6972,49,Femenino,36289.33721,1.566302996,Santo Domingo,PhD,3
6973,76,Femenino,65212.45206,1.684417071,Santo Domingo,bachiller,3
6974,55,,40878.71979,1.92733849,Santo Domingo,bachiller,0
6975,55,Femenino,100539.1608,1.734211104,Quito,bachiller,2
6976,73,Masculino,27358.08812,1.644011372,Guayaquil,bachiller,2
6977,45,Masculino,60790.17321,1.74155331,,Secundaria,1
6978,70,Femenino,43257.77469,1.804194415,Guayaquil,PhD,1
6979,47,Femenino,73738.02838,1.74977946,Quito,Secundaria,1
6980,20,Femenino,53956.73693,1.783158192,Esmeraldas,master,2
6981,45,Masculino,75192.49212,1.795931835,Guayaquil,bachillers,3
6982,20,Masculino,71510.0612,1.715680853,Manta,bachiller ,4
6983,62,Femenino,43983.71847,1.732905645,Quito,mre,2
6984,71,Masculino,49090.02215,1.640174673,Manta,master,0
6985,,Femenino,,1.639052637,Manta,bachiller,4
6986,33,Femenino,58987.02862,1.691950347,Guayaquil,Secundaria,2
6987,39,Femenino,57053.19326,1.567560934,Esmeraldas,Secundaria,2
6988,49,Femenino,70921.66246,1.736886492,Santo Domingo,bachillers,1
6989,78,Femenino,63509.27998,1.620370908,Santo Domingo,PhD,3
6990,55,Femenino,50810.24968,1.717892239,,master,2.441459724
6991,25,Masculino,46313.20818,1.751723939,Manta,Secundaria,4
6992,72,Masculino,47761.58862,1.568327126,Quito,phd,2
6993,25,Femenino,64949.89542,1.741006397,Guayaquil,bachiller,1
6994,79,Femenino,,,Manta,bachiller,0
6995,74,Femenino,91204.71387,1.758868414,Santo Domingo,Secundaria,2
6996,23,Masculino,59996.34982,1.760258743,Guayaquil,Secundaria,1
6997,31,Femenino,62830.95599,1.767032801,Guayaquil,bachiller ,0
6998,49,Femenino,32984.45726,1.734377573,,,-3
6999,52,Femenino,39929.10749,1.648182422,Quito,Secundaria,4
7000,27,Masculino,43178.97869,1.651733571,Esmeraldas,Secundaria,3
7001,,Femenino,52004.5401,1.638387734,Santo Domingo,bachiller ,3
7002,76,Masculino,,1.802973228,,master,4
7003,29,Masculino,,1.86906905,Quito,Ph.D,2
7004,66,Femenino,69974.05977,1.708442922,Santo Domingo,Master,1
7005,76,Masculino,47102.06296,1.601184029,,bachiller ,
7006,48,Masculino,,1.672194438,Guayaquil,,4
7007,46,Masculino,68882.10471,1.797900543,Sto. Domingo,bachiller,3
7008,22,Femenino,74199.29924,1.755394727,Manta,master,3
7009,,Masculino,64387.86196,1.703393497,Esmeraldas,,3
7010,69,Femenino,65291.11844,1.673568907,Manta,Secundaria,2
7011,42,Femenino,74659.15536,1.531155601,,Secundaria,4
7012,58,Femenino,66213.9868,1.678512092,Guayaquil,master,3
7013,48,Masculino,75531.38152,1.661237303,Manta,Secundaria,-5
7014,79,Femenino,,,Santo Domingo,mre,4
7015,38,Masculino,58744.80674,1.728162412,Santo Domingo,bachiller,0
7016,75,Masculino,-29145.78116,1.875045285,Quito,bachillers,2
7017,37,Masculino,58231.73603,1.701978536,Quito,master,4.244684079
7018,56,Masculino,61848.0074,1.759829775,,Ph.D,1
7019,39,Femenino,53875.00913,1.693931221,Quito,Master,1
7020,21,masculino ,71834.66279,1.693894088,Santo Domingo,PhD,0
7021,30,Masculino,51966.46959,,Santo Domingo,Master,1
7022,62,Femenino,56733.85519,1.737369296,Quito,bachiller,3
7023,59,,81660.56496,1.777895034,Guayaquil,Secundaria,3
7024,67,Femenino,79566.58558,1.823985268,Quito,mre,1
7025,,Masculino,62364.51653,1.736289398,Guayaquil,Ph.D,2
7026,37,Femenino,50446.67682,1.724456224,Quito,Secundaria,0
7027,69,,35485.90437,1.773693109,Santo Domingo,,3
7028,30,Femenino,58029.74143,,Santo Domingo,Ph.D,0
7029,34,Masculino,-22806.35317,1.636828305,Quito,Ph.D,1
7030,71,,49182.57808,1.624124111,Esmeraldas,Ph.D,4
7031,53,Masculino,60088.93121,1.650940398,Guayaquil,Master,0
7032,50,Femenino,54773.41492,1.581309272,Esmeraldas,Secundaria,0
7033,18,Masculino,34167.07614,1.534360237,Santo Domingo,Secundaria,1
7034,32,Femenino,61757.49329,1.6178204,Guayaquil,Secundaria,1
7035,30,Masculino,66526.3471,1.464781711,Quito,,
7036,34,,62391.29072,1.728390216,Guayaquil,bachillers,4
7037,41,Masculino,84187.4665,1.709875295,Guayaquil,bachiller,4
7038,,Femenino,55171.99396,1.774112047,Manta,master,0
7039,25,Masculino,53980.25556,1.606749192,Guayaquil,Secundaria,4
7040,67,Masculino,92496.90285,1.749892397,Esmeraldas ,sin  educacion,
7041,44,Masculino,41268.8557,1.619144061,Esmeraldas,,1
7042,62,Femenino,50702.69512,1.777412854,Esmeraldas,Master,1
7043,40,Masculino,65414.74877,1.517809011,Quito,Ph.D,11
7044,63,Masculino,76879.06427,1.676270434,Manta,,2
7045,,Masculino,74022.53585,1.660089527,Esmeraldas,bachiller,1
7046,25,Masculino,44401.78952,1.779695018,Esmeraldas,bachiller ,4
7047,76,Femenino,84414.67831,1.778200297,Guayaquil,bachillers,-3
7048,43,Masculino,66960.90401,1.821882096,Santo Domingo,master,1
7049,64,Masculino,47709.44617,1.498575098,Santo Domingo,master,2
7050,76,Femenino,48971.99314,1.849621136,Quito,master,0
7051,30,Femenino,61073.20061,1.607438144,Santo Domingo,sin  educacion,1
7052,56,Femenino,-16551.29205,1.870810136,Esmeraldas,bachiller,0
7053,54,Masculino,63186.72086,1.922370875,Guayaquil,Master,2
7054,66,,92147.42277,1.819107844,Santo Domingo,,2.200626245
7055,45,Femenino,73171.31078,1.614270833,Manta,Secundaria,1
7056,42,Femenino,1756993.123,1.575552197,Manta,,1
7057,78,Masculino,81112.65621,1.629474869,Manta,PhD,3
7058,33,Masculino,,1.757045757,Esmeraldas ,phd,1
7059,72,Masculino,50773.32253,1.593667728,Guayaquil,bachiller,1
7060,19,Femenino,64136.29603,1.514156776,,Secundaria,2
7061,71,Masculino,59573.47268,1.808110157,Esmeraldas,bachiller ,2
7062,35,Femenino,73401.21654,1.639963864,Santo Domingo,phd,3
7063,34,Femenino,,1.791452397,Manta,Master,1
7064,47,Femenino,58231.07564,1.777164852,Manta,bachiller,4
7065,56,Masculino,85483.89232,1.719762463,Esmeraldas ,,-4
7066,30,Femenino,52881.92071,1.783935886,Sto. Domingo,Master,1
7067,49,M,44999.63039,1.84807702,Manta,bachillers,3
7068,67,Masculino,66949.48689,1.776418634,Manta,Secundaria,2.715301896
7069,46,Femenino,59727.24931,1.779100388,Quito,PhD,4.514984971
7070,63,Femenino,63680.64393,1.738764369,Santo Domingo,Master,0
7071,47,Femenino,71072.42173,1.656694232,Manta,Master,3
7072,35,Masculino,57223.60755,1.730829684,,Secundaria,4.196136644
7073,30,Femenino,87879.13345,1.720908108,Santo Domingo,PhD,
7074,60,M,63974.79795,1.748914271,Santo Domingo,,3
7075,,Masculino,53244.09553,1.733359216,Manta,Secundaria,1
7076,47,Femenino,68843.68867,1.654267204,Santo Domingo,,3
7077,38,Femenino,58717.78108,1.81394412,Santo Domingo,Secundaria,3
7078,65,Femenino,61699.45229,1.647273777,Guayaquil,sin  educacion,1
7079,72,Femenino,43408.01356,1.739420978,Santo Domingo,Secundaria,3
7080,34,Masculino,45108.09787,1.751503957,Manta,Secundaria,2
7081,57,Masculino,75923.85505,1.595005874,Manta,PhD,2
7082,36,Femenino,41484.63823,1.856182604,Quito,Secundaria,0
7083,69,Masculino,58164.3565,1.695898642,Esmeraldas,Secundaria,0
7084,32,Femenino,64887.75957,1.600634779,Quito,master,3
7085,26,Femenino,81195.39023,1.700036383,Guayaquil,phd,2
7086,69,Femenino,52780.83582,1.602550254,Guayaquil,PhD,1
7087,27,Femenino,71383.49182,1.642004274,Manta,Secundaria,3
7088,61,Masculino,-8282.196407,1.640048994,Esmeraldas,Secundaria,1
7089,48,Masculino,27298.20145,1.686416817,Quito,,
7090,70,Femenino,60691.13682,1.83647701,Esmeraldas,Secundaria,0
7091,40,Femenino,58996.38759,1.710636487,Guayaquil,phd,3
7092,69,Masculino,66376.82509,1.716441494,Santo Domingo,mre,3
7093,47,Masculino,50360.25408,1.652299751,,Ph.D,1
7094,,Masculino,51959.62616,1.728332542,Manta,Master,
7095,74,Femenino,78016.04187,1.69669144,Esmeraldas,Secundaria,
7096,69,Masculino,54957.80102,1.691619694,Guayaquil,bachillers,1
7097,26,Femenino,31298.54442,1.770706758,Santo Domingo,Master,0
7098,71,Femenino,67356.66673,1.605849837,,,4
7099,64,Masculino,,1.826648123,,Secundaria,2
7100,18,F,72806.45427,1.430433752,Esmeraldas,master,2
7101,61,Masculino,50770.00582,1.690691016,Esmeraldas,bachiller,4
7102,52,Femenino,60003.43413,,Guayaquil,bachiller ,0
7103,149,Femenino,67969.16385,1.820673469,Quito,bachiller ,3
7104,187,Femenino,74458.69021,1.71583726,Esmeraldas,,0
7105,33,Femenino,67531.20577,1.619008073,Guayaquil,master,1
7106,26,Femenino,71634.35529,1.686659627,Quito,,0
7107,49,Femenino,49017.78765,1.959147741,Manta,,2
7108,32,Masculino,25648.54708,1.770876218,Santo Domingo,Master,3
7109,29,Masculino,75805.42803,1.529944819,Guayaquil,Secundaria,4
7110,,,45809.73185,1.708291398,Esmeraldas,,0
7111,62,,57428.68629,1.640139493,Guayaquil,master,3
7112,31,Femenino,72117.64422,1.57300682,Quito,bachiller ,3
7113,,Masculino,60400.29076,1.748264827,Santo Domingo,sin  educacion,2
7114,74,Masculino,70540.05288,1.60296919,Sto. Domingo,bachillers,1
7115,25,F,96822.8703,1.854831491,,,3
7116,,Masculino,68272.73803,1.834107809,Sto. Domingo,Secundaria,-4
7117,44,Femenino,49070.46643,1.627038618,Quito,,0
7118,79,Masculino,38291.79809,1.62078322,Quito,Secundaria,4
7119,29,Femenino,70150.19932,1.767326136,Santo Domingo,bachiller,0
7120,18,,61222.60562,1.801776315,Manta,bachiller ,2
7121,60,Femenino,39315.60409,1.674834649,Guayaquil,,3
7122,57,Masculino,77686.0553,1.797845513,Guayaquil,PhD,1
7123,59,Femenino,70862.22928,1.866444931,Santo Domingo,bachiller,3
7124,79,Masculino,59826.21623,1.732990843,Esmeraldas ,,1
7125,68,Femenino,,1.597097915,,Ph.D,1
7126,28,Masculino,75347.54954,1.778551765,Manta,master,16
7127,56,Femenino,45140.34074,1.714318184,Santo Domingo,mre,
7128,60,,77589.48091,1.667844508,Santo Domingo,Master,0
7129,48,Femenino,63823.82723,1.77517099,Quito,Secundaria,2
7130,34,Femenino,88399.62852,1.820706381,Guayaquil,Ph.D,4
7131,50,M,74144.75931,1.718601145,Esmeraldas,bachiller,4
7132,49,Femenino,67264.57935,1.472085782,Manta,Master,1
7133,75,Masculino,66410.67157,1.711981483,Manta,Secundaria,-3
7134,46,Masculino,42172.72472,1.722696292,Esmeraldas,phd,2
7135,38,Masculino,52319.65308,1.95859122,Quito,Secundaria,2
7136,38,Femenino,63125.29008,1.712962147,Guayaquil,bachiller,3
7137,57,,39423.75254,1.682868132,Esmeraldas,mre,4
7138,40,Femenino,,1.768981293,Quito,,3
7139,73,Femenino,-24164.2072,1.669985342,Esmeraldas,Secundaria,2
7140,23,Femenino,54102.30275,1.63138734,Quito,mre,4
7141,39,Masculino,70660.50755,,Guayaquil,Master,1
7142,67,Masculino,51660.75111,1.640447433,Quito,PhD,1
7143,55,Masculino,67042.31397,1.509220436,Santo Domingo,Master,4
7144,54,Femenino,62174.55039,1.728324704,Santo Domingo,Secundaria,3
7145,62,,44120.63116,1.721583549,Esmeraldas,phd,3
7146,68,Femenino,73220.9046,1.76964195,Santo Domingo,PhD,2.235017156
7147,71,Femenino,73991.29848,1.596889814,Quito,mre,3
7148,25,Femenino,74806.56298,1.556128924,Guayaquil,bachiller ,1
7149,58, femenino,88615.20951,1.905746399,,bachiller ,0
7150,66,Femenino,53832.97348,1.692136612,Manta,bachiller ,1
7151,52,Masculino,30755.32209,1.769980998,Esmeraldas,Secundaria,0
7152,68,Masculino,50144.90581,1.713291092,Guayaquil,Ph.D,4
7153,28,Femenino,74392.38008,1.774494373,Esmeraldas,Master,0
7154,41,,58779.45115,1.722803707,Manta,bachiller ,-2
7155,66,Femenino,38928.40976,1.619798655,Santo Domingo,mre,3
7156,38,Masculino,34748.65536,1.75418219,Manta,bachiller,0
7157,,Masculino,81305.32518,1.730393236,Santo Domingo,bachiller ,2
7158,19,Femenino,69128.73835,1.531767307,Esmeraldas,mre,2
7159,57,Masculino,52550.01411,1.729453723,Esmeraldas,Secundaria,3
7160,36,Masculino,88237.73296,1.661288731,Esmeraldas,mre,1
7161,56,Masculino,99733.55432,1.633324067,Quito,mre,2
7162,45,Femenino,,1.79753424,Guayaquil,Secundaria,0
7163,-3,Masculino,71330.14826,1.692814379,Sto. Domingo,Secundaria,
7164,34,Masculino,67923.80399,1.69585801,Manta,master,0
7165,23,Femenino,72835.34425,1.708924963,Guayaquil,Secundaria,1
7166,36,Femenino,89375.5471,1.696764294,Esmeraldas,bachillers,3
7167,73,masculino ,45409.22578,1.690223977,Esmeraldas,Secundaria,2
7168,55,Femenino,54913.85385,,Sto. Domingo,master,0
7169,45,Masculino,59283.18703,1.631575527,Santo Domingo,Secundaria,0
7170,19,Masculino,68614.62727,1.526320437,Manta,PhD,2
7171,55,Femenino,83481.38496,1.704467087,Quito,,2
7172,72,Femenino,66192.4394,1.60605822,Manta,bachiller,1
7173,54,Masculino,69378.50803,1.59032485,Santo Domingo,phd,1
7174,68,Femenino,70150.75871,1.698426568,Santo Domingo,sin  educacion,2
7175,69,Femenino,60346.28491,1.727467814,Manta,bachiller ,3
7176,21,Masculino,53758.01866,1.68263239,Santo Domingo,phd,2
7177,39,Masculino,61120.14911,1.654326919,Guayaquil,bachiller ,2
7178,43,Masculino,50185.55972,1.679949779,Esmeraldas,phd,4
7179,66,F,50443.55962,1.694906409,Quito,bachillers,3
7180,60,Masculino,65520.53362,1.699731844,Santo Domingo,,3
7181,53,Masculino,52826.6288,1.520778195,Quito,bachiller,1
7182,-19,Femenino,87700.56848,1.787389176,Esmeraldas,phd,1
7183,30,Femenino,62198.14297,1.554239298,Manta,master,1
7184,69,Masculino,,1.632891729,Esmeraldas,mre,0
7185,75,Femenino,-23945.099,1.544579602,Quito,,3
7186,49,F,41782.68659,1.71672692,Guayaquil,Secundaria,4
7187,34,Masculino,58333.96863,1.628941,Manta,Secundaria,1
7188,58,Femenino,74051.50173,1.681617558,,mre,1
7189,53,Femenino,52649.13224,1.625711035,Guayaquil,Secundaria,
7190,72,Masculino,58494.34705,1.594589319,,mre,26
7191,77,Femenino,74998.88124,1.449000652,Quito,Secundaria,1
7192,,Femenino,54179.5719,1.640856774,Quito,bachiller ,0
7193,36,Masculino,48637.22406,1.578991192,Quito,Secundaria,
7194,75,Femenino,70625.88519,1.75195878,Esmeraldas,phd,3
7195,77, femenino,40439.45969,1.908090373,Manta,Secundaria,4
7196,52,masculino ,54395.03787,1.882992586,Santo Domingo,Master,2
7197,63,,-13134.82871,1.691887201,Guayaquil,Ph.D,3
7198,57,Masculino,67935.28708,1.620890268,Esmeraldas,phd,1
7199,73,Femenino,72339.72033,1.505015077,Quito,Master,2
7200,76,Femenino,74679.79433,1.658123222,Santo Domingo,sin  educacion,1.96503914
7201,45,Masculino,55462.89212,1.608783993,Quito,Ph.D,2
7202,18,,74362.69893,1.626272914,Esmeraldas,PhD,2
7203,,Femenino,67592.23884,1.536782404,,Secundaria,1
7204,35,,70818.10967,1.7702749,Esmeraldas,PhD,2
7205,65,Femenino,50493.26856,1.750922652,Quito,bachillers,4
7206,57,masculino ,69976.62083,1.608452803,Esmeraldas,bachiller ,1
7207,50,Masculino,57708.74708,1.785585386,Quito,sin  educacion,2
7208,29,Masculino,60718.02491,1.705961584,Santo Domingo,Secundaria,2
7209,25,F,62477.12385,1.753022396,Santo Domingo,bachiller ,4
7210,41,Femenino,91697.77704,1.777410901,Quito,phd,0
7211,33,Masculino,46277.16487,1.736499014,Quito,bachiller,0
7212,67,Femenino,,1.617939107,Esmeraldas,,4
7213,21,Masculino,81455.58801,1.804930511,Esmeraldas ,PhD,0
7214,55,Masculino,72383.83375,1.777274145,Sto. Domingo,bachiller,3
7215,61,F,51968.23666,1.778735731,Manta,bachiller,3
7216,44,M,85447.58373,1.567068781,Quito,Ph.D,3
7217,26,Masculino,,1.553305227,,PhD,0
7218,64,Femenino,70306.78,1.851284673,Quito,PhD,3
7219,33,Masculino,61813.71644,1.636190662,Quito,Secundaria,3
7220,73,Masculino,54462.75099,1.725243552,Esmeraldas,master,0
7221,29,Masculino,68200.26096,1.820636987,Esmeraldas,Secundaria,4
7222,48,Masculino,88191.16211,1.863296873,Manta,bachiller,1
7223,41,Masculino,63845.18032,1.757413811,Esmeraldas,master,3
7224,72,Masculino,89676.5538,1.647789301,Quito,Secundaria,0
7225,31,Masculino,-9675.907623,1.671335695,Quito,bachiller,2.188839513
7226,62,Femenino,61161.22434,1.737069851,Guayaquil,PhD,1
7227,42,Femenino,41613.12772,1.717488774,Esmeraldas,bachiller ,2
7228,51,Femenino,,1.628400797,Guayaquil,PhD,1
7229,20,Femenino,1719828.93,1.434679037,Quito,Secundaria,3
7230,75,Masculino,55064.34222,1.626410547,Esmeraldas,,2.863013109
7231,41,Femenino,45596.36897,1.678700655,Quito,,3
7232,79,Masculino,48572.32355,1.699036645,Guayaquil,bachiller,2
7233,71,Femenino,55701.14812,1.870669913,Guayaquil,PhD,1
7234,59,Femenino,77798.07835,1.806711333,Santo Domingo,Secundaria,
7235,26,Masculino,37566.29136,1.653836665,Santo Domingo,master,3
7236,43,Masculino,28767.31405,1.750375152,Esmeraldas,,3
7237,37,Femenino,33587.58701,,,Secundaria,3
7238,,,47289.00811,1.82260975,Esmeraldas,,4
7239,-2,Femenino,69554.55117,1.650363947,,bachillers,
7240,36,Femenino,54655.37632,1.718718142,Esmeraldas,bachiller ,
7241,20,Masculino,54450.61956,1.702981691,Esmeraldas,mre,1
7242,41,Femenino,54113.85061,1.802623135,Esmeraldas,bachiller ,4
7243,22,Femenino,31832.53686,1.665132373,Guayaquil,PhD,1
7244,20,Femenino,72921.36859,1.782288707,Sto. Domingo,sin  educacion,2
7245,75,Femenino,79657.85765,1.73646684,Guayaquil,bachiller,
7246,44,Femenino,54967.92809,1.712257854,Quito,master,1
7247,33,Masculino,61281.91819,1.689191285,Manta,bachillers,-2
7248,66,Masculino,61780.81379,1.649062142,Quito,Secundaria,1
7249,32,Masculino,43982.66296,1.683418027,Esmeraldas,Secundaria,0
7250,52,Masculino,1717847.467,1.661773047,Manta,master,1
7251,29,,,3.623697481,Guayaquil,master,0
7252,58,Femenino,59940.15856,1.586553944,,Secundaria,4
7253,70,Masculino,63352.78702,1.70720826,Santo Domingo,Secundaria,1
7254,,Masculino,49595.3825,1.851621824,Guayaquil,,4
7255,43,Femenino,53550.62031,1.656009042,Esmeraldas,bachillers,4
7256,64,masculino ,69694.37856,1.743831837,Santo Domingo,mre,2
7257,51,Masculino,47405.9957,1.467671651,Quito,Secundaria,2
7258,40,Masculino,84299.74296,1.541926415,Santo Domingo,,1
7259,48,Masculino,35756.00781,1.686699529,Esmeraldas,Secundaria,1
7260,67,Femenino,50502.55393,1.692470861,Guayaquil,master,4
7261,,M,37801.84955,3.461680799,Santo Domingo,Master,2
7262,29,Masculino,79865.4487,1.919079431,Sto. Domingo,PhD,1
7263,40,Femenino,59455.89771,1.641708264,Guayaquil,PhD,1
7264,21,Masculino,,1.708441294,Quito,Ph.D,1
7265,40,Femenino,65964.05212,1.628361895,Sto. Domingo,Ph.D,2
7266,65,Femenino,80985.22171,1.773689242,Quito,Ph.D,1
7267,72,Femenino,63241.03131,1.584963976,Guayaquil,Secundaria,4
7268,65,F,77139.76029,1.630099481,Esmeraldas,bachiller,1
7269,18,masculino ,55595.44361,1.609853135,Quito,Secundaria,3
7270,71,Femenino,45579.90624,1.782370136,,bachillers,0
7271,42,,63483.21021,1.712598708,Santo Domingo,phd,4
7272,19,Femenino,49539.61992,1.72834954,Guayaquil,master,1
7273,47,Femenino,70331.21342,1.680608095,Quito,master,3
7274,20,Femenino,53860.07545,1.820926519,,bachillers,2
7275,75,Femenino,58731.86138,1.684507159,Guayaquil,bachiller ,3.531458436
7276,38,Masculino,26394.0097,1.896531737,Guayaquil,Secundaria,1.724571977
7277,42,Femenino,58129.18129,1.82694451,Manta,bachiller,1
7278,37,Masculino,56361.22224,1.55241611,Santo Domingo,Secundaria,2
7279,66,Femenino,77444.45712,1.763853507,Quito,phd,1
7280,69,Masculino,73051.60826,1.82678181,Guayaquil,mre,3
7281,39,Masculino,60363.27551,1.659226452,Quito,mre,0
7282,38,Masculino,35543.4277,1.74114564,Manta,Secundaria,2
7283,79,Femenino,53396.51471,1.552209562,Manta,bachiller,0
7284,78,Femenino,77460.36133,1.600398482,Quito,Secundaria,3
7285,50,masculino ,57023.25972,1.674836523,Santo Domingo,bachiller ,4
7286,69,Femenino,,1.564553742,Esmeraldas,bachiller ,3
7287,55,Masculino,77277.35849,1.705519399,Quito,bachiller,0
7288,78,Femenino,35647.28922,1.765038153,Manta,,2
7289,32,Femenino,58305.94873,1.608408659,,phd,2.205836641
7290,75,Femenino,68371.25643,1.565948016,Guayaquil,mre,0
7291,, femenino,61890.80882,1.542113261,Santo Domingo,Secundaria,2
7292,63,Femenino,41377.21181,1.821241157,Santo Domingo,PhD,0
7293,69,Femenino,46062.11326,1.525793717,Quito,mre,4
7294,32,Femenino,49530.35188,1.729579512,Santo Domingo,Secundaria,4
7295,63,Femenino,71767.04276,1.830588414,Guayaquil,Secundaria,1
7296,42,Masculino,775571.6486,1.602202886,Quito,phd,4
7297,38,Masculino,54186.84728,1.615603796,Manta,Secundaria,3
7298,41,Femenino,66133.65984,1.717567618,Guayaquil,master,1
7299,74,Femenino,48747.19761,1.724067078,Quito,Ph.D,0
7300,75,Femenino,71075.68163,1.650158286,,Secundaria,3
7301,22,Femenino,66758.36861,1.670295237,Esmeraldas,master,4.554849843
7302,23,Masculino,56632.5129,1.709085296,Guayaquil,Secundaria,22
7303,66,Masculino,57566.00191,1.65959334,Santo Domingo,PhD,4
7304,60,masculino ,54872.64857,1.662958439,Guayaquil,Secundaria,0
7305,65,Masculino,74939.13034,1.894239726,Guayaquil,Master,4
7306,61,Masculino,63241.37769,1.801342988,Esmeraldas,bachiller ,3
7307,64,Femenino,56752.69727,1.809197395,Esmeraldas ,Secundaria,3
7308,40,Femenino,45445.33645,1.665894842,,Secundaria,3
7309,,Femenino,68842.37317,1.528123738,,Master,1
7310,44,Masculino,68141.32781,1.947608841,Esmeraldas,Master,4
7311,35,Masculino,52115.36373,1.638321688,,Ph.D,0
7312,-2,Femenino,53697.64587,1.730927464,Esmeraldas,,4.817862838
7313,45,Femenino,58244.78617,1.778371375,Manta,,0
7314,,Masculino,1020836.093,1.641953447,Santo Domingo,,3.871776564
7315,39,F,61105.60228,1.790147481,Santo Domingo,master,1
7316,57,Femenino,35318.43243,1.700901122,Esmeraldas,master,4
7317,40,Masculino,40807.95844,1.673647374,Guayaquil,Master,1
7318,20,,,1.641910607,Quito,,3
7319,57,Femenino,50575.57369,1.600340728,,bachiller,0
7320,67,Masculino,66770.8639,1.513718263,,master,3
7321,27,Masculino,64244.96072,1.981377322,Esmeraldas,Ph.D,1
7322,42,Masculino,80649.36141,1.845734007,Esmeraldas,phd,0
7323,69,Femenino,1033386.787,1.710294001,Manta,PhD,2
7324,66,Femenino,63091.94952,1.856001747,Quito,phd,3
7325,25,Femenino,42554.18598,1.842920519,Quito,Ph.D,2
7326,72,Femenino,42585.34912,1.75965405,Santo Domingo,mre,
7327,28,Femenino,60966.40011,1.665500242,Esmeraldas ,Master,3
7328,78,F,61225.67889,1.807414286,Guayaquil,bachillers,0
7329,22,Masculino,64343.85549,1.790861222,Esmeraldas,bachillers,0
7330,75,F,79044.50921,3.541085788,,,2
7331,62,Femenino,43247.88845,1.666278126,Manta,bachiller,0
7332,70,Femenino,85348.67992,3.876721698,Guayaquil,Secundaria,3
7333,72,Femenino,37649.8456,2.890525268,Manta,PhD,1
7334,54,Masculino,65594.10733,1.661928219,Manta,Ph.D,1
7335,73,Femenino,41304.69157,1.736997322,Esmeraldas ,Ph.D,0
7336,76,Masculino,70862.05698,1.825278207,Manta,,4
7337,62,,37742.48019,1.852556112,Esmeraldas,PhD,3
7338,55,Femenino,19012.88488,1.749944384,Santo Domingo,PhD,4
7339,,F,62188.04931,1.683396598,Esmeraldas,PhD,2
7340,22,Masculino,58125.29686,1.785471307,Manta,,0
7341,26,Masculino,76591.05661,1.612791763,Manta,phd,2
7342,76,Femenino,61167.98679,1.66229001,Santo Domingo,bachillers,4
7343,65,Masculino,48827.18276,1.827516597,Quito,Secundaria,3
7344,19,M,51902.84916,1.887176723,Guayaquil,,
7345,18,Femenino,108240.3025,1.813990854,Manta,bachiller ,
7346,57,Masculino,46881.37911,1.691840691,Manta,Secundaria,4
7347,77,Femenino,67868.23776,1.48103302,,PhD,4
7348,68,Femenino,66032.99704,1.778397552,Manta,Secundaria,4
7349,47,Femenino,68217.91481,1.75236774,Sto. Domingo,Ph.D,4
7350,28,Masculino,66993.20896,1.75524624,Guayaquil,phd,3
7351,45,Masculino,,,Esmeraldas,Secundaria,0
7352,61,Masculino,33569.26837,1.666939343,Quito,mre,3
7353,29,Femenino,62334.4633,1.886530062,Manta,PhD,2
7354,56,Masculino,59807.69083,1.597612553,Guayaquil,phd,1
7355,43,Masculino,61858.97878,1.757837579,Quito,bachiller,0
7356,30,Masculino,68478.47923,1.634378473,Santo Domingo,Secundaria,1
7357,76,Femenino,53795.73629,1.750748022,Quito,Secundaria,1
7358,25,Femenino,50695.63672,1.680103674,,Secundaria,1.750804099
7359,78,Masculino,73512.64684,1.820649711,,bachiller ,0
7360,78,Masculino,55067.29775,1.704125804,Quito,Secundaria,2
7361,71,Masculino,52594.22262,1.799470188,,Secundaria,3
7362,,Femenino,51296.35731,1.911125778,,PhD,0
7363,75,Masculino,68918.5333,1.798609001,Manta,master,2
7364,47,F,56853.51233,1.757657086,Manta,mre,4
7365,26,Femenino,93192.11684,1.815730893,Santo Domingo,bachiller,0
7366,161,Femenino,60861.71873,1.756264109,Quito,Secundaria,3
7367,48,Masculino,41900.96822,1.639200713,,bachillers,4
7368,75,Masculino,53446.88962,1.615411701,,master,4
7369,38,Femenino,69829.81193,1.769014357,Guayaquil,bachiller,4
7370,,Femenino,-44239.95182,1.63746964,Quito,Ph.D,4
7371,64,Femenino,59741.72283,1.627766631,,PhD,1
7372,51,,74676.83106,1.680939394,Manta,PhD,
7373,72,Masculino,76933.01329,1.527388888,,Secundaria,2
7374,48,,52133.73238,1.634611441,Guayaquil,Ph.D,0
7375,69,Femenino,56147.65479,1.626441749,Quito,bachiller ,2
7376,42,,61452.36993,1.946196318,,,1
7377,29,Femenino,80134.89689,1.775111168,Santo Domingo,Secundaria,4
7378,18,Masculino,43502.95066,1.657864415,Guayaquil,PhD,0
7379,72,Femenino,65395.87195,1.623312721,Manta,Ph.D,3
7380,39,Masculino,60831.61276,1.456205752,Manta,Secundaria,0
7381,57,Femenino,46544.69742,1.553534024,Guayaquil,Secundaria,0
7382,187,Masculino,78560.07541,1.533988487,Esmeraldas,phd,2
7383,64,Masculino,74855.10542,1.602331097,Esmeraldas,mre,4
7384,18,Femenino,83074.15056,1.698964902,Quito,,3
7385,18,Masculino,77703.0406,1.681215751,Quito,,0
7386,74,Masculino,60152.99314,1.610703873,,Secundaria,1
7387,59,Masculino,69291.36855,1.694909683,,phd,1
7388,71,Masculino,64977.50981,1.556685286,Esmeraldas,Master,4
7389,59,,46393.76732,1.744417832,Manta,Ph.D,0
7390,38,Femenino,40433.91208,1.776396931,Esmeraldas,bachillers,4
7391,32,Femenino,,,Guayaquil,Secundaria,0
7392,34,Femenino,61447.09498,1.809391477,Esmeraldas,bachillers,3
7393,39,Femenino,54953.79849,1.548264573,Santo Domingo,master,1
7394,55,Masculino,58614.46695,1.703978384,Quito,bachiller ,2
7395,52,M,86541.95743,1.604721744,Esmeraldas,,4
7396,62,Masculino,,1.584817667,Guayaquil,Secundaria,3
7397,33,Masculino,69598.4449,1.558539125,Guayaquil,bachiller ,1
7398,25,Femenino,72637.81712,1.947844318,Santo Domingo,master,3
7399,79,,74515.86145,1.791131544,Guayaquil,master,2
7400,64,Masculino,39324.69035,2.686946019,Santo Domingo,Secundaria,0
7401,34,Femenino,55602.10867,1.735276147,Manta,mre,0
7402,34,Masculino,,1.617212179,Esmeraldas,mre,3
7403,71,Masculino,64379.78764,1.767186611,Guayaquil,master,3
7404,43,Femenino,43058.89118,,Quito,Master,4
7405,30,Femenino,65677.16299,1.752466961,Esmeraldas,sin  educacion,3
7406,34,Femenino,46728.50676,1.688744317,Santo Domingo,Master,0
7407,137,Femenino,55536.30001,1.727159264,Esmeraldas,,3
7408,34,Femenino,80175.79566,1.811541684,Esmeraldas,PhD,1
7409,65,,72632.30651,1.69839466,Guayaquil,master,1
7410,31,Femenino,61857.4062,1.688325435,,Secundaria,0
7411,62,Masculino,39116.11069,1.632238364,Manta,PhD,3
7412,23,Femenino,64985.70557,1.735472023,Quito,mre,3
7413,52,masculino ,65993.89995,1.573089322,Santo Domingo,Master,3
7414,63,Masculino,28508.78255,1.66152831,Quito,Secundaria,1
7415,31,F,65262.73464,1.687152066,Esmeraldas ,mre,0
7416,,Masculino,43859.00672,1.594001239,Santo Domingo,phd,-3
7417,25,masculino ,37806.37159,1.697744779,,phd,14
7418,78,Masculino,43170.27867,1.795346151,Manta,Secundaria,0
7419,32,Masculino,27577.8169,1.845051922,Esmeraldas,mre,0
7420,,Masculino,53886.20108,1.676331962,Manta,Secundaria,4
7421,78,Femenino,,1.654498121,Esmeraldas,master,2
7422,44,Masculino,77108.76188,1.673911207,Esmeraldas,phd,4
7423,30,Masculino,54614.07888,1.762572089,Quito,Master,4
7424,66,Masculino,49202.59122,2.98252165,Esmeraldas,master,0
7425,48,Femenino,36105.02489,1.637470052,Santo Domingo,Ph.D,2
7426,70,Masculino,53581.07566,1.727103297,Manta,PhD,2
7427,73,F,80301.73429,1.751880051,Esmeraldas,Ph.D,3
7428,52,Masculino,83209.78533,1.720087526,Quito,mre,4
7429,-10,Masculino,54528.89388,1.712393921,Quito,Secundaria,4
7430,23,Masculino,58957.37461,1.651555708,Quito,phd,2
7431,22,Femenino,70543.54029,1.702034407,Guayaquil,mre,2
7432,39,Masculino,44616.88561,1.46166925,Manta,Secundaria,
7433,75,Masculino,65535.92073,1.854977947,Quito,bachiller ,0
7434,66,Masculino,95500.93956,1.716112001,Santo Domingo,,0
7435,40,Masculino,71476.70801,1.910397281,Quito,Master,0
7436,42,Femenino,70998.263,1.828862848,Guayaquil,master,4
7437,51,Masculino,80157.1967,1.618490133,Manta,phd,46
7438,43,Masculino,,1.663589995,Esmeraldas,mre,0
7439,64,Masculino,56207.71027,1.589778129,Manta,Secundaria,3
7440,22,Masculino,42303.03586,1.63304235,Esmeraldas,Master,2
7441,43,Femenino,57997.5888,1.543615944,Esmeraldas,Secundaria,2
7442,37,Masculino,45454.77951,1.60763837,Quito,Secundaria,2
7443,23,Masculino,55771.82207,1.596489831,Santo Domingo,PhD,0
7444,153, femenino,46931.28789,1.788152952,Santo Domingo,Secundaria,1
7445,76,Masculino,54151.93301,1.537944215,Quito,master,3
7446,67,Masculino,37720.11102,1.922587399,Guayaquil,Secundaria,-5
7447,35,Masculino,49600.29351,1.667824043,Esmeraldas,bachillers,1
7448,21,M,66082.69679,1.834712118,Santo Domingo,Secundaria,3
7449,34,Masculino,69869.06861,1.603582373,Manta,mre,0
7450,74,Femenino,,1.7778151,Guayaquil,phd,2
7451,31,Femenino,54360.26518,1.553155518,Quito,sin  educacion,1
7452,31,Femenino,61872.33878,1.552595144,Guayaquil,Master,2
7453,30,Femenino,89159.50236,1.809449335,Sto. Domingo,Master,3
7454,24,Femenino,49188.77876,1.687807465,Quito,bachillers,4
7455,61,Femenino,84073.81189,1.680177832,,Ph.D,3
7456,72,Femenino,38342.10801,1.59967188,Esmeraldas,bachiller,3
7457,32,Masculino,34367.43791,1.612876649,,Secundaria,1
7458,36,Masculino,57790.77712,1.540398847,Esmeraldas,,
7459,60,Femenino,59438.27452,1.647669358,Manta,bachiller,1
7460,64,Femenino,43040.5295,1.725622498,,Ph.D,0
7461,61,Femenino,55063.30317,1.70792311,Guayaquil,Secundaria,2
7462,52,Femenino,66039.27597,1.708976223,Manta,Ph.D,0
7463,34,Femenino,-44222.66273,1.49469714,Santo Domingo,,0
7464,52,Femenino,,1.719672423,Manta,Secundaria,1
7465,36,Masculino,76877.42811,1.668116578,Guayaquil,bachillers,3
7466,37,Masculino,78675.7753,1.621400919,Quito,Secundaria,4
7467,53,Femenino,46381.50066,1.576487603,Manta,master,3
7468,52,Femenino,48331.99961,1.766394673,Santo Domingo,PhD,3.483543168
7469,49,Femenino,57406.90387,1.487390422,Manta,bachiller ,2
7470,75,Masculino,55916.36224,1.576661441,Esmeraldas,mre,1
7471,65,Femenino,55114.64126,1.714713187,Quito,bachillers,2
7472,61,Masculino,71336.3707,1.648590207,Guayaquil,,4
7473,57,Masculino,-22388.2082,1.737819622,Quito,Ph.D,
7474,41,M,46881.52503,1.709636804,Esmeraldas,bachiller ,3
7475,78,Femenino,,1.632077689,Quito,phd,0
7476,78,Femenino,41413.90541,1.530720214,Esmeraldas,,3
7477,34,Masculino,46814.12862,1.775314866,Manta,Secundaria,3
7478,24,Masculino,72688.3446,1.682709648,Guayaquil,Master,1
7479,60,Masculino,62149.93458,1.568466127,Esmeraldas,Secundaria,3
7480,67,Masculino,73887.73756,1.490066748,Esmeraldas ,,4
7481,18,Femenino,34499.70772,1.73325344,Manta,phd,3
7482,52,Masculino,64100.86656,1.636466187,Esmeraldas,sin  educacion,-5
7483,49,Femenino,63908.86718,1.585437448,Guayaquil,phd,1
7484,53, femenino,78004.77462,1.817807113,Santo Domingo,Secundaria,4
7485,30,Femenino,53863.61337,1.512503535,Quito,Master,1
7486,23,Masculino,52802.61844,1.675021238,Esmeraldas,Ph.D,0
7487,75,Femenino,82597.49367,1.772471345,Quito,,2
7488,31,Femenino,57434.80108,1.748860885,Quito,Ph.D,4
7489,54,Femenino,62659.06072,1.569653844,Santo Domingo,PhD,0
7490,65,Masculino,67144.48069,1.831733225,Esmeraldas,bachillers,2
7491,32,Femenino,34983.64344,1.841987613,Guayaquil,bachiller,0
7492,64,Masculino,60616.53204,1.802441779,Esmeraldas,bachiller,2
7493,79,Femenino,41322.93483,1.613333068,Quito,Ph.D,2
7494,21,Femenino,58685.55957,1.67746871,Guayaquil,bachiller ,1
7495,57,Masculino,55581.54366,1.825806735,Santo Domingo,PhD,3
7496,76,Femenino,52404.46681,1.744411512,Guayaquil,,3
7497,33,Femenino,69400.09025,1.636179741,Esmeraldas ,,0
7498,45,Masculino,61460.95233,1.678725682,Quito,Master,2
7499,33,Femenino,44086.463,1.547523512,Guayaquil,Master,-2
7500,79,Femenino,43577.34382,1.814920538,Quito,mre,0
7501,21,Femenino,72602.25987,1.689807446,Guayaquil,PhD,0
7502,62,Femenino,59433.32178,1.874299309,,master,4
7503,43,Masculino,38638.48725,1.517402655,Quito,Master,1
7504,45,Femenino,1872267.887,1.602849435,Santo Domingo,phd,1
7505,49,Femenino,57638.26606,1.694719277,Guayaquil,Ph.D,2
7506,62,M,41491.17167,1.926135115,Esmeraldas,bachiller,3
7507,19,Femenino,50446.16643,1.707767773,Manta,,2
7508,48,Femenino,1219780.896,1.624020095,Quito,bachiller,35
7509,20,Femenino,97344.42391,1.701777552,Guayaquil,PhD,
7510,71,Femenino,64539.9339,1.632417666,Sto. Domingo,Secundaria,3
7511,25,Femenino,,1.794631729,Esmeraldas,mre,3
7512,41,Masculino,56735.12377,1.786134444,Quito,Secundaria,3
7513,32,Masculino,61830.44877,1.86102504,Esmeraldas,phd,4
7514,,Masculino,71795.15476,1.535784712,Manta,Secundaria,4
7515,-18,Masculino,72149.88209,1.519493403,Santo Domingo,bachiller,3
7516,26,Femenino,80463.79186,1.676708201,Quito,Ph.D,0
7517,56,Femenino,59976.73805,1.781581835,Quito,PhD,-3
7518,62,,60265.17753,1.802463513,Guayaquil,Secundaria,1
7519,19,Masculino,31680.94588,1.724006961,Esmeraldas,master,3
7520,25,Masculino,44808.31269,1.781404148,Quito,PhD,0
7521,24,Femenino,39566.22328,1.851498601,Esmeraldas,mre,1
7522,73,Femenino,47390.37674,1.62122361,Manta,Secundaria,0
7523,61,,42721.92177,1.846710265,Guayaquil,,1
7524,68,Masculino,43737.11237,1.849757387,Manta,Secundaria,
7525,56,Masculino,76339.17351,1.644803805,Guayaquil,,
7526,59,Masculino,31146.10714,1.60508489,Guayaquil,PhD,3
7527,78,Masculino,57024.72868,1.775784276,Esmeraldas,Secundaria,3
7528,74,Femenino,72962.35888,1.899066114,Guayaquil,Secundaria,4
7529,33,Masculino,55477.60667,1.615553825,Esmeraldas ,bachillers,2
7530,52,Femenino,79906.62642,1.892032326,Manta,Ph.D,2
7531,47,Masculino,51006.42946,1.60395246,,master,0
7532,27,M,86261.14861,1.678004176,Esmeraldas,PhD,1
7533,55,Femenino,36470.74365,1.587054286,Esmeraldas,Secundaria,4
7534,35,Masculino,79934.6338,1.743075018,Santo Domingo,master,2
7535,67,Femenino,46586.42567,1.713565529,,bachillers,2
7536,22,Femenino,81673.47636,1.704967108,Santo Domingo,bachillers,3
7537,70,Masculino,52978.93832,1.637231672,Santo Domingo,Secundaria,3
7538,46,Masculino,76568.86648,1.657273556,Guayaquil,master,1
7539,-10,Femenino,79107.0121,1.693352244,Guayaquil,PhD,0
7540,77,Femenino,51330.71163,1.673895409,Santo Domingo,Secundaria,1
7541,51,Masculino,75328.45203,1.695731252,Quito,mre,0
7542,60,Femenino,59580.50912,1.550348013,Santo Domingo,Master,4
7543,79, femenino,38060.96659,1.484913179,Esmeraldas,mre,2
7544,62,Femenino,,1.734697206,Sto. Domingo,Master,1
7545,40,Masculino,44751.43294,1.737959473,Santo Domingo,bachiller,0
7546,22,Femenino,50204.77953,1.72343417,Guayaquil,mre,4
7547,47,Femenino,46608.23544,1.752775969,Sto. Domingo,master,1
7548,23,Masculino,65673.25922,1.654728668,Guayaquil,Secundaria,2
7549,73,Femenino,45216.31888,1.66483015,Esmeraldas,bachiller,-2
7550,,Femenino,41604.68422,1.652188829,Guayaquil,bachiller ,3
7551,78,Femenino,44349.42408,1.518987921,Guayaquil,bachillers,2
7552,,Femenino,49353.30964,1.757476303,,PhD,3
7553,61,Femenino,67450.0319,1.778534168,Quito,phd,4
7554,21,Femenino,73636.08364,1.793185482,Guayaquil,bachiller ,4
7555,46,Femenino,73421.21325,1.668921442,Guayaquil,Secundaria,16
7556,40,M,59478.66189,1.628247083,Santo Domingo,Master,0
7557,23,Femenino,59091.63311,1.652949179,Esmeraldas,mre,4
7558,49,Femenino,57244.13316,1.648449841,Santo Domingo,,1
7559,59,Masculino,66662.28031,1.499653456,Quito,bachiller,1
7560,35,Femenino,76793.90334,1.729714219,Santo Domingo,phd,4
7561,32,,57733.53292,1.78436625,Santo Domingo,bachillers,3
7562,57,Masculino,67989.53615,1.721661739,,PhD,
7563,75,Femenino,41393.54313,1.702254831,Guayaquil,bachiller,2
7564,49,Femenino,72790.12265,1.637274595,Esmeraldas,master,1.108583338
7565,26,Masculino,,1.776202603,Manta,bachiller ,0
7566,-20,Masculino,44511.26343,1.691232853,Manta,,0
7567,27,Femenino,76039.26825,1.578126588,Santo Domingo,bachillers,1
7568,37,Femenino,41381.72964,1.83231741,Esmeraldas,phd,4
7569,23, femenino,25876.27066,1.76466742,Esmeraldas,bachiller ,1
7570,65,Femenino,72701.75022,1.865491423,Quito,Secundaria,4
7571,73,Masculino,65780.53367,1.816281044,Guayaquil,Master,1
7572,76,Masculino,41834.72472,1.637699119,Sto. Domingo,,-5
7573,20,Masculino,65330.29322,1.671491017,Manta,,4
7574,59,masculino ,77548.17377,2.762353686,Esmeraldas,bachiller ,3.411920001
7575,28,Masculino,63917.6632,1.582472711,Manta,,2
7576,60,Masculino,96578.2571,1.865589308,Guayaquil,Secundaria,0
7577,34,Masculino,-27184.91401,1.732747218,Guayaquil,PhD,3
7578,49,Femenino,26465.13578,1.78279583,Guayaquil,Ph.D,0
7579,21,Femenino,38835.48516,1.732298483,Manta,phd,3
7580,21,Femenino,,1.705338835,Esmeraldas,Secundaria,4
7581,34,masculino ,92083.46786,1.670964602,Quito,mre,1
7582,58,Femenino,59925.89193,1.68534962,Esmeraldas,mre,1
7583,36,Femenino,89086.53081,1.432925964,Esmeraldas,phd,3
7584,22,Masculino,54681.69751,1.756275981,Santo Domingo,Ph.D,1
7585,163,Masculino,46423.67462,1.917873328,,,
7586,157,Femenino,34048.87683,1.61708095,Quito,bachiller,1
7587,73,Femenino,-25430.40155,1.553188111,Santo Domingo,Secundaria,0
7588,23,Masculino,72663.12973,1.856876726,,bachiller ,1
7589,52,Femenino,56630.81651,1.737759023,Santo Domingo,Ph.D,2
7590,39,Masculino,36037.38638,1.790466239,Esmeraldas,PhD,3
7591,18,Masculino,69796.86923,1.750330013,,phd,0
7592,37,Femenino,-40037.66531,1.607266207,Guayaquil,sin  educacion,0
7593,39,Femenino,52052.17934,1.7908856,Esmeraldas,phd,4
7594,65,Femenino,50174.17935,1.650701214,Santo Domingo,bachiller ,4
7595,72,Femenino,34359.81422,1.617402604,,Secundaria,1
7596,28,Masculino,69421.01995,1.763843275,Guayaquil,bachillers,0
7597,30,Femenino,53065.06474,1.717277475,Santo Domingo,mre,0
7598,76,Femenino,19818.29799,1.7413135,Quito,bachillers,1
7599,59,Femenino,37723.69419,1.737746475,Santo Domingo,bachiller ,3
7600,20,Masculino,68433.27578,1.783029869,Esmeraldas,mre,0
7601,26,Femenino,54871.29442,1.82967129,Guayaquil,bachillers,4
7602,77,Femenino,42968.13164,1.721153813,Guayaquil,mre,1
7603,,Masculino,60806.89317,1.844459847,Guayaquil,bachillers,0
7604,40,Masculino,47399.28909,1.813169095,Esmeraldas,mre,4
7605,31,Masculino,50358.38778,1.773977673,Quito,,2
7606,50,Masculino,55957.05869,1.642524318,Quito,Secundaria,0
7607,35,M,85282.37658,1.797970422,Guayaquil,Master,1
7608,66,Femenino,85211.43004,1.742757497,Quito,Ph.D,
7609,76,Masculino,30432.30638,1.565767697,Guayaquil,master,0
7610,58,Masculino,59030.86282,1.581574117,Quito,bachiller,4
7611,26,Masculino,38216.90123,1.578502771,,Ph.D,1
7612,,Masculino,44051.42297,1.580684025,Quito,PhD,0
7613,27,Masculino,32116.66292,1.590435841,Santo Domingo,Ph.D,1
7614,36,Masculino,46984.00902,1.783652226,Guayaquil,Master,3
7615,78,Masculino,42101.82968,1.708216082,Guayaquil,mre,
7616,64,Masculino,75383.10866,1.788282102,,phd,
7617,22,Femenino,-7884.255552,1.588000544,Guayaquil,mre,4
7618,64,Femenino,,1.545815211,Quito,Secundaria,0
7619,69,Femenino,59957.63995,1.613682366,Santo Domingo,bachiller,4.79535041
7620,40,masculino ,57346.08189,1.769291833,Santo Domingo,bachiller,4
7621,47,Masculino,56046.76194,1.774811392,Quito,bachillers,4
7622,42,Masculino,69149.98005,1.677290346,Esmeraldas,sin  educacion,
7623,45,Femenino,78478.4076,1.732242949,Guayaquil,bachillers,0
7624,51,Masculino,55827.5388,1.649340399,Santo Domingo,,2
7625,62,Masculino,63985.25022,1.627436153,Quito,bachillers,3
7626,73,Masculino,,1.73976536,Santo Domingo,Secundaria,
7627,65,Femenino,67597.38351,1.766288868,Guayaquil,mre,2
7628,64,Femenino,37954.60386,1.879050672,Quito,Master,2
7629,42,Masculino,69260.1663,1.600157924,Manta,bachiller,4
7630,27,,64245.31722,1.587671581,Santo Domingo,,2
7631,31,masculino ,45607.25023,1.65046701,Santo Domingo,,2
7632,59,Masculino,93125.2168,1.761319784,Esmeraldas,Ph.D,0
7633,74,F,39608.51704,1.900777002,Manta,Secundaria,4.418853035
7634,63,Femenino,64946.60127,1.714165278,Esmeraldas,Master,4
7635,75,Femenino,,1.613789036,Quito,master,0
7636,47,Femenino,68670.03938,1.586093132,Guayaquil,Secundaria,3
7637,72,Masculino,89994.60708,1.641754693,Quito,Secundaria,4
7638,58,Masculino,71633.31326,1.722938052,,mre,3
7639,42,Femenino,58259.3093,1.771258866,,Secundaria,0
7640,31,Femenino,73929.08277,1.721857886,Manta,Secundaria,0
7641,52,Masculino,51143.26701,1.628015522,Esmeraldas,phd,4
7642,,Masculino,67334.66614,1.569206401,Santo Domingo,bachiller,
7643,65,Masculino,61316.25304,1.765581938,,phd,1
7644,,F,41751.26297,1.644931685,Quito,mre,1
7645,27,M,,1.653211733,Sto. Domingo,phd,0
7646,,Femenino,78657.33325,1.598598977,Quito,mre,
7647,28,Femenino,47157.85041,1.54458664,,Secundaria,4
7648,28,Masculino,75385.01823,1.864493136,Guayaquil,bachillers,2
7649,38,Masculino,42337.82126,1.634138514,Guayaquil,master,0
7650,38,Femenino,66943.86389,1.503562906,Santo Domingo,bachiller,3
7651,39,M,60712.76948,,Esmeraldas,bachiller,0
7652,62,Femenino,85175.92221,1.685173753,Quito,PhD,1
7653,24,Masculino,64978.5075,1.512723316,Quito,master,0
7654,72,,36822.59707,1.814081441,Esmeraldas,phd,3
7655,34,Masculino,75289.01217,1.766231959,Quito,Secundaria,1
7656,79,Femenino,53391.28742,1.784251069,Esmeraldas,Secundaria,0
7657,19,,52684.00138,1.726780643,Santo Domingo,mre,1
7658,29,Femenino,60437.97225,1.569652172,Santo Domingo,mre,4
7659,74,Masculino,51379.72789,1.693776316,Esmeraldas,Secundaria,3
7660,59,Masculino,86922.2329,1.651918614,,master,3
7661,35,Masculino,72077.81443,1.63498794,Guayaquil,phd,4
7662,71,M,,1.863638796,Guayaquil,Ph.D,
7663,76,Masculino,49086.72133,1.600872815,Guayaquil,Master,3
7664,28,Masculino,40355.73612,1.653685173,,PhD,0
7665,33,Femenino,74515.90029,1.703774253,Quito,Master,2
7666,66,Masculino,58996.62783,1.739386586,Esmeraldas,phd,0
7667,68,Femenino,45350.44466,1.869229065,Esmeraldas,PhD,4
7668,35,Masculino,83577.31959,1.683648516,Guayaquil,bachillers,4
7669,52, femenino,67573.18083,1.729091531,Quito,PhD,-2
7670,70,Femenino,,1.579570808,Guayaquil,Master,0
7671,,Masculino,62075.38024,1.7575512,Santo Domingo,phd,0
7672,43,Femenino,,1.893545742,Guayaquil,Ph.D,0
7673,33,masculino ,68390.31833,1.65726015,Guayaquil,Secundaria,1
7674,23,Masculino,53716.87938,1.780302758,Esmeraldas,mre,1
7675,74,Masculino,,1.55895958,Quito,Ph.D,0
7676,61,Masculino,69588.48699,1.665498285,Santo Domingo,bachillers,3.451248905
7677,60,,59083.86278,1.670505233,Guayaquil,Secundaria,0
7678,64,Masculino,58022.75218,1.735208051,Guayaquil,bachillers,4
7679,64,Femenino,84883.96008,,Esmeraldas,bachiller,0
7680,65,Femenino,,1.812923263,Manta,Secundaria,1
7681,59,Femenino,51399.0137,1.648633017,Quito,bachiller ,2
7682,29,Masculino,77047.99545,1.773084903,Quito,master,4
7683,77,Femenino,82277.62974,1.716143214,Quito,Master,3
7684,30,Masculino,,1.592125559,Guayaquil,bachiller,2
7685,21,Femenino,49510.21433,1.477156254,Guayaquil,Master,2
7686,56,Masculino,49814.18168,1.714665966,Guayaquil,PhD,3
7687,71,Masculino,38483.59121,1.631541593,Manta,phd,
7688,19,Masculino,90026.24834,1.727531919,Guayaquil,PhD,3
7689,43,Masculino,57779.12409,1.573945785,Quito,,4
7690,76,Femenino,66973.12639,1.753353252,Quito,bachiller,4
7691,44,Femenino,67125.39922,1.856847646,Esmeraldas,mre,4
7692,44,Masculino,,1.676060986,Manta,mre,2
7693,,masculino ,53711.1657,1.500393311,Santo Domingo,mre,4
7694,25,Masculino,54768.63281,1.694429172,Guayaquil,bachiller ,3
7695,24,Masculino,72463.7632,1.628748403,Santo Domingo,master,2
7696,64,Femenino,33076.3067,1.605256285,Sto. Domingo,PhD,4
7697,72,Masculino,82354.67917,1.679040255,,phd,-2
7698,63,,86072.00128,1.79966375,Manta,Secundaria,1
7699,,Masculino,63686.7628,1.642310801,Quito,Secundaria,4
7700,77,Masculino,45933.84405,1.769742547,Manta,Secundaria,1
7701,29,Masculino,72796.84315,1.678440226,Santo Domingo,phd,0
7702,131,Femenino,,1.690946394,Santo Domingo,bachillers,2
7703,79,Femenino,62133.19294,1.809181869,Manta,master,0
7704,60,Femenino,63277.13479,1.672034751,Santo Domingo,Master,2
7705,34,Masculino,50124.97057,1.776610297,Guayaquil,bachiller,3
7706,78,Masculino,1066956.045,1.67726362,Esmeraldas,Secundaria,1
7707,34,Masculino,38050.84782,1.755961195,Quito,,1
7708,73,Masculino,27063.8181,1.673448452,Esmeraldas,PhD,1
7709,53,Masculino,65465.73046,1.717117032,Santo Domingo,bachillers,4
7710,38,Masculino,75654.51924,1.725719268,Quito,phd,2
7711,25,,52296.94871,1.767570608,Esmeraldas,phd,4
7712,22,Masculino,51454.47919,1.747981373,Esmeraldas,Secundaria,1
7713,43,,-36471.26387,1.615569838,Santo Domingo,,3
7714,33,Masculino,59689.41417,1.8820149,Quito,Secundaria,1
7715,53,Femenino,51508.58296,1.702617349,Quito,Ph.D,4
7716,45,Masculino,64579.2721,1.79154565,Esmeraldas,Secundaria,1
7717,71,Femenino,60095.48834,1.461004544,Quito,master,-4
7718,46,Femenino,41260.60184,1.780339297,Quito,Secundaria,0
7719,64,Masculino,58367.62033,1.776530912,Guayaquil,Ph.D,4
7720,29,Masculino,62744.05122,1.723395944,Santo Domingo,mre,0
7721,-19,Femenino,51993.24987,1.47434241,Santo Domingo,Secundaria,2
7722,47,Masculino,73886.28846,1.62778127,Guayaquil,bachiller,2
7723,,Masculino,67249.93772,1.597625714,Esmeraldas,,4
7724,33,Masculino,55843.89343,1.816285797,Manta,sin  educacion,0
7725,31,Femenino,62004.74707,1.579662384,Esmeraldas,bachiller,2
7726,,Masculino,54353.23986,1.755415762,Guayaquil,Master,0
7727,24,Femenino,56635.46441,1.671037672,Quito,bachillers,1
7728,62,,57187.33429,1.808295119,Guayaquil,Secundaria,0
7729,69,masculino ,33447.96691,,Santo Domingo,bachiller ,0
7730,77,Femenino,60411.01612,1.635449845,Quito,bachillers,4
7731,78,Masculino,64775.1182,1.622555806,,PhD,1
7732,54,,96922.40236,1.655830582,,bachiller,2
7733,46,Femenino,66598.24643,1.390800445,,Master,2
7734,20,Femenino,50206.25879,1.877052299,Guayaquil,bachiller ,0
7735,32,Femenino,35387.80891,1.831389253,Esmeraldas,,3
7736,53,masculino ,44155.44871,1.706802197,,mre,3
7737,64,masculino ,52510.63637,1.793961835,Manta,Secundaria,2
7738,63,Masculino,52778.11187,1.696374656,Guayaquil,,0
7739,69,Femenino,56438.59498,1.74363144,Esmeraldas,bachiller,0
7740,36,M,53965.38634,1.798690374,Esmeraldas,,1
7741,30,Masculino,56536.49888,1.676154959,,sin  educacion,4
7742,,Femenino,53665.35712,1.777396237,Guayaquil,Master,3
7743,38,Femenino,60276.23607,1.520329247,Quito,,0
7744,54,Femenino,46449.00308,1.721457305,Guayaquil,Secundaria,2
7745,44,Femenino,41118.44768,1.698559627,Santo Domingo,bachiller ,3
7746,72,Femenino,56429.07767,1.665984168,Guayaquil,bachiller,4
7747,69,Masculino,66509.42464,1.679329583,Quito,bachiller ,0
7748,46,Masculino,43214.42347,1.675807065,,bachiller ,3
7749,37,Masculino,51381.01046,1.810799835,Guayaquil,bachillers,0
7750,42,Femenino,57807.82132,1.694177069,Esmeraldas ,sin  educacion,4
7751,23,Femenino,-38777.26176,1.982130297,,PhD,1
7752,53,Masculino,71292.70774,1.606048362,Manta,bachiller ,3
7753,19,Femenino,74097.43303,1.755470354,,phd,4
7754,39,,63330.29842,1.789485633,,PhD,1
7755,49,Femenino,78141.27452,1.661041827,,PhD,1
7756,33,Masculino,54464.66578,1.578648256,Santo Domingo,bachiller,4
7757,35,M,72602.97454,1.654847235,Santo Domingo,master,2
7758,22,Masculino,50804.80769,1.567894414,Esmeraldas,Secundaria,4
7759,71,Femenino,64440.20138,1.617646843,Quito,mre,0
7760,53,Femenino,69661.84311,1.738714928,Santo Domingo,,2
7761,47,Masculino,60842.18916,,Guayaquil,bachiller ,1
7762,62,Femenino,1166734.44,1.87355664,Santo Domingo,mre,3
7763,,Femenino,,1.639197736,Manta,mre,1
7764,40,Femenino,68353.65991,1.794566306,Quito,bachillers,-5
7765,51,Masculino,55904.65056,1.663637951,,bachiller ,3
7766,30,Femenino,56956.35387,1.612994936,Sto. Domingo,Secundaria,
7767,60,Femenino,82501.63422,1.691729117,Manta,Secundaria,4
7768,79,Femenino,45806.5686,1.481184423,Santo Domingo,Ph.D,1
7769,71,Femenino,71105.28821,1.531929601,Quito,Secundaria,4
7770,46,Femenino,48934.31803,1.791306777,Quito,bachiller,-3
7771,,Masculino,57340.39276,1.836392915,Guayaquil,master,
7772,39,Masculino,43711.47781,1.450998731,Esmeraldas,bachiller,4
7773,,Femenino,48829.62528,1.84573486,Manta,,3
7774,,Femenino,66198.65313,1.815861844,Esmeraldas ,,2
7775,64,Masculino,79409.93219,1.665136792,Guayaquil,Secundaria,4
7776,53, femenino,66352.54959,1.745499062,Guayaquil,master,4
7777,26,,64587.54874,1.881728756,Manta,bachillers,1
7778,56,Femenino,98236.05309,1.822596984,Quito,Secundaria,1.603122301
7779,68,Femenino,68408.48267,1.749408447,Quito,bachiller ,3
7780,36,Femenino,45995.68459,1.636626481,Manta,bachillers,2
7781,55,Femenino,34750.81011,1.658986506,Esmeraldas,Secundaria,2
7782,23,Femenino,65687.24618,1.76993079,Manta,master,2
7783,69,Femenino,38902.1854,1.754181775,Quito,phd,4
7784,64,Masculino,44978.1514,1.816191092,Esmeraldas,Secundaria,1
7785,144,Masculino,,1.555518259,Santo Domingo,bachiller ,0
7786,74,Femenino,75598.83731,3.486653061,Esmeraldas,,1
7787,37,Femenino,55714.57597,1.771928576,Quito,Secundaria,3
7788,26,Femenino,-8569.077063,1.675780121,Guayaquil,bachillers,2
7789,49,Femenino,57803.24342,1.938200695,Esmeraldas,Ph.D,0
7790,21,Masculino,55918.67768,1.613535815,Esmeraldas,Secundaria,3
7791,154,Masculino,,1.694379953,Guayaquil,bachiller ,2
7792,35,Masculino,-41220.94228,1.773094368,,Ph.D,-3
7793,22,Masculino,47442.7608,1.786349929,Santo Domingo,bachillers,1
7794,37,Femenino,75353.36795,1.675463145,Santo Domingo,Secundaria,3
7795,40,Femenino,71418.7575,1.675281201,Esmeraldas ,mre,-5
7796,79,Femenino,77461.30834,1.769871595,Sto. Domingo,phd,
7797,28,Masculino,32242.59222,1.746429157,Santo Domingo,Secundaria,0
7798,54,M,46708.04126,1.709210152,Esmeraldas,Secundaria,1
7799,39,F,74863.63915,1.514008181,Manta,Secundaria,1.408405135
7800,75,Masculino,68884.9784,1.714772184,Santo Domingo,mre,3
7801,21,Masculino,66109.58423,1.861527091,Esmeraldas,bachiller ,4
7802,46,Masculino,54564.17777,1.758944484,Manta,Master,2
7803,61,Masculino,,1.62242538,Esmeraldas,,-3
7804,51,Masculino,60483.46449,1.554129467,,PhD,0
7805,30,Femenino,53272.31633,1.795877572,Quito,bachiller ,
7806,59,Femenino,67921.67283,1.654023196,Quito,Master,2
7807,26,Masculino,,3.024209673,Quito,Ph.D,2
7808,59,Femenino,-8815.303225,1.831233716,Santo Domingo,Secundaria,2
7809,,Femenino,69524.1101,1.685125025,Quito,,3
7810,,Femenino,78814.18864,1.732502911,Quito,phd,0
7811,21,masculino ,79815.51039,1.744986289,Manta,Secundaria,1
7812,36,Masculino,70101.31118,1.579981327,Manta,Master,
7813,59,Femenino,70306.19395,1.870650586,Manta,,1
7814,47,Femenino,42581.79281,1.749902015,Santo Domingo,phd,11
7815,48,Femenino,49929.96193,1.715303455,Quito,Secundaria,3
7816,52,Masculino,57474.82052,1.79864861,Santo Domingo,,
7817,74,Femenino,68888.61231,1.730502561,Santo Domingo,bachillers,3
7818,38,Masculino,50994.88019,1.591228823,Santo Domingo,phd,1
7819,78,Masculino,55395.56522,1.619446609,Santo Domingo,Secundaria,0
7820,48,Masculino,68394.19967,1.4854321,Santo Domingo,Ph.D,
7821,36,Masculino,-4137.939093,,Santo Domingo,Secundaria,
7822,48,Femenino,-24760.98862,,Quito,,-5
7823,70,Masculino,48329.46786,1.681250509,Manta,bachiller ,2
7824,49,Masculino,55192.98152,1.584433915,Esmeraldas,PhD,3
7825,19,Masculino,52956.90212,1.65049311,Esmeraldas,bachiller,-2
7826,76,Masculino,59985.96095,1.66311683,Esmeraldas,phd,1
7827,69,Masculino,53503.09347,1.786738169,Guayaquil,Master,1.987917178
7828,27,Femenino,51467.60184,1.84318217,Manta,phd,2
7829,19,F,61875.41368,1.426362699,Quito,,0
7830,137,Femenino,91450.94525,1.692117833,Santo Domingo,Secundaria,3
7831,77,Femenino,68753.52058,1.639589505,Esmeraldas,,1
7832,41,Masculino,33296.78512,1.673931694,Manta,PhD,4
7833,34,Femenino,65269.42916,1.784207997,Quito,master,1
7834,49,Femenino,52276.47507,1.650049145,Esmeraldas,PhD,3
7835,33,F,-35793.27746,1.768442598,Manta,phd,2
7836,33,Masculino,70557.79746,1.899136593,Quito,Master,-5
7837,63,Masculino,61157.72842,1.654976193,Manta,bachiller ,0
7838,56,Masculino,,1.678298296,Santo Domingo,bachillers,3
7839,70,Masculino,58285.88918,1.67605733,Manta,bachiller ,1
7840,48,Masculino,56606.61346,1.938699091,Manta,bachiller,3
7841,60,Masculino,77957.23033,1.649988888,Guayaquil,,0
7842,41,Masculino,60329.56826,1.846996823,,,1
7843,18,Femenino,44141.39767,1.69640954,Manta,mre,4
7844,28,Femenino,46788.56329,1.717026931,Santo Domingo,,1
7845,72,Masculino,55073.42964,3.842377085,,bachiller,1
7846,38,Femenino,69864.57418,1.66272902,Esmeraldas ,Secundaria,0
7847,21,Masculino,79081.91272,1.798252157,Quito,mre,3.725787598
7848,24,Masculino,72029.23825,1.672319241,Esmeraldas,sin  educacion,3
7849,43,Masculino,68520.48019,1.593146556,Guayaquil,bachiller,2
7850,64,Femenino,76453.13379,1.801669415,,sin  educacion,0
7851,67,Masculino,69317.58948,1.761031913,Manta,Secundaria,-4
7852,29,Masculino,46451.57578,1.641388818,Manta,master,0
7853,,Masculino,56688.62904,1.815275596,Guayaquil,,3
7854,34,Masculino,52271.31417,1.601562481,Manta,Secundaria,3
7855,50,Femenino,78934.14667,1.742288684,Santo Domingo,PhD,3
7856,28,Masculino,45680.91348,1.530729551,Esmeraldas,bachiller ,3
7857,45,Femenino,45972.33355,1.661072095,Manta,bachiller,1.707381515
7858,49,Femenino,62548.94349,1.615778642,Quito,bachillers,0
7859,18,Masculino,88935.31036,1.574072929,Guayaquil,PhD,0
7860,64,Masculino,71023.36093,1.702451188,Esmeraldas ,master,4
7861,45,Femenino,75625.14285,1.733205484,Quito,PhD,2
7862,70,Femenino,43397.98011,1.761479349,Quito,bachillers,1
7863,59,Femenino,70032.02268,1.700168038,Esmeraldas,Secundaria,2
7864,176,,43332.1635,1.743086229,Quito,master,1
7865,19,M,70964.03348,1.587688725,Guayaquil,phd,1
7866,59, femenino,36437.38469,1.611973861,Guayaquil,Secundaria,1
7867,41,Femenino,54913.18931,1.698218268,Manta,Secundaria,10
7868,21,Femenino,29203.23042,1.612389355,Santo Domingo,bachillers,2
7869,61,Femenino,46729.317,1.70055444,,bachiller ,2
7870,36,Masculino,38630.90119,1.634999181,Santo Domingo,,3
7871,43,Masculino,69767.74459,1.684147303,Esmeraldas,master,2
7872,28, femenino,61415.82825,1.533555369,Esmeraldas ,phd,3
7873,57,Femenino,52986.98274,1.528784953,Manta,sin  educacion,4
7874,67,Femenino,61756.83773,1.628297139,Quito,,3
7875,60,Masculino,47535.91281,1.56732373,Manta,phd,1
7876,28,Masculino,64827.91057,1.437562284,Manta,Ph.D,0
7877,62,Femenino,58834.14901,1.748257244,Guayaquil,,1
7878,20,Masculino,94213.41203,1.797133068,Santo Domingo,,4
7879,29,Femenino,84502.70784,1.787519564,Esmeraldas,Master,0
7880,20,Femenino,74108.39826,,Quito,PhD,4
7881,59,Femenino,64384.84441,1.683529474,Manta,Secundaria,1
7882,44,Femenino,66305.35966,1.70992777,Quito,Secundaria,0
7883,66, femenino,78613.33841,1.634537179,Guayaquil,PhD,4
7884,71,Femenino,64322.13547,1.515740594,Esmeraldas,master,3
7885,19,Masculino,65244.97906,1.818747422,Santo Domingo,,2
7886,66,,51352.81698,1.701434761,Santo Domingo,bachiller,1
7887,33,Masculino,49690.24285,1.69528871,Manta,Secundaria,3
7888,19,Femenino,58391.52493,1.668330813,Esmeraldas,Secundaria,4
7889,77,Masculino,20778.87011,1.759363714,Santo Domingo,Secundaria,4
7890,71,Femenino,59563.98211,1.688192735,Esmeraldas,PhD,0
7891,47,Femenino,56367.66083,1.651061568,Quito,bachiller,3
7892,37,Femenino,73185.44849,1.666436859,Guayaquil,,4
7893,55,Femenino,78369.52933,1.706490212,Esmeraldas,bachillers,0
7894,-20,Masculino,98571.46117,1.584732224,Esmeraldas,mre,
7895,42,F,68693.1017,1.84142279,Santo Domingo,Master,2
7896,49,Masculino,62280.4017,1.639291078,Manta,,0
7897,78,Femenino,51507.78683,1.620482395,Manta,mre,3
7898,27,Masculino,44265.88408,1.66220788,Quito,PhD,0
7899,77,Masculino,-45084.8489,1.790915902,Santo Domingo,master,0
7900,59,Masculino,59588.22304,1.673149261,Santo Domingo,PhD,
7901,57,F,66373.74398,1.816420879,Guayaquil,master,2
7902,50,Masculino,-47384.87396,1.66703307,Manta,bachiller ,4
7903,30,Femenino,60669.99874,1.557917266,Santo Domingo,master,2
7904,73,Masculino,63288.28331,1.616504317,Quito,sin  educacion,3
7905,58,Femenino,66331.24356,1.631389409,Guayaquil,PhD,1
7906,71,Masculino,74110.80335,1.764858094,Manta,master,3
7907,59,Masculino,41515.42225,1.654169723,Manta,Master,2
7908,64,Masculino,68791.21276,1.581947733,,bachiller ,-4
7909,-8,Femenino,40677.90153,1.555243,Guayaquil,Master,3
7910,71,Masculino,70521.33754,1.51684258,Sto. Domingo,,3
7911,33,Masculino,64803.42475,1.965362706,Quito,bachillers,3
7912,62,Femenino,58850.91979,1.625063432,Santo Domingo,phd,2
7913,39, femenino,59437.25681,1.744273294,Santo Domingo,Secundaria,0
7914,74,Femenino,62053.7283,1.57932688,Manta,Ph.D,1
7915,,Femenino,76364.75697,1.822764033,Esmeraldas,bachiller ,0
7916,67,Masculino,75036.78038,1.614255139,Santo Domingo,sin  educacion,2
7917,60,Masculino,73280.99064,1.887073737,Quito,master,0
7918,44, femenino,39803.96702,1.897194049,Manta,PhD,
7919,58,Masculino,68643.12937,1.588457929,Quito,master,4
7920,33,Femenino,24033.5398,1.823903927,Manta,,3
7921,51,Masculino,28039.52114,1.887740245,Guayaquil,Master,1
7922,49,Femenino,76859.05797,1.539732609,Santo Domingo,PhD,3
7923,43,Masculino,38296.05751,1.551286357,Guayaquil,Secundaria,4
7924,42,Femenino,57313.14477,1.490720831,Santo Domingo,master,2
7925,19,Femenino,81065.12187,1.606029542,Quito,,-4
7926,29,Masculino,68756.50988,1.599445022,Quito,Secundaria,3
7927,-20,Masculino,65550.00299,1.666600911,Esmeraldas,Secundaria,0
7928,26,Masculino,59183.68687,1.572332377,Quito,Secundaria,1
7929,29, femenino,1596367.486,1.769173367,Manta,Ph.D,0
7930,43,Masculino,50622.27774,1.703047359,Esmeraldas,mre,1
7931,26,Femenino,,1.742438915,Manta,bachiller ,1
7932,195,Masculino,61296.95206,1.802958823,Esmeraldas,bachiller ,3
7933,,Masculino,63486.0782,1.726308701,Manta,Master,4
7934,74,Femenino,57632.382,,Esmeraldas,bachillers,0
7935,51, femenino,26455.04251,1.617865862,Santo Domingo,mre,1
7936,65,Masculino,83473.11597,1.789751475,,Ph.D,1
7937,37,Femenino,74059.29832,1.727045219,Esmeraldas,Master,1
7938,56, femenino,56939.25666,1.721877699,Guayaquil,PhD,2
7939,77,Masculino,74526.42187,1.639476059,Esmeraldas,mre,
7940,19, femenino,54622.10621,1.730022382,Guayaquil,Secundaria,0
7941,18,Masculino,64763.09312,1.621837559,,Secundaria,1
7942,68,Masculino,31151.79453,1.731000891,Guayaquil,phd,0
7943,77,masculino ,63851.00588,1.673521081,Guayaquil,bachiller ,0
7944,53,Masculino,55779.92541,1.771555405,Esmeraldas,Secundaria,2
7945,41,Femenino,794527.1043,1.567151505,Santo Domingo,Master,1
7946,71,Masculino,85648.32547,1.704757087,Santo Domingo,,0
7947,44,Femenino,59728.69415,1.770281089,,bachiller,4
7948,19,M,53137.27646,1.707457028,,phd,1
7949,48,Femenino,53303.8925,1.557767508,Quito,bachillers,0
7950,74,Femenino,38757.88015,1.625546298,Santo Domingo,Ph.D,2
7951,31,Femenino,66063.699,1.826723154,Manta,,4
7952,19,Masculino,68016.45566,1.692922607,Guayaquil,,3
7953,46,Masculino,60981.25819,1.618071214,Quito,bachiller ,3
7954,32,Femenino,73798.60838,1.825423729,Esmeraldas,bachillers,4
7955,29,Masculino,73941.11091,1.854966882,Santo Domingo,master,3
7956,54,Femenino,61047.50713,1.58212433,,master,4
7957,45,Femenino,68782.4369,1.649702291,Guayaquil,PhD,0
7958,-11,Masculino,92590.21386,1.665562959,Santo Domingo,,3
7959,78,Masculino,47669.19157,1.753320753,Manta,bachiller,4.435014768
7960,56,Femenino,71597.46795,1.681963143,Quito,mre,4
7961,41,Femenino,61302.36549,1.712243014,Esmeraldas ,Ph.D,0
7962,38,Femenino,75686.19845,1.685396307,Esmeraldas,mre,0
7963,27,Femenino,48097.66884,1.919989137,Esmeraldas,bachiller ,1
7964,63,Femenino,63004.18113,1.757351498,Quito,,1
7965,31,Femenino,49805.99812,1.670639151,Quito,,0
7966,54,Masculino,33495.18929,1.672214801,Santo Domingo,bachiller ,4
7967,35,Femenino,81065.81499,1.747314249,,Master,2
7968,41,M,53483.0473,1.604484886,Esmeraldas,Ph.D,2.407829358
7969,31,Masculino,47362.75205,1.727013094,Esmeraldas,master,1
7970,51,Femenino,51346.56814,1.715927682,Quito,Secundaria,3
7971,75,Femenino,,1.613538094,Quito,,2
7972,29,Masculino,79657.91606,1.468542186,Santo Domingo,bachillers,3
7973,,Femenino,56727.0324,1.52630363,Guayaquil,master,3
7974,73,Masculino,72920.61275,1.677048295,Quito,sin  educacion,0
7975,-8,Femenino,43869.20681,1.790701897,Guayaquil,,2
7976,53,Masculino,67853.1443,1.655078676,Guayaquil,Master,2
7977,62,Masculino,,1.786600204,Guayaquil,phd,3
7978,53,Masculino,66541.47289,1.663332881,Quito,,3
7979,39,M,39393.34411,1.594888848,Esmeraldas,bachiller,0
7980,31,,51072.91197,1.572165005,Sto. Domingo,bachillers,4
7981,33,Masculino,62728.62898,1.607342461,Esmeraldas ,mre,2
7982,78,Masculino,62570.01534,1.714073709,Santo Domingo,Secundaria,2
7983,53,Femenino,38057.73663,1.695439656,Quito,phd,0
7984,,Femenino,45422.31584,1.675183077,Quito,Master,0
7985,42,Femenino,66351.24066,1.679344195,Santo Domingo,Secundaria,4
7986,49,Femenino,64590.28951,1.810504089,Santo Domingo,bachillers,3
7987,50,Femenino,69832.23411,1.887957537,Manta,PhD,
7988,62,Masculino,62853.02557,1.626217655,Manta,Ph.D,3
7989,53,Femenino,44202.10358,1.681188962,Manta,Master,2
7990,37,Masculino,54692.35979,1.577863799,Santo Domingo,master,0
7991,35,Femenino,67965.3359,1.69854575,Guayaquil,Ph.D,0
7992,55,Masculino,44974.8459,1.668509164,Quito,bachiller,
7993,20,Masculino,43109.563,1.721466636,Manta,bachiller ,4
7994,40,F,55455.38124,1.787830315,Guayaquil,PhD,2
7995,49,Masculino,-20352.15046,1.579031968,Quito,mre,0
7996,62,Masculino,32357.52218,1.678744723,Guayaquil,mre,4
7997,76,Masculino,56362.63835,1.672301584,Esmeraldas,bachiller ,3
7998,33,Masculino,-47212.57302,1.715878369,Esmeraldas,Secundaria,4
7999,76, femenino,70730.39757,,Quito,Secundaria,4
8000,22,Masculino,44943.45308,1.634950922,,Secundaria,1
8001,21,Femenino,65579.09766,1.760918836,Guayaquil,bachiller,3
8002,38,Masculino,74905.40273,,Santo Domingo,phd,1
8003,57,Femenino,69100.57758,1.615405087,Manta,Secundaria,2
8004,68,Femenino,,1.71472464,Quito,bachiller,-2
8005,31,Femenino,,1.713853735,Guayaquil,bachiller,4
8006,56,Masculino,63140.03109,1.570378242,Manta,Master,4
8007,48,Femenino,83678.45861,1.75791658,Quito,,4
8008,31,Femenino,72360.92719,1.812271183,Guayaquil,bachillers,
8009,23,Masculino,71318.73595,1.633199517,,master,2
8010,29,Femenino,62527.17925,1.671035925,Guayaquil,mre,1
8011,33,Masculino,,1.525303443,Esmeraldas,mre,4
8012,34,Masculino,64548.73091,1.805199165,Esmeraldas,bachiller ,2
8013,62,Femenino,33805.74111,1.786536185,Santo Domingo,Secundaria,3
8014,40,Masculino,73373.6852,1.604421615,,Master,1
8015,31,Masculino,,1.615761879,Manta,bachiller ,0
8016,147,Masculino,61008.49479,1.660224602,,,
8017,24,,71087.95152,1.829200012,Manta,phd,3
8018,63,,48762.37878,1.692783614,Santo Domingo,Ph.D,3.800234299
8019,49,Masculino,45218.14818,1.715177382,Manta,Secundaria,4
8020,32,Masculino,67157.54864,1.715191094,Esmeraldas ,Ph.D,3
8021,162,Femenino,43296.90658,1.837268562,Quito,bachiller,1
8022,34,Masculino,57108.05653,1.662688403,,PhD,2
8023,,masculino ,76925.6019,1.686432658,Esmeraldas ,mre,1
8024,,Masculino,84397.38439,1.817436737,Santo Domingo,phd,1
8025,64,Femenino,,1.816356327,Guayaquil,bachiller ,3
8026,61,Femenino,56719.37452,1.595571677,Manta,Secundaria,1
8027,51,Femenino,79050.73945,1.505381498,Quito,Secundaria,2
8028,22,Masculino,54028.2257,,Santo Domingo,Secundaria,3
8029,62,Masculino,71878.295,1.764670808,Manta,Secundaria,1
8030,44,M,73009.46047,1.731507738,Quito,,4
8031,69,Femenino,50835.31973,1.638793027,Quito,mre,1
8032,40,Masculino,,1.886393143,Manta,Master,3
8033,57,Masculino,67341.90125,1.593139477,Manta,phd,3
8034,76,Femenino,1736887.03,1.563621497,Santo Domingo,PhD,4
8035,31,Masculino,35622.75359,1.815448705,Guayaquil,Ph.D,3
8036,,Masculino,79392.50013,1.657970065,Quito,Secundaria,0
8037,60,Femenino,70302.88886,1.869856793,Sto. Domingo,Secundaria,3
8038,50,Femenino,43044.21571,1.67504428,Guayaquil,PhD,
8039,70,Masculino,58082.97201,1.661189142,,mre,2
8040,48,Femenino,72567.55442,1.74966334,Manta,,1
8041,-13,Masculino,43843.39579,1.785500078,,PhD,3
8042,34,Masculino,46131.71342,1.916055345,Guayaquil,bachiller,0
8043,45,Masculino,60279.12048,1.786200713,Santo Domingo,mre,1
8044,36,Masculino,53456.44345,1.807107798,Quito,bachillers,
8045,,Masculino,63762.99171,1.642105403,Santo Domingo,,
8046,71,Femenino,72344.36697,1.795888487,Manta,bachiller ,4
8047,79,Femenino,64083.63211,1.762559772,Manta,Ph.D,0
8048,40,Masculino,59845.51952,1.641858607,Santo Domingo,phd,
8049,49,Femenino,72413.14728,1.562442116,Guayaquil,Master,1
8050,57,F,58426.49618,1.609707101,Quito,phd,1
8051,30,Masculino,48813.9344,1.648341156,Manta,bachiller,1
8052,76,Femenino,77329.22684,1.68056072,,Secundaria,1
8053,37,Femenino,,1.774588728,Esmeraldas,bachiller,2
8054,52,Masculino,60960.44933,1.794690098,Quito,bachiller ,4
8055,22,Masculino,54548.63718,1.874881706,Quito,sin  educacion,4
8056,26,Masculino,46154.91454,1.74264501,Esmeraldas,phd,0
8057,46,Masculino,64478.71127,1.554689994,,Master,0
8058,23,Masculino,66895.68949,,Santo Domingo,Ph.D,2
8059,42,Masculino,47564.71717,,,bachiller ,4
8060,48,Masculino,39060.40107,1.80707127,Sto. Domingo,mre,0
8061,39,Femenino,40410.5508,1.762166018,Esmeraldas,master,3
8062,19,Masculino,87198.56175,1.624093992,Esmeraldas,,4
8063,,Femenino,88855.48703,1.588636442,Esmeraldas,bachiller ,1
8064,22,Femenino,60443.25662,1.636567841,Quito,Ph.D,4
8065,77,Masculino,39426.3993,1.576288512,Santo Domingo,Master,3
8066,44,Femenino,57819.73428,1.688036147,Guayaquil,Secundaria,1
8067,42,Femenino,26989.90661,1.744493192,Quito,sin  educacion,17
8068,25,Femenino,64720.17819,1.729590631,Quito,PhD,1
8069,72,F,-38904.5014,1.652486892,Santo Domingo,bachiller ,1
8070,18,Femenino,41847.00232,1.702817498,,Master,2
8071,37,masculino ,74664.4945,1.569361552,Santo Domingo,Secundaria,3
8072,61,Masculino,57686.3134,1.631422241,Manta,PhD,2
8073,40,Femenino,72985.19478,1.731104646,Santo Domingo,Master,4
8074,49,Femenino,78103.65735,1.924978241,Quito,Ph.D,1
8075,28,Femenino,58658.82557,1.834702637,Esmeraldas,mre,4
8076,56,Femenino,59922.62668,1.569145083,Quito,bachillers,4
8077,64,F,75874.09812,1.784437208,Quito,Secundaria,2
8078,,Masculino,51918.33339,1.717537875,Guayaquil,bachiller,4
8079,41,,77319.50487,1.720332312,Quito,mre,3
8080,28,Masculino,29651.34707,1.955220081,Quito,Secundaria,1
8081,46,Femenino,54677.86413,1.651464037,Quito,Master,0
8082,71,Masculino,62808.64534,1.752791255,Guayaquil,master,3
8083,43,Masculino,41924.98284,1.7768424,Manta,Secundaria,0
8084,33,,65543.08425,1.630511365,Guayaquil,Secundaria,0
8085,52,Femenino,62583.11958,1.49070662,Esmeraldas,Ph.D,2
8086,37,Femenino,49017.11235,1.567065163,Manta,Secundaria,0
8087,63,Femenino,48443.28436,1.72549554,Guayaquil,,1
8088,20,,46919.37756,1.789627173,,Secundaria,2
8089,18,Femenino,36502.07256,1.754111313,Esmeraldas,Secundaria,3
8090,75,Masculino,84151.30654,1.752901082,,phd,3
8091,70,Masculino,56844.18354,1.733434047,Santo Domingo,bachillers,3
8092,64,Masculino,39705.95892,1.617346463,Quito,bachiller ,4.822892409
8093,18,Femenino,,1.697227846,Manta,Secundaria,2
8094,34,Femenino,63598.30029,1.762807324,Guayaquil,Secundaria,2
8095,19,Masculino,-3318.576896,1.747118473,Quito,phd,2
8096,46,Femenino,54529.89895,1.863938349,Manta,bachillers,1
8097,37,Femenino,79559.78988,1.64178139,Sto. Domingo,,2
8098,23,Masculino,42482.8173,1.643625004,Guayaquil,mre,1
8099,25,Masculino,,1.629748234,Esmeraldas,,3
8100,,Femenino,29918.70078,1.426719942,Esmeraldas,PhD,4
8101,65,Femenino,87349.21415,1.761410373,Quito,Secundaria,0
8102,68,Masculino,69872.34841,1.700422778,Sto. Domingo,bachillers,4
8103,50,Femenino,59256.52279,1.675634309,Guayaquil,,4
8104,,Masculino,-9414.843992,1.618474864,Esmeraldas,Ph.D,
8105,77,Masculino,48479.86147,1.755161361,Quito,bachillers,0
8106,52,Masculino,55963.78037,1.701732745,Esmeraldas,bachiller ,1
8107,22,Femenino,67442.25083,1.854475303,Santo Domingo,Ph.D,3
8108,44,Masculino,44046.2555,1.702421327,Quito,bachiller,0
8109,61,Masculino,53053.24794,1.741902035,Manta,master,3
8110,29,Femenino,72858.9088,1.857203844,Quito,PhD,1
8111,37,Masculino,84136.9978,1.666969591,,phd,
8112,62,Femenino,68152.88387,1.656627892,Guayaquil,sin  educacion,1
8113,37, femenino,50066.6161,1.842657783,Esmeraldas,phd,0
8114,26,Femenino,57674.84366,1.544087318,Guayaquil,Secundaria,0
8115,56,F,66184.30701,1.674038219,Quito,Ph.D,3
8116,21,Masculino,-36756.46807,1.671579989,Manta,Secundaria,3
8117,,Femenino,70677.52325,1.61556891,,mre,4
8118,71,Femenino,49049.31609,1.752838278,Manta,master,4
8119,36,Femenino,84199.22878,1.642989364,Quito,Secundaria,3
8120,55,Masculino,58687.3262,1.710535215,Manta,PhD,4
8121,44,Femenino,50533.28542,1.606732807,Manta,Secundaria,-3
8122,62,Femenino,68874.07503,1.728547098,Santo Domingo,bachillers,2
8123,60,Femenino,,1.907967869,Guayaquil,Secundaria,4
8124,30,Masculino,,1.694761435,Quito,mre,3
8125,30,Femenino,,1.699003752,Santo Domingo,master,2
8126,77,Masculino,41751.90172,1.581280436,Manta,Secundaria,4
8127,74,Masculino,77870.68753,1.784247557,Santo Domingo,master,0
8128,39,Femenino,40634.30673,1.691369763,Santo Domingo,bachillers,3
8129,196,Femenino,72307.12883,1.73928766,Manta,Ph.D,0
8130,69,Femenino,45800.4714,1.79491694,Sto. Domingo,phd,4
8131,64,Masculino,77877.33783,1.681895285,Esmeraldas,Secundaria,2
8132,70,Masculino,51358.6008,1.802094483,Santo Domingo,sin  educacion,3
8133,62,Masculino,,1.808628829,Guayaquil,phd,2
8134,39,Femenino,45923.37894,1.733985653,Manta,mre,
8135,60,Masculino,23820.19237,,Esmeraldas,Secundaria,3
8136,,Femenino,42864.86939,1.702787396,Santo Domingo,master,0
8137,25,Femenino,34731.83278,1.756164639,Manta,bachiller,0
8138,69,masculino ,29371.71481,1.751661594,,bachillers,2
8139,25,Masculino,64409.09772,1.556987754,Santo Domingo,mre,4
8140,,Masculino,82873.00567,1.632830284,Guayaquil,,
8141,43,Masculino,86960.27809,1.795722869,Manta,Secundaria,0
8142,65,Femenino,42561.04068,1.724814917,Manta,bachiller,1
8143,68,Masculino,58351.24096,1.678278747,Santo Domingo,bachillers,2
8144,43,Masculino,77471.80987,1.876189726,Sto. Domingo,phd,-4
8145,40,Femenino,40326.00531,1.781199187,Manta,Ph.D,1
8146,60,F,-29400.59291,1.807982823,Manta,Secundaria,2
8147,30,Masculino,78300.68338,1.677934043,Santo Domingo,bachiller ,3
8148,45,Femenino,30808.30472,1.738547911,Manta,Ph.D,4
8149,26,,-1539.544834,1.69185646,Santo Domingo,mre,2
8150,37,Femenino,53996.26295,1.596485046,Guayaquil,master,0
8151,73,Femenino,74071.12255,1.719694513,Santo Domingo,bachillers,1
8152,36,Masculino,37204.09303,1.69423843,Esmeraldas,Secundaria,1
8153,65,M,29425.41885,1.692568767,Manta,,3
8154,56,Femenino,60965.50271,1.799071501,Guayaquil,phd,1
8155,68,Femenino,69491.38964,1.688924036,Guayaquil,bachiller,
8156,29,Masculino,49797.25167,1.707006333,Manta,bachiller ,2
8157,32,Femenino,51023.18923,1.711876653,Santo Domingo,master,3
8158,48,Femenino,69400.32338,1.750268671,Manta,Master,4
8159,72,Masculino,46951.18909,1.729802983,Guayaquil,PhD,4
8160,31,Masculino,48077.00301,1.768698353,Quito,Secundaria,0
8161,28,Femenino,64159.3036,1.571683226,Manta,Secundaria,3
8162,43,,65834.96918,1.714422339,Santo Domingo,phd,29
8163,59,Femenino,56641.11263,1.688788688,Esmeraldas,PhD,0
8164,44,Masculino,82267.25884,1.568370578,Manta,bachiller ,3
8165,28,Femenino,71246.59539,1.555720491,Santo Domingo,bachiller,1
8166,55,Masculino,54735.9317,1.637210535,Manta,Secundaria,1
8167,,Masculino,40639.3456,1.634817044,Sto. Domingo,bachiller,0
8168,60,Femenino,74871.33918,1.676076931,Quito,bachiller,0
8169,115,Femenino,75397.13881,1.712816193,Guayaquil,master,1
8170,23,Masculino,58514.60591,1.749409235,Quito,PhD,2
8171,63,Femenino,64153.23062,1.57619114,Santo Domingo,phd,0
8172,69,M,70518.65314,1.609661957,,mre,1
8173,55,Masculino,84046.55405,1.613049877,Santo Domingo,master,2
8174,66,Femenino,73308.89242,1.688103886,Manta,bachiller ,2
8175,59,Masculino,66675.26397,1.702807332,Guayaquil,phd,1
8176,45,Femenino,73946.24561,1.79990806,Guayaquil,Secundaria,1
8177,18,Masculino,77266.85549,1.608294002,Quito,Ph.D,
8178,-14,Masculino,64060.79156,1.777530614,Esmeraldas,Secundaria,35
8179,57,Femenino,73762.93903,1.551905034,,Master,4
8180,-9,Masculino,49855.36718,1.701921842,Esmeraldas,Ph.D,3
8181,76,Masculino,75528.98659,1.755160144,Quito,master,3
8182,69,Femenino,49980.03496,1.763339656,Sto. Domingo,PhD,2
8183,71,Femenino,44875.03236,1.869136016,Santo Domingo,Secundaria,2
8184,64,M,58067.3598,3.907989424,Esmeraldas,sin  educacion,2
8185,73,Masculino,39873.62985,1.740539964,Guayaquil,bachiller ,0
8186,24,Masculino,-38016.2769,1.568179699,Esmeraldas,Ph.D,1
8187,28,Masculino,65677.10725,2.080916511,Manta,Secundaria,1
8188,56,Femenino,,1.814210318,Guayaquil,bachillers,1
8189,78,Masculino,-26343.57183,1.803031573,Esmeraldas,Master,2
8190,21,Masculino,69825.04702,1.657286902,Manta,PhD,3
8191,42,Femenino,65613.15381,1.687811404,Guayaquil,,2
8192,,Masculino,47225.27289,1.617461864,Quito,bachiller ,2
8193,,Femenino,73849.04836,1.767247329,Esmeraldas,bachillers,3
8194,55,Femenino,58355.73511,1.653644756,Santo Domingo,Master,4
8195,63,Femenino,63604.06984,1.771856338,Quito,bachiller,0
8196,29,Masculino,61561.6072,1.626019202,Guayaquil,PhD,4
8197,60,Masculino,83619.01216,1.795044009,Santo Domingo,PhD,2
8198,68,Masculino,42076.87446,,Manta,phd,1
8199,70,Femenino,54853.14431,1.827156062,Guayaquil,Ph.D,1
8200,54,Femenino,67970.31814,1.911146361,Quito,bachiller ,3
8201,63,Femenino,60328.62886,1.728328271,Manta,bachiller ,2
8202,70,Masculino,52729.52563,1.83651741,Manta,,3
8203,41,Masculino,31229.44861,1.836990192,Manta,master,3
8204,33,Masculino,55696.04473,1.69787515,Santo Domingo,,0
8205,74,Masculino,65436.36787,1.726013604,Quito,master,3
8206,30,Masculino,68152.72262,,Quito,bachillers,2
8207,42,,57478.8868,1.656368107,Santo Domingo,Secundaria,0
8208,78,Masculino,62669.65068,1.657296753,Quito,bachiller,1
8209,71,Femenino,42847.74745,1.822469193,Manta,phd,0
8210,71,Femenino,65841.04441,1.628973444,Manta,,2
8211,74,Masculino,60141.57439,1.685063834,Esmeraldas ,Master,4
8212,69,Femenino,62478.14017,1.667333078,Quito,sin  educacion,0
8213,71,Masculino,56708.33844,1.746027869,Esmeraldas ,bachiller ,4
8214,21,,63192.34491,1.930040642,Guayaquil,Ph.D,0
8215,28,Femenino,69519.17879,1.681056507,Esmeraldas,phd,0
8216,-13,Masculino,-18362.5099,1.555852926,Santo Domingo,phd,3
8217,66,Masculino,32656.73114,1.710618995,Esmeraldas,Secundaria,4
8218,24,Femenino,64142.48172,1.60271653,Esmeraldas,Master,4
8219,63,,54181.99208,1.725698426,Santo Domingo,Master,0
8220,75,Femenino,49377.08363,1.62380229,Esmeraldas,,2
8221,28,Femenino,80237.59469,1.716308053,Guayaquil,Ph.D,2
8222,45,Femenino,46012.27305,1.580634168,Quito,bachillers,4
8223,71,Femenino,47704.80575,1.673418926,Santo Domingo,Master,3
8224,58,Masculino,26379.15619,1.600710909,Esmeraldas,Ph.D,3
8225,40,Masculino,81607.72308,1.825324163,Manta,master,2
8226,62,masculino ,73367.18191,1.627580683,Manta,phd,1.677145712
8227,40,Femenino,55016.57,1.75544339,Santo Domingo,Ph.D,0
8228,67,Masculino,69191.9971,1.717905926,Manta,Secundaria,0
8229,45,Femenino,26616.32706,1.719891338,Guayaquil,phd,4
8230,60,Masculino,67129.28662,1.737300068,Esmeraldas,,1
8231,64,Femenino,47143.98105,1.760298278,Guayaquil,master,2
8232,74,,85106.28747,1.830618353,Guayaquil,master,2
8233,43,Femenino,65513.13598,1.793333777,,Master,1
8234,42,Femenino,61965.10158,1.852604434,Esmeraldas,phd,3
8235,71,Femenino,47689.42671,1.593598003,Santo Domingo,,0
8236,46,Femenino,47783.24116,1.565859483,Manta,Secundaria,0
8237,36, femenino,68888.30308,1.865717456,Quito,,2
8238,50,Masculino,47548.98108,1.756248854,Guayaquil,bachiller,2
8239,53,Femenino,46959.26452,1.593598511,,,3
8240,31,Femenino,81106.2725,3.969655295,Esmeraldas,bachiller ,3
8241,31,Femenino,64313.25085,1.753702268,Guayaquil,Ph.D,2
8242,52,Masculino,43557.16759,1.695294803,Guayaquil,PhD,3
8243,47,Femenino,68276.19832,1.761241589,Esmeraldas,Secundaria,1
8244,,Femenino,55814.09781,1.582539198,Santo Domingo,bachiller ,0
8245,-8,Masculino,33512.66196,1.696983264,Quito,bachillers,15
8246,20,Femenino,52514.87242,1.711762073,Esmeraldas,mre,1
8247,33,Femenino,44271.28032,1.629330196,Manta,Secundaria,1
8248,63,Masculino,63836.66346,1.671668364,Manta,PhD,4
8249,47,Femenino,50166.26968,1.653669014,Guayaquil,,2
8250,69,Femenino,61363.53376,1.589061403,,,4
8251,46,,69993.89526,1.63825612,Santo Domingo,master,1
8252,62,Femenino,95414.39524,1.719097061,Santo Domingo,bachillers,2
8253,32,Masculino,89698.51758,1.602545029,Manta,Ph.D,4
8254,63, femenino,63348.74128,1.632511494,Santo Domingo,,0
8255,73,Femenino,59210.93778,1.52970846,Manta,Secundaria,2
8256,42,Femenino,51073.62437,1.844029695,Quito,Ph.D,
8257,68,Femenino,35353.5305,1.792602131,Guayaquil,Ph.D,3
8258,55,Femenino,25705.29272,1.820476956,Manta,Ph.D,2
8259,59,Masculino,47359.4401,1.736106619,,phd,3
8260,76,Femenino,84561.67224,1.729444023,,Master,2
8261,64,Femenino,84046.46346,1.678883966,Esmeraldas,PhD,4
8262,70,Masculino,61074.64934,1.830026097,Manta,Secundaria,4
8263,71,Masculino,,1.70235974,Quito,master,2
8264,69,Femenino,50929.2438,1.50396954,Santo Domingo,,1
8265,75,M,1979129.406,1.506708668,Manta,phd,4
8266,55,Femenino,48357.39894,1.73634427,Guayaquil,bachiller,2
8267,40,Masculino,48330.4495,1.604040792,Quito,phd,2
8268,,Masculino,69188.06788,1.709738199,Santo Domingo,master,0
8269,59,Femenino,50920.59643,1.775888571,Quito,phd,
8270,24,F,67382.48744,1.617045265,Manta,Secundaria,0
8271,39,Femenino,57792.12817,1.67004131,Esmeraldas,Secundaria,3
8272,34,Masculino,81268.08329,1.673676102,Esmeraldas,Secundaria,3
8273,35,Masculino,68285.1195,1.613339518,Guayaquil,phd,0
8274,66,Masculino,63664.89452,1.557085573,,PhD,1
8275,58,Femenino,38545.14501,1.590759611,Santo Domingo,,2
8276,-19,Femenino,52642.35795,1.550636263,Esmeraldas ,,4
8277,27,Masculino,59245.73512,1.682228338,Guayaquil,mre,3.114607587
8278,74,Femenino,60818.41788,1.680874885,Quito,bachiller,0
8279,24,Femenino,69948.43173,1.647313597,Quito,Secundaria,1
8280,65,Femenino,63090.3021,1.557992131,Esmeraldas,bachiller,4
8281,78, femenino,-15238.10334,1.810533661,Esmeraldas,bachillers,4
8282,67,Femenino,68881.71387,1.63773945,Quito,Secundaria,1
8283,55,Masculino,53080.99384,1.956661109,Santo Domingo,bachiller,4
8284,44,Masculino,50287.02785,1.786517398,Quito,Ph.D,4
8285,69,Masculino,43459.30479,1.493778583,Guayaquil,Secundaria,
8286,195,Masculino,54730.07459,1.823443497,Sto. Domingo,bachiller,0
8287,18,Masculino,,1.62975505,Esmeraldas,bachillers,0
8288,61,Femenino,77411.12004,1.607307191,Esmeraldas,bachiller ,4
8289,70,Femenino,55987.34615,1.672794053,Santo Domingo,Ph.D,0
8290,77,Masculino,67982.42348,1.813379813,Guayaquil,bachillers,
8291,51,Femenino,-27809.45935,1.752338267,Quito,bachillers,4
8292,21,Femenino,71166.47912,1.718247333,Guayaquil,bachillers,4
8293,34,Femenino,69620.75249,1.617811537,Guayaquil,,31
8294,21,Femenino,38164.08162,1.794312155,Guayaquil,Secundaria,3
8295,60,Femenino,46922.36201,1.601593969,Santo Domingo,bachillers,1
8296,71,M,50055.08684,1.804288812,Quito,bachillers,0
8297,,Femenino,56959.5734,1.733314447,Quito,Secundaria,0
8298,21,Masculino,49426.36423,1.640429814,,,3
8299,18,Masculino,56325.57623,1.912551746,Guayaquil,phd,2
8300,24,Masculino,69803.45286,1.791205524,Quito,bachiller ,2
8301,47,F,51627.48604,1.755863466,Santo Domingo,bachillers,1
8302,,F,64458.70516,1.710333756,Manta,Master,4
8303,26,Masculino,62633.07694,1.585625311,Manta,Master,0
8304,78,Femenino,15637.12096,1.703781811,Sto. Domingo,PhD,
8305,52,F,47882.59996,1.860422579,Quito,,4
8306,25,Masculino,74784.95818,1.562244479,,PhD,4
8307,-12,Masculino,46578.98855,1.75672826,Quito,Secundaria,2
8308,41,Masculino,43937.51994,1.839430661,Santo Domingo,bachiller ,0
8309,36,Femenino,75538.39945,2.978661358,Santo Domingo,master,1
8310,53,Femenino,62301.66075,1.609991233,Esmeraldas,PhD,3
8311,67,,81858.90354,1.645509612,Quito,PhD,0
8312,69,Masculino,53028.00514,1.710092276,Guayaquil,mre,4
8313,,Masculino,78032.01281,1.745384689,Esmeraldas,Secundaria,4
8314,60,Femenino,46667.34917,1.828172629,Esmeraldas,sin  educacion,1
8315,44,Masculino,21473.1976,,,Secundaria,2
8316,49,Masculino,70099.09473,1.794563799,Esmeraldas,master,1
8317,31,Femenino,-38614.11546,1.443601423,Guayaquil,bachiller ,1
8318,74,Masculino,70093.22432,1.67340106,Esmeraldas,Secundaria,0
8319,35,M,56901.93114,1.794468922,Guayaquil,bachiller,2
8320,, femenino,82004.2631,1.783349734,Guayaquil,Master,4
8321,77,Femenino,72982.62941,1.604174156,Esmeraldas,bachiller,2
8322,145,Femenino,72373.78472,1.802650283,Manta,PhD,0
8323,33,Masculino,61824.81117,1.557979858,Guayaquil,Master,0
8324,52,Femenino,39795.02213,1.819644509,Esmeraldas,Ph.D,
8325,64,Femenino,61014.70798,1.679566654,Santo Domingo,bachiller ,0
8326,76,Femenino,65391.84687,1.654866731,,Secundaria,2
8327,76,masculino ,90492.05908,1.67019358,Quito,bachiller,1
8328,48,Femenino,63990.66037,1.737904001,Guayaquil,mre,1
8329,21,Masculino,44308.7367,1.90803733,Guayaquil,master,1
8330,54,Masculino,67009.32867,1.821810126,Sto. Domingo,bachillers,2
8331,34,Femenino,78862.83125,1.585282677,Esmeraldas ,Secundaria,1
8332,56,Masculino,85628.47052,1.595869316,Guayaquil,Master,3
8333,65,Femenino,58396.48789,1.509419694,Santo Domingo,bachillers,3
8334,63,Femenino,57006.17803,1.730886767,,Secundaria,
8335,43,Masculino,38829.68568,1.683046126,Santo Domingo,Ph.D,4
8336,65,Masculino,50949.83805,1.762737579,Manta,mre,4
8337,56,Femenino,66492.2194,1.6499006,Guayaquil,phd,1
8338,58,F,37142.07592,1.660350935,Santo Domingo,,2
8339,21,Femenino,90713.28249,1.554790443,Esmeraldas,Ph.D,1
8340,47,Femenino,54649.98763,1.810334987,Santo Domingo,bachillers,
8341,47,Masculino,61805.39316,1.639804568,Santo Domingo,Secundaria,3
8342,39,,65132.12839,1.616438774,Esmeraldas,bachillers,0
8343,28,Masculino,-11674.03994,1.79665715,Santo Domingo,bachillers,2
8344,19,Femenino,64000.67647,1.552427025,Esmeraldas ,,0
8345,61,F,43978.43482,1.754969458,Manta,master,3
8346,29,Masculino,,1.623186029,Esmeraldas,Ph.D,0
8347,47,masculino ,76905.66895,1.68840777,Guayaquil,,3
8348,53,Masculino,46579.5622,1.506520926,Guayaquil,Master,2.303059957
8349,35,Femenino,72000.48735,1.757751917,Esmeraldas,Secundaria,3
8350,43,Masculino,63813.73739,1.905002927,Santo Domingo,bachiller,2
8351,70,Masculino,61427.24407,1.573699128,,Master,4
8352,24,Masculino,50400.17966,1.815500104,Quito,,1
8353,78,Masculino,56666.33001,1.695269335,Manta,sin  educacion,2
8354,18,Femenino,66578.59853,1.753460406,Manta,sin  educacion,2
8355,75,Femenino,53637.35471,1.581996449,Quito,Secundaria,2
8356,43,Masculino,1804198.199,1.596798412,Quito,phd,0
8357,40,Femenino,1799982.296,1.708745947,Esmeraldas,Secundaria,0
8358,43,Femenino,64213.80392,1.678358016,Quito,sin  educacion,1
8359,62,Femenino,,1.714906974,Guayaquil,,0
8360,23,Femenino,58984.64618,1.553637912,Manta,Secundaria,2
8361,23,Masculino,-31011.88298,1.761042376,Manta,master,3
8362,61,Femenino,,1.738835712,Guayaquil,Secundaria,1
8363,25,Femenino,65695.59619,1.810590256,,PhD,1
8364,41,Masculino,32388.97906,1.731651308,Quito,bachillers,2
8365,39,Masculino,58442.90954,1.925569539,Manta,bachiller ,4
8366,36,Masculino,63750.68161,1.900757338,Guayaquil,Master,0
8367,54,Masculino,57352.2377,1.701721493,Manta,phd,4
8368,35,Femenino,30717.91248,1.697771566,Quito,bachiller,2
8369,48,masculino ,58573.20932,1.616992691,Esmeraldas,bachiller ,4
8370,79,M,60043.82614,,Quito,phd,2
8371,54,Femenino,73462.23751,1.677214845,Manta,,0
8372,47,Masculino,38594.63307,1.635606965,Santo Domingo,Secundaria,0
8373,74,Masculino,81614.44607,,Manta,mre,1
8374,59,Femenino,22232.74765,1.735138732,Esmeraldas ,bachiller ,4
8375,50,,40560.02995,1.54240679,Guayaquil,bachiller ,4
8376,27,Masculino,62642.065,1.581749771,Santo Domingo,Master,4
8377,54,Masculino,64659.86062,1.502825585,,master,4
8378,29,Masculino,82679.32966,1.564746119,Guayaquil,,3
8379,71,Femenino,62898.82918,1.639610982,Quito,Ph.D,2.150899116
8380,47,Femenino,58476.92018,1.780807734,Esmeraldas,PhD,1
8381,44,Masculino,720608.6312,1.893279845,Manta,Secundaria,3
8382,56,Femenino,24881.00916,1.527256227,Santo Domingo,bachillers,4
8383,26,Masculino,44885.00514,1.787710415,Manta,,3
8384,71,Femenino,42369.9724,1.603670224,Guayaquil,,4
8385,38,Femenino,1455387.271,1.716334679,Esmeraldas,bachiller ,3
8386,29,Masculino,,1.757679082,Guayaquil,bachiller,1
8387,72,F,87974.48465,1.840551925,,Master,3
8388,46,M,68543.2903,1.939592439,Quito,PhD,2
8389,50,Femenino,73380.1606,1.804262834,Manta,phd,4
8390,60,Femenino,61409.0752,1.652501131,Guayaquil,Ph.D,3
8391,79,Masculino,52510.36879,1.546144638,Santo Domingo,Secundaria,4
8392,70,Femenino,43805.87557,1.723239581,Santo Domingo,mre,0
8393,32,Masculino,42461.83001,1.764587928,Santo Domingo,bachiller,4
8394,19,Femenino,39432.04857,1.58451755,Santo Domingo,phd,3
8395,69,Masculino,70966.63716,1.777574209,Santo Domingo,PhD,4
8396,56,Femenino,53851.02963,1.657210918,Esmeraldas,Master,2
8397,70,Femenino,49146.87204,1.586952369,Esmeraldas,bachillers,2
8398,61,Femenino,29592.55844,1.713682955,Quito,Secundaria,3
8399,71,Femenino,46302.40909,1.60973992,Santo Domingo,bachiller,3
8400,35,Masculino,55693.41702,1.584380308,Guayaquil,Secundaria,4
8401,20,Femenino,36953.85733,1.72870558,,Secundaria,1
8402,24,Masculino,99899.93907,1.741531795,Manta,bachiller,2
8403,60,Masculino,39894.78288,1.663466642,,Secundaria,2
8404,35,M,77288.80865,1.72747037,Guayaquil,phd,0
8405,61,Masculino,58192.15214,1.814165767,Quito,mre,0
8406,55,Femenino,51502.99879,1.783216188,Guayaquil,,1
8407,54,Masculino,56258.53892,1.617387127,Quito,,2
8408,75,Femenino,60210.91106,1.702794318,Santo Domingo,Secundaria,3
8409,50,Femenino,63397.74415,1.63010098,Manta,Master,2
8410,61,Femenino,45271.07281,1.559958078,Manta,Master,3
8411,-4,Femenino,68389.81246,1.764268005,Esmeraldas,phd,3
8412,48,Masculino,55810.39159,1.800268538,Santo Domingo,master,1
8413,75,Femenino,40031.06044,1.652589363,Guayaquil,mre,2
8414,28,Masculino,53582.5141,1.723482208,Manta,sin  educacion,4
8415,21,Femenino,81295.35992,1.854717986,Quito,Master,2
8416,76,Femenino,63291.45734,1.802499043,Quito,Secundaria,2
8417,35,Masculino,60068.52297,1.641369201,Guayaquil,bachiller ,0
8418,-3,Femenino,54034.40533,1.692035802,Guayaquil,bachiller,1
8419,66,Femenino,55213.4139,1.62918951,Santo Domingo,bachiller ,4
8420,193, femenino,63301.56987,1.722919391,Guayaquil,Secundaria,4
8421,46,Femenino,56017.78178,1.704046716,,bachillers,4
8422,41,Femenino,66811.67811,1.584711507,Guayaquil,Ph.D,28
8423,39,Masculino,64848.86898,1.654405433,Manta,Secundaria,
8424,19,Femenino,42105.41986,1.493505744,Santo Domingo,phd,0
8425,61,Femenino,67918.09295,1.596112372,Guayaquil,Secundaria,3
8426,23,Masculino,45681.06943,1.741273851,Guayaquil,PhD,4
8427,,F,45064.1285,1.714327161,Quito,bachiller ,
8428,42,Masculino,59620.98118,1.794684114,Manta,PhD,3
8429,72,Femenino,63873.12814,1.705272713,Guayaquil,bachiller,4
8430,160,Femenino,69223.88711,1.680382957,Manta,Secundaria,4
8431,38,Masculino,27654.98134,1.885790377,Santo Domingo,bachiller ,2.079655689
8432,72,Femenino,71838.71229,1.66607305,Santo Domingo,master,1
8433,76,,66189.93059,1.661483741,Guayaquil,,2
8434,33,,,1.704960838,Quito,bachiller ,2
8435,48,,56455.11171,1.622219752,Esmeraldas,master,2
8436,31,Femenino,62971.48813,1.725705306,Manta,,0
8437,56,Masculino,7653.298961,1.627562995,Quito,master,3
8438,45,,41234.62827,1.656868266,Guayaquil,master,4
8439,49,Masculino,77419.12867,1.625470422,Quito,PhD,1
8440,45,Femenino,50964.29757,1.522221113,Quito,Master,2
8441,68,Masculino,58711.1771,1.458372077,Sto. Domingo,Secundaria,1
8442,72,Masculino,58250.27517,1.557621671,Esmeraldas,bachiller ,1
8443,66,Masculino,70719.79157,1.814108918,Santo Domingo,Secundaria,-2
8444,26,Masculino,53900.37272,1.707514093,,master,0
8445,75,Masculino,55167.60401,1.651985339,Esmeraldas,Secundaria,4
8446,62,Masculino,62858.65935,1.596040603,Santo Domingo,Master,0
8447,39,Masculino,72699.76033,1.826106287,Quito,Ph.D,3
8448,49,Masculino,77446.28568,1.635831921,Manta,,1
8449,22,Masculino,55215.41272,1.615489525,Guayaquil,PhD,2
8450,40,Femenino,52636.57896,1.510814751,Guayaquil,,1
8451,22,Masculino,57806.11473,1.476895974,,bachillers,4
8452,59,,80025.64821,1.746138333,Esmeraldas,,0
8453,70,Masculino,71674.37438,1.868632729,,master,3
8454,49,Femenino,52803.55776,1.729640966,Santo Domingo,mre,3
8455,76,Femenino,-5010.130246,1.728316854,Quito,,0
8456,27,Masculino,76604.53302,1.87964145,Quito,Master,0
8457,76,Masculino,78288.75204,1.750084609,Guayaquil,Secundaria,0
8458,56,,43336.24515,1.699225332,,PhD,3
8459,75,Femenino,53321.96474,1.755948913,Manta,Secundaria,1
8460,32,Masculino,73147.82708,1.790288538,,mre,1
8461,24,Masculino,65786.99127,1.750948265,Manta,Secundaria,1.929441883
8462,46,Masculino,30085.30595,1.651438804,,phd,2
8463,76,Femenino,43079.46867,,Guayaquil,,4
8464,64,Masculino,68724.3302,1.63070453,Guayaquil,,3
8465,20,Masculino,63738.12287,1.696898165,,bachillers,
8466,36,Masculino,69990.15741,1.739726206,Santo Domingo,mre,4
8467,27, femenino,71708.50921,1.883881166,Sto. Domingo,Ph.D,1
8468,45,Masculino,63625.61614,1.743868105,Quito,master,0
8469,46,Femenino,66305.67644,1.701640944,Quito,bachillers,4
8470,32,M,-31491.72593,1.659953747,Guayaquil,mre,0
8471,52,M,61713.67372,1.641599312,Santo Domingo,Secundaria,2
8472,23,Masculino,-30713.36023,1.661325513,Manta,Secundaria,3
8473,29,Femenino,85589.35335,1.704020522,,Ph.D,3
8474,64,Masculino,47631.21042,1.79158324,Guayaquil,PhD,0
8475,55,,70857.6956,1.572565723,Manta,phd,4
8476,30,F,58266.66669,1.776610964,Manta,PhD,-3
8477,46,Femenino,71170.36743,1.643475142,Santo Domingo,Secundaria,2
8478,36,Femenino,,1.629895617,Sto. Domingo,bachiller ,3
8479,20,Masculino,77661.07717,1.75107041,Esmeraldas,PhD,0
8480,25,Femenino,48861.82984,1.662491508,Santo Domingo,Ph.D,-2
8481,25,,62133.23903,1.747643165,,bachiller,3
8482,72,Femenino,66590.56462,1.738810152,Santo Domingo,PhD,
8483,75,Masculino,49780.17107,1.780578753,Sto. Domingo,bachillers,2
8484,37,Masculino,64569.68869,1.831840117,Santo Domingo,phd,3
8485,64,Masculino,75103.82259,1.527998633,Esmeraldas,Ph.D,2
8486,21,Femenino,58993.22068,1.72044398,Manta,PhD,2
8487,68,Masculino,71257.27598,1.626023822,,Secundaria,1
8488,38,Masculino,49885.49384,1.741803288,Manta,Secundaria,4
8489,20,masculino ,43553.30369,1.559445612,,Secundaria,3
8490,62,Femenino,70432.13254,1.705102132,Santo Domingo,Ph.D,2
8491,25,Masculino,51612.21687,,Santo Domingo,Secundaria,-4
8492,40,Femenino,34849.21448,1.704346265,Quito,Secundaria,4
8493,,masculino ,48596.25691,1.700558652,Esmeraldas,Secundaria,4
8494,30,Femenino,80213.68122,1.632745003,Santo Domingo,mre,
8495,20,Masculino,75904.00087,1.660612459,Manta,,3
8496,65,M,43193.69595,1.663015753,,Master,3
8497,26,Femenino,38074.72569,1.545040252,Santo Domingo,,3
8498,77,M,53861.46446,1.570354801,Esmeraldas,phd,4
8499,31,Masculino,75606.88884,1.718814632,Manta,phd,3
8500,30,Femenino,57063.99598,1.806814594,Quito,Ph.D,3
8501,70,Femenino,57188.91623,1.778674763,,mre,3
8502,74,Masculino,50788.00716,1.497105399,Esmeraldas,Ph.D,4.288627506
8503,24,Femenino,55927.18865,1.824001784,Guayaquil,bachillers,4.35674551
8504,32,M,72711.12353,1.830101862,Quito,Secundaria,0
8505,24,Femenino,61278.86334,1.625299936,Quito,mre,3
8506,55,Masculino,56972.05579,1.6272258,Guayaquil,mre,0
8507,51,Masculino,,1.648232143,Quito,Master,3
8508,58,Femenino,61073.90322,1.733174409,Quito,PhD,4
8509,39,Masculino,74253.47539,1.669654446,Quito,bachiller,3
8510,41,Masculino,49799.81215,1.738911456,Manta,mre,1
8511,66,Femenino,,1.569770989,Manta,Secundaria,2
8512,54,Masculino,73313.57404,1.592824395,Esmeraldas ,Secundaria,4
8513,61,Masculino,83300.55657,1.61244027,,bachillers,1
8514,18,masculino ,43595.23494,1.618315454,Manta,Secundaria,1
8515,27,Femenino,57394.17017,1.742737732,Quito,bachiller,2
8516,60,Femenino,40261.05101,1.72457571,Esmeraldas,Secundaria,1
8517,33,,45452.98737,1.765834694,Guayaquil,bachiller,2
8518,63,Femenino,60277.7426,1.80816526,Santo Domingo,PhD,3
8519,25, femenino,29595.46852,,Quito,Secundaria,4
8520,73,Masculino,66290.0717,1.521775628,Santo Domingo,Secundaria,40
8521,66,,68357.57375,1.658214718,Esmeraldas,Secundaria,4
8522,42,Masculino,58853.80724,1.671708876,Quito,PhD,2
8523,67,Femenino,47394.05491,1.725785981,Manta,Ph.D,2
8524,29,Masculino,56341.24926,1.60564515,Esmeraldas,Master,1
8525,42,Femenino,,1.847998253,,master,4
8526,,Masculino,52194.3783,1.659865428,Sto. Domingo,bachillers,1
8527,196,Femenino,1440125.91,1.666921475,Quito,master,3
8528,43,M,25317.99308,1.68044292,Guayaquil,Secundaria,1
8529,63,Masculino,75658.23684,1.648451387,Guayaquil,PhD,4
8530,65,Femenino,41396.87365,1.526477618,Guayaquil,Ph.D,2
8531,-5,Masculino,61323.27537,1.824108422,Manta,PhD,
8532,58,Masculino,1532995.395,1.636528681,Quito,sin  educacion,1
8533,53,Femenino,65539.7445,1.762983616,,bachiller ,2
8534,74,Masculino,65372.82748,1.657462867,Santo Domingo,mre,4.363763179
8535,40, femenino,55113.14634,1.637087163,Manta,PhD,4
8536,,Femenino,64707.16399,1.575503995,,bachillers,3
8537,23,Femenino,61135.16308,1.521850607,Quito,,4
8538,64,Femenino,68104.92303,1.655466519,,,
8539,22,Femenino,23752.39088,1.651229771,Esmeraldas,bachillers,4
8540,60,Femenino,65692.56502,,Manta,Ph.D,4
8541,42,Masculino,66502.03348,1.707178164,Guayaquil,PhD,2
8542,35, femenino,98210.08815,1.814154038,Manta,sin  educacion,3
8543,79,Femenino,59935.77218,1.549811051,Quito,Secundaria,3
8544,30,Masculino,63324.62369,1.705184695,Esmeraldas,,4
8545,60,Masculino,65944.94605,1.755070468,Santo Domingo,,2
8546,186,Masculino,66367.60535,1.711224841,Esmeraldas,Master,2
8547,45,Masculino,41495.67722,1.715015257,Manta,Secundaria,1
8548,35,Masculino,72275.94951,1.675055988,Guayaquil,bachillers,0
8549,76,M,46239.18798,1.580566344,Quito,mre,1
8550,77,Masculino,66099.76888,1.563352096,Manta,bachiller,1
8551,74,Femenino,,1.77066713,,master,1
8552,45,Masculino,56663.24533,1.633938392,Quito,Ph.D,0
8553,,Femenino,52943.58821,1.657366127,Guayaquil,Ph.D,2
8554,73,masculino ,56265.15493,1.633917646,,bachiller,2
8555,44,masculino ,58754.58004,1.610656453,Esmeraldas,mre,3
8556,,Femenino,65584.70848,1.553745282,Santo Domingo,Secundaria,3
8557,,Femenino,58557.41599,3.677614096,Santo Domingo,Master,4
8558,26,Femenino,73117.76512,1.496143772,Quito,bachiller ,4
8559,57,Femenino,51996.54977,1.768786616,,mre,4
8560,49,Femenino,66445.67518,1.80888717,Santo Domingo,mre,3
8561,37,Femenino,47512.67455,1.714145011,Manta,bachillers,3
8562,45,Femenino,86739.30305,1.682501996,Guayaquil,bachiller,1
8563,50,Femenino,66509.47339,1.72329188,,bachillers,2
8564,21, femenino,49542.41933,1.660090521,,master,3
8565,63,Masculino,86017.87069,1.798262432,Quito,bachillers,0
8566,74,Femenino,,1.811951013,Esmeraldas,bachiller ,1
8567,51,Femenino,49596.22483,1.754235769,Quito,Secundaria,0
8568,65,Masculino,58031.26508,1.534922182,,Secundaria,0
8569,20,Femenino,42930.42631,1.767509869,Quito,sin  educacion,2
8570,43,Femenino,-13059.36327,1.828343868,Guayaquil,bachiller,0
8571,25,Masculino,-34262.96002,1.760822531,Esmeraldas,bachillers,0
8572,23,Masculino,46522.86921,1.798511875,Guayaquil,Secundaria,0
8573,33,Femenino,39936.44464,1.627065735,Esmeraldas,phd,0
8574,41,F,69536.11699,1.652584978,Manta,phd,1
8575,65,Femenino,84895.91435,1.831031308,Esmeraldas,Secundaria,1
8576,56,Femenino,77359.28841,1.766574865,Santo Domingo,Secundaria,2
8577,47,Femenino,94366.9087,1.675277911,,sin  educacion,2
8578,,Masculino,96323.84464,1.672807257,Guayaquil,Secundaria,0
8579,30,Femenino,46494.24967,1.701940244,Guayaquil,bachiller,4
8580,22,Femenino,55328.92624,1.670181769,Santo Domingo,Secundaria,0
8581,42,Masculino,36440.76998,1.700563319,,Master,0
8582,37,Femenino,42556.48293,,Quito,Ph.D,2
8583,71,Femenino,76086.37855,1.629624803,Santo Domingo,,3
8584,,Femenino,64152.88061,1.520632323,Esmeraldas,Ph.D,2
8585,64,Femenino,81847.07217,1.633741137,Quito,Secundaria,1
8586,35,Femenino,47018.45586,1.755438003,Esmeraldas,PhD,2
8587,19,Femenino,51769.65289,1.760183407,Sto. Domingo,Secundaria,3
8588,27,Masculino,68903.67988,1.592429922,Quito,bachiller ,0
8589,72,Femenino,75849.66298,1.662337014,Guayaquil,bachiller ,3
8590,62,Femenino,35475.82536,1.786579055,,phd,2
8591,67,Masculino,56392.81795,1.689251286,Quito,bachillers,4
8592,64,Femenino,65990.10391,1.597592716,Santo Domingo,phd,1
8593,29,Femenino,71744.77308,1.618624898,Esmeraldas,,3
8594,64,Masculino,,1.840799829,Quito,phd,2
8595,30,F,58881.61575,1.654636128,Guayaquil,phd,0
8596,154,Masculino,41467.89379,1.705268126,Esmeraldas,master,2
8597,64,Masculino,31118.0048,1.540129394,Quito,Master,0
8598,74,Masculino,57266.10998,1.676297623,Santo Domingo,Secundaria,4
8599,72,Masculino,-16483.42222,1.982397845,Quito,bachiller,1
8600,,Masculino,48059.7982,1.878937349,Quito,Master,3
8601,36,Femenino,73396.41717,1.725419414,Manta,Master,2
8602,52,Femenino,42786.19457,1.861518288,,bachiller,2
8603,56,Femenino,50070.16454,1.760344157,Quito,PhD,3
8604,70,Masculino,77502.00194,1.932589275,Guayaquil,Master,0
8605,43,Femenino,48375.57343,1.766704141,Guayaquil,mre,1
8606,63,Masculino,64847.41256,1.83399854,Manta,mre,4
8607,31,Femenino,59856.11786,1.488725577,,master,3
8608,71,Femenino,-12157.65088,1.738610492,Quito,Ph.D,1
8609,62,Femenino,73223.17529,1.638675085,Esmeraldas,bachiller,
8610,61,Femenino,64879.36707,1.756104456,Manta,master,1
8611,41,Masculino,39201.89015,1.752267721,Manta,master,4
8612,58,Masculino,41739.08338,1.838373372,Santo Domingo,mre,1
8613,18,Femenino,64422.35191,1.804479234,Santo Domingo,sin  educacion,2
8614,68,Masculino,46208.17985,1.559064252,Esmeraldas,bachiller,4
8615,60,Masculino,74329.27679,1.51491985,Esmeraldas,PhD,4
8616,72,Femenino,64637.17541,1.67949085,Manta,Secundaria,4
8617,39,Masculino,34263.41363,1.775093725,Quito,bachiller ,2
8618,40,Masculino,88336.24262,1.763416946,Quito,master,0
8619,73,Masculino,54506.38386,1.706717842,Santo Domingo,Secundaria,2
8620,71,Masculino,56860.69156,1.761418535,Esmeraldas,mre,0
8621,36,Femenino,66338.18474,1.782236231,Esmeraldas,bachiller,0
8622,35,M,58700.45249,1.706823877,Quito,,2
8623,29,Masculino,74424.59551,1.762166706,Santo Domingo,Secundaria,1
8624,72,Femenino,44729.89136,1.770999189,Quito,Secundaria,2
8625,45,Femenino,77206.04821,1.696511133,Sto. Domingo,PhD,4
8626,45,Femenino,70214.96005,1.847935792,Manta,PhD,1
8627,77,Masculino,48384.02667,1.580153015,Esmeraldas,Secundaria,3
8628,76,Masculino,63774.89302,,Manta,,3
8629,,Femenino,78182.73233,1.804511465,Manta,Secundaria,3
8630,36,Femenino,67823.35984,1.915928173,Quito,Secundaria,4
8631,45,Masculino,-32432.14892,1.548084367,Santo Domingo,phd,4
8632,76,Femenino,69336.74609,1.664872059,Quito,bachiller,0
8633,69, femenino,70599.62186,1.748225935,Santo Domingo,bachillers,4
8634,78,Femenino,52413.43167,1.725815111,Esmeraldas,phd,0
8635,79,Masculino,62351.35118,1.656801728,Guayaquil,bachiller,3
8636,182,Masculino,72729.9982,1.730692473,,bachillers,2
8637,54,Masculino,61993.87053,1.824587994,Quito,master,2
8638,43,Masculino,49237.60513,1.714098266,Santo Domingo,bachillers,4
8639,52,Femenino,64201.8156,1.563518978,Guayaquil,Secundaria,3
8640,51,Masculino,54143.0326,1.905479302,Santo Domingo,bachillers,3
8641,52,Femenino,68733.33369,,Santo Domingo,phd,0
8642,57,Masculino,81403.48842,1.578198347,Guayaquil,bachillers,0
8643,150,Masculino,-44555.47486,1.627451235,Guayaquil,Ph.D,3
8644,55,Femenino,47644.9297,1.638521755,Esmeraldas,sin  educacion,4
8645,30,Femenino,64525.30535,1.727562882,Sto. Domingo,mre,
8646,79,Femenino,21303.88136,1.960994228,Guayaquil,,3
8647,40,Masculino,58505.3513,1.610497986,Manta,bachiller,2
8648,,Masculino,74102.94784,1.809428768,Manta,,2
8649,71,Femenino,66033.02721,1.895105586,Manta,Ph.D,0
8650,-12,Masculino,61651.04057,1.657623599,Manta,mre,3
8651,33,Femenino,91947.20241,1.690035589,Guayaquil,Secundaria,3.662053569
8652,45,Masculino,34427.62244,1.730542342,Santo Domingo,PhD,4
8653,65,Masculino,37787.99112,1.654356805,Guayaquil,bachiller,1
8654,52,Masculino,,1.518377123,Guayaquil,mre,1
8655,77,Femenino,73471.38585,1.835226106,Quito,bachillers,3
8656,62,F,74082.73194,1.715813151,Quito,master,0
8657,,Femenino,51408.35981,1.643569307,Esmeraldas,phd,1
8658,25,Femenino,-15213.42023,1.695634087,Manta,Secundaria,4
8659,61,Masculino,45128.9123,1.668420058,Manta,Secundaria,4
8660,72,Femenino,-14705.5266,1.75924737,Quito,,4
8661,72,Femenino,45251.88887,1.610083091,Santo Domingo,,1
8662,39,Masculino,76719.28548,1.66224799,Esmeraldas,Secundaria,-4
8663,38,Femenino,59671.75552,1.714446959,Santo Domingo,bachiller,4
8664,,Femenino,-11186.42566,1.503243542,Quito,bachiller ,0
8665,57,Masculino,-37437.66604,1.675409069,Santo Domingo,Secundaria,3
8666,38,masculino ,37021.39563,1.631248634,Manta,mre,3
8667,42,Masculino,48087.38357,1.760844845,Quito,Ph.D,3
8668,58,Femenino,51708.19837,1.724701256,Santo Domingo,mre,2
8669,18,Femenino,66121.20567,1.826843207,Esmeraldas,master,3
8670,23,Masculino,58512.00796,1.498505614,Esmeraldas,Secundaria,3
8671,40,Femenino,47104.12365,1.638308649,Guayaquil,master,3.653116424
8672,68,,,1.719554872,Quito,bachiller,2
8673,40,Masculino,56445.22742,1.829199323,Quito,PhD,2
8674,60,Masculino,-37806.34987,1.58936785,Quito,phd,1
8675,60,Femenino,55232.06345,1.619643702,Manta,,0
8676,40,Femenino,76733.30588,1.8314622,Manta,mre,3
8677,49,Masculino,56994.74263,1.930408459,Quito,Ph.D,0
8678,47,Masculino,62389.82432,1.870593796,Santo Domingo,phd,1
8679,30,Femenino,60571.39105,1.871576999,Manta,bachiller ,1
8680,60,Masculino,39221.52509,1.743111796,Quito,Secundaria,1
8681,35,Femenino,86362.349,1.713240463,Manta,Secundaria,1
8682,40,Masculino,53886.51876,1.890175773,Guayaquil,bachiller,4
8683,32,Masculino,59949.76601,1.6674036,Esmeraldas,bachillers,1
8684,50,Femenino,50165.65284,,Guayaquil,,0
8685,38,Femenino,77070.98051,1.728338285,Quito,mre,1
8686,74,Femenino,38119.80205,1.663931935,Esmeraldas,bachiller,0
8687,56,Femenino,79534.46748,1.623160279,Santo Domingo,PhD,1
8688,40,Femenino,55435.52514,1.785062901,Quito,sin  educacion,1
8689,44,Masculino,51997.04732,1.674991671,Santo Domingo,Master,4
8690,62,Masculino,50583.72157,1.718454468,Santo Domingo,bachiller,1
8691,61,Femenino,87129.72862,1.754115405,Manta,PhD,3
8692,35,Femenino,35928.34051,1.523484699,Manta,bachiller ,4
8693,41,masculino ,51977.48365,1.823936685,Esmeraldas,bachiller,3.730844068
8694,,F,40638.48258,1.930093635,Esmeraldas,bachillers,3
8695,64, femenino,32811.96849,1.828066626,Manta,Secundaria,4
8696,,Femenino,79579.30418,1.340725317,Esmeraldas,Secundaria,1
8697,68,Masculino,59593.07844,1.722543836,Guayaquil,Master,3
8698,59,Femenino,42587.33147,1.514157364,Quito,Secundaria,1
8699,24,Masculino,72436.33279,1.819371218,Guayaquil,,4
8700,,Masculino,53989.73999,1.819733247,Quito,Secundaria,2
8701,65,Femenino,50301.4983,1.737260925,Manta,,3
8702,37, femenino,-29500.79104,1.435659587,Guayaquil,Master,0
8703,44,Masculino,53667.16931,2.72048994,Santo Domingo,Master,4
8704,23,Masculino,45558.35953,1.587901395,,bachiller,2
8705,44,Femenino,70431.0348,1.713865516,Esmeraldas,bachiller,4
8706,116,Masculino,57879.46215,1.698556307,Guayaquil,Master,1
8707,70,Femenino,71196.07579,,,Master,1
8708,62,,53957.66102,1.684183803,Manta,bachillers,1
8709,74,F,75285.34676,1.867260196,Esmeraldas,phd,2
8710,48,Masculino,60210.44913,1.73975617,Quito,bachiller ,1
8711,38,Masculino,,1.647487505,Esmeraldas,,4
8712,43,Masculino,75399.75642,1.69126443,Quito,bachiller,4
8713,57,Femenino,78543.77618,1.828755599,,Secundaria,4
8714,65,Femenino,61024.30873,1.842026026,Manta,Master,3
8715,62,Masculino,65740.80316,1.432475103,Quito,bachiller ,4
8716,30,Femenino,56539.10776,1.580460475,Guayaquil,Secundaria,1
8717,66,Femenino,,1.637273197,,bachiller ,3
8718,40,Masculino,90049.4585,1.84063224,Esmeraldas,bachiller ,3
8719,, femenino,48718.42809,1.825753627,Manta,PhD,3
8720,54,Femenino,-8781.640913,1.800456128,Guayaquil,bachillers,3
8721,,Femenino,70887.18502,1.813543633,Manta,bachillers,2
8722,70,Femenino,62715.79453,1.871278722,,sin  educacion,4
8723,45,Masculino,57675.17097,1.755974268,Santo Domingo,bachiller ,2
8724,34,Femenino,57824.36355,1.80890929,Manta,phd,2.179837073
8725,45,,50143.80843,1.743201681,Santo Domingo,Secundaria,2
8726,58,F,61416.62729,1.805624392,Manta,phd,3
8727,19,Femenino,42279.2041,1.651536179,Quito,Secundaria,4
8728,42, femenino,,1.613266479,Santo Domingo,Ph.D,4
8729,75,Femenino,56571.93028,1.634074539,Quito,Secundaria,1
8730,-16,Masculino,45569.68438,1.672459175,Quito,bachiller,2
8731,58,Femenino,40853.37997,1.781557286,Esmeraldas,Secundaria,4
8732,23,Femenino,58021.48826,1.864901903,Esmeraldas,Secundaria,0
8733,28,Masculino,,1.639484704,Guayaquil,master,1.830044582
8734,74,Femenino,52229.03744,1.952833486,Santo Domingo,Secundaria,2
8735,78,Femenino,67536.06135,1.677743707,Guayaquil,bachiller ,1
8736,55,Femenino,65226.63707,1.701951148,Santo Domingo,,0
8737,23,Femenino,60851.59996,1.728654002,Esmeraldas,mre,1
8738,62,Masculino,46110.58049,1.63690253,Esmeraldas,PhD,2
8739,28,Masculino,48899.78926,1.649987244,Esmeraldas,Secundaria,4
8740,31,Masculino,39051.14662,1.669573952,Santo Domingo,PhD,3.096221236
8741,,Femenino,57129.44667,1.582548563,Esmeraldas,PhD,0
8742,57,Masculino,68411.12711,1.618031545,Guayaquil,Secundaria,1
8743,20,Femenino,41833.97195,1.692274725,Quito,phd,3.024724068
8744,72,,51582.60677,1.659351097,Santo Domingo,bachillers,4
8745,70,Femenino,59206.52618,1.635142871,Quito,bachiller ,0
8746,52,Masculino,68388.65537,1.802519456,Guayaquil,Secundaria,1
8747,50,Masculino,37846.51634,1.52489201,Manta,sin  educacion,1
8748,41,Masculino,93298.47252,1.758516495,Esmeraldas,Master,3
8749,36,Masculino,71289.05286,1.715098437,Guayaquil,Secundaria,0
8750,35,Femenino,51014.1873,1.728329919,,Secundaria,1
8751,66,Masculino,43944.80444,1.577221549,Santo Domingo,bachiller,2
8752,69,Masculino,-30315.88115,1.644490092,Guayaquil,bachiller ,3
8753,,Masculino,67079.23996,1.73917441,Santo Domingo,,0
8754,41,Masculino,45145.99072,1.645930979,Quito,Master,4
8755,62,Femenino,43288.15132,1.546345108,Quito,bachiller,0
8756,52,Masculino,46598.29962,1.673077813,Santo Domingo,bachiller ,2
8757,79,Masculino,60967.70891,1.680900333,Quito,Ph.D,2
8758,18,Masculino,61157.79766,1.772924983,Quito,Secundaria,4
8759,53,Femenino,92464.96274,1.813584599,Esmeraldas,phd,4
8760,42,Masculino,27525.98137,1.713806914,Santo Domingo,Secundaria,4
8761,62,Masculino,49924.50037,1.743683977,Santo Domingo,mre,3
8762,66,Masculino,52062.55928,1.805565532,Manta,PhD,2
8763,77,Femenino,67296.99395,1.681207353,Esmeraldas,bachiller,4
8764,,Femenino,67900.06285,1.754154593,Guayaquil,Secundaria,2
8765,60,Masculino,57006.09097,1.55803847,Esmeraldas,,3
8766,51,Masculino,82663.05612,1.643745796,Guayaquil,phd,3
8767,,masculino ,43257.90461,1.871416733,Santo Domingo,phd,2
8768,33,Femenino,49561.14109,1.802434074,Esmeraldas,mre,4
8769,51,Femenino,40267.40148,1.783577278,,bachiller ,3.763967269
8770,46,,57800.93163,1.611380545,Quito,master,1
8771,36,Femenino,55024.33642,1.547656602,Guayaquil,bachillers,2
8772,40,Masculino,71793.56255,1.60415215,Quito,bachiller,3
8773,36,Masculino,,1.710327397,Santo Domingo,Secundaria,4
8774,42,Masculino,82358.26098,1.753116142,Santo Domingo,bachiller ,1
8775,33,Masculino,41657.43802,1.858404324,,,2
8776,71,Femenino,60800.39797,1.579505855,Quito,Secundaria,0
8777,68,Femenino,71615.70717,1.643325573,Esmeraldas ,Master,0
8778,26,Femenino,70026.79515,1.863270399,Santo Domingo,bachiller,3
8779,18,Femenino,94716.26939,1.541051065,Quito,Secundaria,3
8780,59,Femenino,56702.66652,1.72193904,Santo Domingo,phd,3
8781,36,Masculino,61171.38491,1.507589541,Guayaquil,mre,2
8782,50,Masculino,93612.58911,1.665241783,Esmeraldas,Secundaria,0
8783,51,Masculino,66298.75322,1.896618302,Guayaquil,Secundaria,0
8784,33,F,51043.55619,1.754924242,,Ph.D,3
8785,61,Masculino,45378.11509,1.832476597,Santo Domingo,phd,3
8786,57,Femenino,1764582.099,1.754579351,Santo Domingo,bachiller ,
8787,72,M,75999.07033,1.752884803,Sto. Domingo,master,0
8788,35,Femenino,75806.43975,1.53680573,Quito,Secundaria,3
8789,51,Femenino,46917.76141,1.906514792,Esmeraldas,,3
8790,42,Femenino,61549.17429,1.863042193,Quito,Ph.D,3
8791,78,Masculino,53237.31902,1.625372429,Quito,Secundaria,4
8792,62,Masculino,57780.95101,1.853145607,Santo Domingo,phd,0
8793,23,Masculino,73583.55593,1.806420942,Guayaquil,PhD,-5
8794,38,Femenino,59251.25383,1.765383049,Guayaquil,bachiller ,0
8795,75,Femenino,69787.08818,1.721264262,Manta,Secundaria,4
8796,23,Femenino,70236.41254,1.6899377,Esmeraldas,bachiller ,2
8797,49,Femenino,50835.43814,1.874016097,Manta,Master,4
8798,58,masculino ,-17657.36558,1.713492905,Quito,PhD,1
8799,65,M,43571.45369,1.747224346,,bachiller,4
8800,60,,41048.93833,1.865700165,Manta,Secundaria,1
8801,56,Femenino,52837.33593,1.816276913,,,3
8802,48,M,45373.7389,1.576495393,Esmeraldas,master,1
8803,59,M,,1.641558956,Guayaquil,bachiller ,4
8804,27,Femenino,98452.49802,1.617766325,Guayaquil,bachillers,2
8805,47,Masculino,76920.97886,,Manta,sin  educacion,0
8806,74,Masculino,47745.17179,1.651785955,Esmeraldas,bachiller,4
8807,69,Femenino,45029.89228,,Guayaquil,bachiller ,0
8808,35,Masculino,74662.04488,1.676554183,Santo Domingo,bachiller,1
8809,77,Femenino,42243.97797,1.737094355,Guayaquil,Master,3
8810,41,Femenino,45227.95799,1.673891117,Guayaquil,Secundaria,
8811,69,Masculino,65536.03045,1.796835406,Esmeraldas,bachiller,4
8812,78,Femenino,51871.67542,1.590942148,Esmeraldas,mre,1
8813,26, femenino,,1.551995074,Guayaquil,master,
8814,48,Masculino,55042.0071,1.634757734,Santo Domingo,bachillers,0
8815,32,Femenino,59581.8698,1.598323595,Santo Domingo,,1
8816,21,Femenino,73116.24222,1.705572954,Manta,PhD,2
8817,57,Femenino,,1.660026,Manta,Secundaria,3
8818,26,Femenino,73755.02324,1.570126962,Sto. Domingo,phd,2
8819,62,Masculino,69589.07206,1.568240793,Guayaquil,Secundaria,2
8820,26,Masculino,70626.43051,1.718289802,Guayaquil,mre,0
8821,43,Masculino,59967.34516,1.790079257,Santo Domingo,bachiller ,1
8822,21,Femenino,38182.79461,1.629426796,Quito,bachiller ,0
8823,34,Masculino,58389.53199,2.727319368,Manta,master,3
8824,33, femenino,64738.90378,1.635787088,Manta,bachillers,0
8825,32,Masculino,61113.31422,1.684830317,Quito,master,2
8826,52,F,66298.5713,1.876222599,Guayaquil,PhD,0
8827,74,Masculino,90914.64744,1.949953838,Manta,Master,1
8828,69,Masculino,52477.25305,1.655367621,,mre,0
8829,22,Femenino,53927.1729,1.648864415,Quito,Ph.D,1
8830,72,Femenino,78130.28855,1.743213133,Santo Domingo,PhD,2
8831,22,Femenino,61868.55722,1.712053423,Guayaquil,mre,22
8832,37,Femenino,66819.71822,1.768123597,Manta,Ph.D,1
8833,32,Femenino,,1.687513649,Santo Domingo,Secundaria,1
8834,35,Femenino,49013.14225,1.681792182,Quito,PhD,1
8835,64,Masculino,41893.92796,1.744157732,Guayaquil,,3
8836,19,Masculino,62585.85652,1.724217009,Manta,Ph.D,4
8837,46,Femenino,45321.11192,1.651797001,Manta,,3
8838,30,Femenino,43479.41253,1.712389197,Guayaquil,mre,0
8839,21,Masculino,69915.69854,1.712655672,Guayaquil,Ph.D,3
8840,59,Femenino,50478.91907,1.42408249,Guayaquil,Secundaria,3
8841,62,,41996.40089,1.694290044,Santo Domingo,Master,1
8842,27,Masculino,40449.54473,1.790309855,Esmeraldas,,1.529632698
8843,78,Femenino,73675.84328,1.656141688,Manta,bachiller,0
8844,48,Femenino,58402.48825,1.62559672,Santo Domingo,Master,2
8845,,Masculino,54010.0445,1.625982085,Quito,master,1
8846,25,Masculino,62571.92773,1.732859142,Manta,bachillers,3
8847,20,Masculino,61144.10333,1.601327477,Esmeraldas,bachiller ,
8848,65,Masculino,52059.9776,1.723805236,Quito,Secundaria,2
8849,63,Masculino,54994.7603,1.71589481,Manta,PhD,3
8850,26,Femenino,70960.94523,1.566613361,,master,0
8851,47,Femenino,72371.59811,1.794552543,Sto. Domingo,Master,1
8852,70,M,47427.16297,1.825165777,Esmeraldas,Secundaria,1
8853,28,Femenino,79195.10932,1.725140381,Manta,Master,3
8854,52,M,90135.86085,1.703863396,Esmeraldas,bachiller,1
8855,54,Masculino,55629.74919,1.649916063,Manta,mre,4
8856,78,Femenino,55270.189,1.653763885,Manta,PhD,2
8857,59,Femenino,46526.60505,1.656696675,Esmeraldas,sin  educacion,2
8858,30,Femenino,49971.18026,1.774331547,Sto. Domingo,,4
8859,53,Femenino,64852.07643,1.757278099,Quito,sin  educacion,1
8860,73,Femenino,94754.30845,1.50289835,Quito,Master,0
8861,30,Masculino,70925.09578,1.551838062,Santo Domingo,bachillers,4
8862,29,M,55017.92205,,Manta,bachillers,4
8863,54,Femenino,53629.0919,1.653504952,Quito,,2
8864,27,Femenino,50042.14597,1.743111837,,mre,0
8865,77,Femenino,75898.46488,1.646071332,Manta,mre,0
8866,73,Femenino,56351.49722,1.74189561,Santo Domingo,Secundaria,1
8867,26,Femenino,66814.0381,1.85964053,Quito,phd,0
8868,69,masculino ,56448.79541,1.641749641,Santo Domingo,bachillers,1
8869,24,Femenino,91770.63768,1.608494627,Esmeraldas,master,3
8870,19,Masculino,51987.17452,1.587296313,Santo Domingo,Master,13
8871,71,Masculino,49449.66553,1.596532093,Guayaquil,Ph.D,4
8872,73,Femenino,52774.19405,1.75543568,Esmeraldas ,mre,1.985261886
8873,77,Femenino,66360.14838,1.775857211,Santo Domingo,mre,1
8874,40,Femenino,81520.41856,1.762670288,,Master,1
8875,56,Masculino,,1.595076642,Santo Domingo,bachiller,4
8876,57,Femenino,70598.6367,1.661655101,Santo Domingo,Ph.D,1
8877,56,Femenino,68513.70676,1.661962299,Esmeraldas ,Secundaria,4
8878,38,masculino ,35024.75052,1.871644362,Guayaquil,PhD,4
8879,40,Masculino,59757.92957,1.729599226,Manta,Ph.D,2
8880,46,Masculino,55243.64031,1.711042718,,Secundaria,2
8881,31,Femenino,57881.53063,1.72779792,Guayaquil,Secundaria,3
8882,43,Masculino,47657.2035,1.65705573,Esmeraldas,master,3
8883,68,Femenino,73024.61726,1.740303308,Guayaquil,mre,0
8884,22,Masculino,60727.10126,1.652155247,Quito,mre,1
8885,72,Femenino,60636.47917,3.760174241,Guayaquil,bachiller,4
8886,48,Masculino,57791.52416,,Manta,bachiller,0
8887,192,Femenino,50560.49978,1.718894418,Santo Domingo,phd,2
8888,48,Femenino,33269.38267,1.767041884,Sto. Domingo,bachillers,4
8889,67,F,64075.26027,1.69200079,Guayaquil,bachiller ,0
8890,37,Masculino,61703.78319,1.712700263,Quito,Secundaria,2
8891,,Masculino,68013.62669,1.679882284,Quito,Master,1.889422382
8892,72,Masculino,,1.608689512,Esmeraldas,Secundaria,1
8893,34,Masculino,43810.65279,1.873400805,,mre,1
8894,62,Femenino,48078.05085,3.202726597,Quito,PhD,0
8895,19,Femenino,80091.80124,1.569434849,Quito,Secundaria,2
8896,42,Masculino,64784.04243,1.627693262,Manta,master,0
8897,30,Femenino,72048.24405,1.832874684,Esmeraldas,,48
8898,75,Femenino,73783.7459,1.927712876,Esmeraldas,Secundaria,2
8899,56,Masculino,45244.08466,1.737170627,Esmeraldas,mre,1
8900,45,Femenino,54892.427,1.778973442,Quito,bachillers,3
8901,59,Femenino,70215.19932,1.884646401,Santo Domingo,Secundaria,3
8902,156,Masculino,47766.97384,1.60390555,Quito,PhD,
8903,23,Masculino,53876.32662,1.739233995,Quito,,2
8904,20,M,52209.49679,1.882666239,Guayaquil,Secundaria,1
8905,,Masculino,48928.23462,,Esmeraldas,phd,2
8906,52,Femenino,58047.76912,1.672770149,Esmeraldas,PhD,4
8907,35,Masculino,52712.51855,1.73617149,Manta,master,1
8908,28,Masculino,54021.814,1.886265319,Esmeraldas,bachiller,2
8909,71,Masculino,64026.95027,1.715139225,Quito,bachiller,3
8910,37,Masculino,74971.32287,1.607628662,Guayaquil,Master,
8911,22,Femenino,71468.6856,1.761154703,Manta,Secundaria,4
8912,36,Masculino,62646.14124,1.609655679,,,3
8913,39,Masculino,84590.68247,1.62657064,Quito,PhD,2
8914,-8,Femenino,69885.12236,1.653475869,Manta,phd,4
8915,77,Femenino,72067.50552,1.698139022,Quito,,
8916,36,Femenino,57554.26632,3.153833424,Quito,,4
8917,79, femenino,54200.77547,1.741064761,Guayaquil,mre,3
8918,64,F,65640.45995,1.665267644,Guayaquil,Secundaria,1
8919,79,Femenino,73593.23825,1.781876218,Guayaquil,Ph.D,4
8920,33,Masculino,62616.65004,1.704090927,Esmeraldas,bachiller ,2
8921,41,Femenino,50502.6217,1.684597075,Manta,phd,
8922,58,F,40746.02035,1.688560345,Guayaquil,Ph.D,3
8923,21,Femenino,36277.09648,1.845988781,Quito,Secundaria,4
8924,32,Masculino,60638.20722,1.788244204,Esmeraldas,PhD,2
8925,42,Masculino,72239.43554,1.557121407,Manta,master,2
8926,61,Femenino,25454.08222,1.65006604,Guayaquil,Secundaria,3
8927,72,Masculino,1131004.963,1.70963673,Guayaquil,Secundaria,2
8928,52,Masculino,48440.57453,1.482381686,Manta,Ph.D,3
8929,,Masculino,65688.99071,1.742879003,Guayaquil,master,4
8930,31,Masculino,,1.615147413,Manta,Secundaria,4
8931,66,Femenino,41543.18738,1.626520037,Manta,bachiller ,0
8932,36,Masculino,50865.20927,1.629810444,,,3
8933,55,Masculino,48514.51545,1.82589476,Manta,Secundaria,1
8934,53,Femenino,60194.83791,1.760919522,Santo Domingo,Ph.D,3
8935,24,Femenino,56778.12157,1.654940845,Guayaquil,bachiller ,4
8936,142,Femenino,66637.22161,1.643768218,Quito,PhD,4
8937,36,Masculino,,1.716474523,Esmeraldas,phd,2
8938,66,Masculino,75224.51228,1.859562982,Santo Domingo,,0
8939,42,Femenino,53280.88185,1.674306427,Manta,master,1
8940,33,Masculino,69301.5888,1.513702908,Esmeraldas,bachiller ,0
8941,64,,64767.76377,1.716825333,Esmeraldas,master,3
8942,71,Masculino,55569.03046,1.727310823,Esmeraldas,Secundaria,2.206465019
8943,-19,F,70319.76016,1.736918649,Sto. Domingo,,4
8944,68,Masculino,47966.64238,1.696212344,Quito,Secundaria,2
8945,25,Femenino,78597.55038,1.713649678,Quito,bachiller ,1
8946,35,Masculino,48354.41673,1.6019607,Esmeraldas,bachiller ,2
8947,45,Femenino,39890.28092,1.809096634,Esmeraldas ,Ph.D,1
8948,33,Masculino,38718.92967,1.647627465,Guayaquil,Secundaria,0
8949,69,,61366.3618,1.674221038,Guayaquil,phd,4
8950,36, femenino,51537.52121,1.739330761,Quito,Ph.D,2
8951,131,Femenino,62718.59667,1.721192543,Santo Domingo,phd,
8952,34,Masculino,43459.77784,1.857630305,Santo Domingo,Secundaria,4.11988475
8953,62,Masculino,,1.830950922,Manta,mre,1
8954,30,Masculino,62761.00116,1.650669457,Esmeraldas ,Secundaria,4
8955,24,Femenino,53137.69843,3.541361348,Santo Domingo,master,3
8956,44,Masculino,69372.8062,1.794933726,Santo Domingo,Secundaria,3
8957,27,Femenino,68625.89698,1.713005095,Guayaquil,bachiller,1
8958,51,Masculino,61381.13468,1.633710424,Santo Domingo,bachiller ,4
8959,53,Femenino,73309.23055,1.69355124,Santo Domingo,Master,2
8960,42,Femenino,76657.48481,1.508349487,Esmeraldas,Ph.D,4
8961,23,Masculino,48171.64773,1.754316761,Guayaquil,PhD,3
8962,41,Femenino,76986.84445,1.568098947,Guayaquil,phd,2.187674353
8963,35,Femenino,46513.98003,1.74880706,Esmeraldas,phd,0
8964,40,Masculino,71573.10752,1.652096308,Guayaquil,,0
8965,23,Femenino,74208.14862,1.71275818,Guayaquil,bachiller,4
8966,46,Femenino,57380.22308,1.638402722,Manta,Secundaria,3
8967,79,Femenino,59201.0512,1.627825266,Quito,Secundaria,4
8968,42,Femenino,55514.57318,1.773417711,Guayaquil,Secundaria,1
8969,72,Masculino,47633.85728,1.637464331,Guayaquil,master,2
8970,34,Femenino,50433.25821,1.609809353,Manta,bachiller ,0
8971,63,Femenino,,1.594995648,Quito,mre,4
8972,41,Masculino,72835.4376,1.78549158,Quito,phd,3
8973,28,masculino ,59783.43617,,Manta,bachiller ,0
8974,43,Femenino,44848.34962,1.700542009,Manta,master,0
8975,68,Masculino,42806.35815,1.921252918,Esmeraldas,master,2
8976,79,M,58408.23903,1.631165791,Quito,Secundaria,
8977,,Masculino,52086.08461,1.621874428,Quito,mre,2
8978,45,F,77793.19971,1.808657958,Esmeraldas,mre,3
8979,20,M,49465.69894,1.581304621,Manta,PhD,3
8980,28,Masculino,68960.68979,1.808504626,Esmeraldas,Ph.D,4
8981,55,Masculino,,1.661902258,Esmeraldas,master,0
8982,78,Masculino,55747.52458,1.790288982,Santo Domingo,mre,1
8983,31,Masculino,62582.18113,1.743848762,Quito,Master,2
8984,68,,67793.74242,1.757472181,Manta,,0
8985,43,Femenino,66338.39967,1.655724097,Santo Domingo,,3
8986,,Femenino,51601.81312,1.660805556,Santo Domingo,Secundaria,3
8987,38,Femenino,61505.21388,1.647869727,Esmeraldas ,PhD,0
8988,71,Femenino,54378.20716,1.832898541,Manta,,0
8989,73,Masculino,38530.922,,Esmeraldas,Secundaria,3
8990,56,Masculino,63433.9115,1.89487613,,Secundaria,2
8991,47,M,78940.56925,1.723156573,Quito,,2
8992,,Femenino,83162.75181,1.681528122,Quito,Secundaria,
8993,25,Masculino,1758308.152,1.678376743,Esmeraldas,bachiller,4
8994,68,Femenino,63778.87893,1.630284191,Manta,Ph.D,3
8995,37,Masculino,20710.02794,1.722428782,Esmeraldas,sin  educacion,1
8996,65,masculino ,100909.9177,1.691155255,Esmeraldas,Ph.D,3
8997,49,Masculino,81464.52687,1.638573527,Manta,Secundaria,2
8998,39,masculino ,71387.03872,1.694086054,Quito,Ph.D,2
8999,76,Masculino,61079.96334,1.649955415,Manta,Ph.D,1
9000,24,Femenino,26537.31943,1.728696884,Quito,Secundaria,2
9001,26,Femenino,62734.58174,1.771509366,,Secundaria,
9002,62,Masculino,60476.52497,1.63725438,Guayaquil,PhD,2
9003,18,F,38861.13739,1.654303262,Guayaquil,,1
9004,46,Femenino,66722.42806,1.609599354,Guayaquil,bachillers,4
9005,-9,Femenino,,1.813390157,Quito,bachiller,3
9006,73,,65108.43292,1.522511601,Quito,bachillers,2
9007,71,Masculino,65059.35203,1.634155198,Manta,Secundaria,0
9008,21,Masculino,,1.770919016,Quito,master,1
9009,52, femenino,55158.4306,1.636878754,Manta,phd,1
9010,76,Femenino,71375.06032,1.633219986,Santo Domingo,bachillers,1
9011,20,Masculino,82856.92629,1.767236081,Sto. Domingo,bachillers,2
9012,71,Femenino,60618.90785,1.473241127,Guayaquil,mre,3
9013,62,F,48669.42767,1.702912908,Manta,Master,0
9014,,Masculino,39217.04756,1.644984446,Manta,Secundaria,2.143256918
9015,24,masculino ,67514.2129,1.647015989,Manta,PhD,1
9016,44,Masculino,69213.2777,1.806734831,Quito,PhD,1
9017,18,Masculino,65459.18986,1.697948417,Esmeraldas,mre,1
9018,44,Femenino,56465.66416,1.584589967,Esmeraldas,master,0
9019,33,Femenino,64156.92407,1.552056314,Sto. Domingo,,1
9020,55,Masculino,51965.84083,1.693944538,Quito,Secundaria,
9021,24,Masculino,49338.20073,1.562276089,Guayaquil,phd,0
9022,61,Masculino,45055.5289,,Esmeraldas,,1
9023,40,Femenino,45211.67818,1.589615122,Esmeraldas,bachiller,4
9024,-12,Masculino,67956.62282,1.698771384,Santo Domingo,phd,0
9025,76,Masculino,55960.95863,1.505478694,,Ph.D,4
9026,28,Masculino,49779.16171,1.510467577,Guayaquil,bachillers,0
9027,59,Masculino,39571.29707,1.679038151,Manta,bachiller ,2
9028,70,F,70065.92488,2.019898021,Manta,Ph.D,1
9029,-19,Femenino,76046.16492,,Santo Domingo,,2
9030,67,Masculino,44637.91884,1.769058299,Santo Domingo,master,0
9031,53,Femenino,58130.1429,1.650660054,Guayaquil,Secundaria,2
9032,54,Femenino,46011.56495,1.801684381,Guayaquil,Secundaria,1
9033,58,F,57873.21394,,Quito,mre,1
9034,76,Masculino,69118.6062,1.575354489,Manta,bachillers,0
9035,34,Femenino,84275.06441,1.675062779,Esmeraldas ,bachillers,0
9036,52,Femenino,53294.51962,1.521862508,Esmeraldas,bachiller ,4
9037,65,Masculino,70498.69027,,Guayaquil,bachiller ,3
9038,22,masculino ,70864.93371,1.738147988,Manta,master,2
9039,65,Femenino,57733.04327,1.634534963,Manta,,4
9040,49,M,77401.49689,1.656469602,Quito,Master,-5
9041,20,Masculino,55084.28603,1.793865797,Santo Domingo,bachiller ,1
9042,69,Masculino,66531.02312,1.649846385,Santo Domingo,master,0
9043,,M,51395.662,1.751226998,Sto. Domingo,Secundaria,2
9044,79,Masculino,67972.71527,1.640418228,Santo Domingo,Secundaria,3
9045,52,Femenino,66468.1596,1.791658028,Esmeraldas,bachiller ,1
9046,69,Masculino,77810.41829,1.830955244,Manta,master,1
9047,31,Femenino,87533.60959,1.503204348,Santo Domingo,Secundaria,4
9048,65,Femenino,73737.38648,1.601502259,Sto. Domingo,Ph.D,3
9049,78,Femenino,70059.90197,1.676452324,Esmeraldas,,1
9050,,Masculino,54139.7746,1.631534477,Quito,,3
9051,48,Masculino,26015.00679,1.785772215,Quito,,0
9052,48,Femenino,79474.54632,1.721936201,Esmeraldas,,-2
9053,176,Femenino,,1.605427193,Guayaquil,PhD,4
9054,77,Femenino,64694.72113,1.841754778,,Secundaria,4
9055,41,Femenino,44908.38163,1.839889311,Manta,bachiller ,2
9056,69,Femenino,80667.94121,1.566934526,Manta,,0
9057,40,Masculino,76576.24567,1.639438016,Guayaquil,master,0
9058,35,,-32809.3448,1.783438877,,Secundaria,3
9059,67,Masculino,62106.14783,1.792882201,,Ph.D,4
9060,71,Femenino,63642.02894,1.840375932,Guayaquil,bachillers,4
9061,31,Femenino,,1.947199204,Esmeraldas,,
9062,67,Masculino,43816.98265,1.741802514,,bachiller ,0
9063,32,Masculino,76373.41263,1.827665707,Manta,bachiller ,4
9064,32,Femenino,61046.00553,1.967096033,Santo Domingo,master,2
9065,23,Masculino,45750.85904,,,PhD,1
9066,44,Masculino,49958.85276,1.621589109,Quito,phd,
9067,,Masculino,41983.30279,1.725490337,Esmeraldas,Master,2
9068,67,Femenino,61131.29296,,Esmeraldas,master,2
9069,53,Femenino,71284.55701,1.881318095,Esmeraldas,bachillers,1
9070,72,Masculino,,1.714656566,Guayaquil,bachiller ,0
9071,25,M,49980.25086,1.683488383,Quito,Secundaria,4
9072,32,Masculino,54693.24391,1.572567013,Esmeraldas,master,2
9073,20,Masculino,67517.38768,1.707983019,Esmeraldas,Secundaria,2
9074,79,Femenino,74289.11738,1.582147413,Esmeraldas,Master,1
9075,64,Femenino,65561.69786,1.602797305,Guayaquil,Secundaria,2
9076,30,Femenino,-22025.73555,1.723622322,Sto. Domingo,bachillers,4
9077,58,Masculino,87253.58527,1.572254056,Manta,bachiller,0
9078,51,Masculino,35549.78697,1.735534672,Guayaquil,PhD,
9079,41,Masculino,82785.25239,1.794895583,Manta,Secundaria,0
9080,57,Femenino,79478.53573,1.594698376,Guayaquil,Master,2
9081,49,Masculino,42366.72157,1.641098246,Guayaquil,Secundaria,2
9082,78,Masculino,66956.69524,1.555347949,Manta,,4
9083,49,Masculino,69539.6091,1.759364076,Esmeraldas,Ph.D,0
9084,,Masculino,,1.551231928,Manta,sin  educacion,3
9085,69,Femenino,1799565.343,1.769957831,Santo Domingo,bachillers,1.999919159
9086,66,Femenino,62345.97899,1.728980797,Quito,master,0
9087,30,Femenino,43801.03538,1.915884129,Santo Domingo,PhD,0
9088,18,Masculino,54916.25042,1.867204477,Guayaquil,bachillers,0
9089,51,Masculino,81017.66204,1.581285821,Manta,master,3
9090,79,Masculino,85249.8614,1.882508063,Esmeraldas,,4
9091,32,Femenino,43446.25605,1.646529586,Esmeraldas,,3
9092,61,M,20028.96504,,Santo Domingo,Master,
9093,,M,78560.36695,1.649213734,Santo Domingo,Master,1
9094,74,Femenino,87336.19283,1.67119173,Guayaquil,phd,3
9095,46,Femenino,73151.48409,1.915914393,Quito,bachiller,2
9096,51,Masculino,55694.97212,1.418481717,Guayaquil,bachiller ,3
9097,35,Femenino,43744.09724,1.88522466,Esmeraldas,mre,0
9098,71,Femenino,69251.6352,1.782949858,Manta,Secundaria,1
9099,24,Femenino,,1.716780802,Santo Domingo,Secundaria,1
9100,46,Masculino,50102.86686,1.640117705,Esmeraldas,bachillers,2
9101,72,Femenino,-49428.95217,1.690740591,Guayaquil,Secundaria,3
9102,48,Femenino,53479.34205,1.785130253,Quito,Master,3
9103,78,M,71309.03407,1.796198463,Manta,bachiller ,3
9104,42,Masculino,29117.36629,1.616859211,,bachillers,2
9105,55,Masculino,65950.0879,1.777348929,Guayaquil,,3
9106,31,Femenino,-26964.88069,1.641188029,Guayaquil,bachiller ,1
9107,25,Femenino,87481.03305,1.682390078,Esmeraldas,PhD,1
9108,44,Femenino,64679.84531,1.831252363,Manta,,4
9109,71,Femenino,70616.11754,1.779362017,Guayaquil,PhD,3
9110,19,Masculino,45852.70164,,Esmeraldas,bachiller,3.757163383
9111,34,Femenino,56678.58745,1.713494284,Guayaquil,Secundaria,1
9112,54,Masculino,65917.60117,1.741937041,Esmeraldas,PhD,1
9113,31,Femenino,54608.67643,1.71487484,,PhD,0
9114,42,F,56366.03593,1.448300959,Esmeraldas,Ph.D,0
9115,73,Masculino,63944.44745,1.564536853,Quito,Secundaria,4
9116,47,Femenino,34301.18218,1.522654961,Santo Domingo,Secundaria,1
9117,46,Masculino,-42729.15894,1.636586623,Guayaquil,bachiller ,4
9118,37,Femenino,71831.94663,1.713787928,Sto. Domingo,Secundaria,3
9119,-9,Masculino,54095.33461,1.647784686,Manta,PhD,3
9120,78,Masculino,95048.58334,1.637902041,Santo Domingo,bachillers,1
9121,70,Femenino,61361.16678,1.525893018,Esmeraldas,Secundaria,2
9122,39,Femenino,32219.6224,1.57511942,Esmeraldas,sin  educacion,4
9123,52,Masculino,66658.12201,1.604447005,Manta,,1.969545396
9124,54,Masculino,44161.15828,1.788166496,Manta,Secundaria,3
9125,33,Femenino,65099.90323,1.743112832,Guayaquil,bachiller,4
9126,67,Femenino,51514.07709,1.778395096,Esmeraldas,bachillers,3
9127,75,Femenino,52508.63781,1.746194078,Manta,bachiller ,0
9128,66,Masculino,75527.36524,1.782230474,,Master,1
9129,60,Femenino,36247.71149,1.563404453,,,0
9130,34,Femenino,52721.17864,1.833619818,Manta,Secundaria,4
9131,33,Masculino,51044.70154,1.804804525,Guayaquil,Secundaria,0
9132,75,Femenino,80055.58689,1.662612918,Quito,bachiller ,4
9133,72,Femenino,54766.28398,1.796998063,Esmeraldas,bachillers,2
9134,19,,45876.34124,1.821582541,Esmeraldas,,1
9135,21,Femenino,63468.65276,1.694701431,Esmeraldas,master,2
9136,38,Masculino,46585.70724,1.75372156,Esmeraldas,bachiller ,3
9137,56,Femenino,48759.43866,1.648085469,Quito,Secundaria,1
9138,51,Femenino,70351.77325,1.831993924,Quito,,0
9139,47,Femenino,17008.92588,1.654788822,Guayaquil,bachiller ,4
9140,23,Femenino,45539.57502,1.731383254,Esmeraldas ,bachillers,1
9141,34,Femenino,49848.47546,1.695696817,Manta,sin  educacion,3
9142,56,Femenino,83176.90301,1.641747275,Santo Domingo,Master,2
9143,42,Masculino,66679.96224,1.529529079,,Secundaria,3
9144,22,Masculino,59524.10021,1.788617011,Quito,master,0
9145,22,Masculino,58451.97075,1.696455045,Guayaquil,Secundaria,4
9146,37,Femenino,61852.02807,1.8831728,Esmeraldas,,4
9147,33,Femenino,63684.03693,1.821672045,Guayaquil,bachiller,0
9148,68,Femenino,61883.03307,1.820242032,,bachiller,4
9149,58,Masculino,89198.6089,1.773340074,Manta,phd,1
9150,54,Femenino,53411.94842,1.775423959,Manta,bachiller,1
9151,-15,Masculino,62615.81444,1.715643087,Manta,Secundaria,0
9152,26,Femenino,60569.8816,1.782451568,Santo Domingo,bachiller ,0
9153,22,Femenino,74089.18562,1.6552086,Guayaquil,phd,3
9154,59,Masculino,49601.63579,,Guayaquil,bachillers,4
9155,74,Masculino,54497.75405,1.770772582,Santo Domingo,bachiller ,2
9156,19,Masculino,37325.19426,1.773013961,Esmeraldas,mre,0
9157,26,Masculino,74805.22254,1.567841106,Guayaquil,Secundaria,3
9158,60,Masculino,37156.5413,1.751372252,Santo Domingo,Ph.D,-5
9159,53,Masculino,68093.3468,1.749824057,Santo Domingo,Master,0
9160,39,Femenino,85216.4354,1.807904984,Quito,Ph.D,1
9161,186,Masculino,88886.03131,1.689431083,,bachiller ,4
9162,39,Femenino,,1.547797741,Guayaquil,phd,0
9163,51,Femenino,54811.836,1.651601803,Manta,,18
9164,72,Femenino,58888.21619,1.651240951,Esmeraldas,bachiller ,3
9165,46,Femenino,73511.08995,1.688273384,,Master,0
9166,55,Femenino,58018.56068,1.712211688,Manta,Secundaria,2
9167,76,Masculino,55893.9248,1.676269195,Santo Domingo,Secundaria,1
9168,63,Masculino,76090.5851,1.739606547,Guayaquil,Secundaria,2
9169,50,Masculino,60655.12927,1.590182798,Santo Domingo,Ph.D,1
9170,35,Femenino,57703.66826,1.735984083,Quito,Secundaria,0
9171,24,Masculino,46858.02357,1.624105505,Santo Domingo,phd,0
9172,18,Femenino,75405.45575,1.679856292,,Ph.D,4
9173,50,Femenino,63706.17202,2.795592949,Santo Domingo,Master,1
9174,18,Femenino,59824.16176,1.794370308,Santo Domingo,,3
9175,41,Femenino,32070.37854,1.669387844,Santo Domingo,bachiller,2
9176,-8,Masculino,74317.47593,1.733880049,Santo Domingo,Master,3.323813234
9177,21,Masculino,42986.28197,1.617882965,Guayaquil,Secundaria,1
9178,78,Masculino,66778.78442,1.644021721,Esmeraldas,master,3
9179,35,Masculino,48321.98528,1.603394646,Manta,Master,
9180,44,Masculino,43903.51585,1.715880432,Esmeraldas ,bachiller ,4
9181,60,Femenino,73922.27227,1.75752589,Esmeraldas,Ph.D,4
9182,76,Masculino,61524.86849,1.599882231,Guayaquil,mre,3
9183,49,Femenino,60615.60178,1.713992075,Quito,master,3
9184,50,Femenino,89257.64234,1.675511047,Quito,PhD,1
9185,45,Femenino,89025.53603,1.719412122,Santo Domingo,sin  educacion,-2
9186,59,Masculino,56295.68848,1.610155127,Manta,Secundaria,3
9187,58,,40392.806,1.74650207,Manta,Master,1
9188,72,,81207.17733,1.672115368,,Secundaria,1
9189,53,Masculino,39830.8717,1.686157898,Esmeraldas,Secundaria,3.700143667
9190,77,Femenino,67127.98414,1.934052885,Santo Domingo,master,2
9191,23,Femenino,55981.61337,1.523804378,Manta,Secundaria,0
9192,-5,Femenino,61139.99131,1.754024998,Santo Domingo,mre,1
9193,33,Masculino,-23284.17816,1.743524513,Esmeraldas,Ph.D,4
9194,51,,48197.33405,1.763054059,Quito,phd,0
9195,,Femenino,50877.58914,1.758570254,Esmeraldas,PhD,1
9196,67,Masculino,71370.786,1.719327014,Quito,,2
9197,59,Masculino,86832.27461,1.74083852,Esmeraldas,bachiller,0
9198,41,Femenino,97112.60945,1.96857816,Santo Domingo,,4
9199,73,Masculino,38237.83991,1.682768192,Esmeraldas,,0
9200,66,Masculino,53705.84061,1.681731647,Manta,master,3
9201,30,Masculino,44526.85708,1.593298902,Guayaquil,Master,1
9202,73,Masculino,1306561.411,1.61750434,Guayaquil,sin  educacion,3
9203,35,,60913.0112,,Manta,mre,2
9204,71,Masculino,73166.81062,1.736898038,Manta,bachiller ,0
9205,30,Masculino,54073.28396,1.688730566,Quito,,3
9206,122,Femenino,70492.92007,1.765244389,Santo Domingo,bachiller ,2
9207,54,Masculino,57315.89652,1.659914783,Santo Domingo,,3
9208,60,Masculino,62133.45726,1.948526018,Quito,bachiller ,4
9209,56,Masculino,51356.38546,1.71526854,Manta,bachiller ,-3
9210,78,Femenino,80400.65423,1.767388595,Esmeraldas,PhD,1
9211,59,Masculino,41059.23946,1.716153122,Quito,bachiller,3
9212,34,Masculino,58294.04853,1.639773078,Santo Domingo,Secundaria,3
9213,32,Femenino,86713.25974,1.649283719,Guayaquil,,3
9214,35,Masculino,79139.72603,1.585325313,Santo Domingo,Master,3
9215,40,Femenino,47351.73267,1.52776191,Esmeraldas,master,3
9216,71,Femenino,48114.55545,1.79498034,,Secundaria,0
9217,68,Masculino,67711.12048,1.639075554,Quito,bachiller,0
9218,47,Femenino,69749.00599,1.693576255,Guayaquil,Ph.D,4
9219,75,Masculino,77848.55581,1.853275778,Santo Domingo,,0
9220,51,Masculino,38861.1038,1.816893356,Quito,,2
9221,75,Femenino,,1.71499383,Quito,phd,1
9222,21,Femenino,46478.54699,1.678932604,,bachiller ,3
9223,20,Masculino,80020.10676,1.684659571,Guayaquil,Secundaria,3
9224,,Masculino,35768.65376,1.920249969,Quito,PhD,3
9225,73,Femenino,,1.717239077,Guayaquil,bachiller,4
9226,35,Masculino,85815.23212,1.999190688,Esmeraldas,bachillers,4
9227,59,Masculino,86640.56456,1.569937374,Esmeraldas,bachiller,2
9228,24,,61505.03011,1.704695093,Esmeraldas,bachiller,3
9229,57,Femenino,55060.65774,1.816576762,Quito,bachillers,4
9230,23,Masculino,59759.19406,1.808009906,Guayaquil,Master,3
9231,39,Masculino,66220.91926,1.763159466,,bachiller ,0
9232,,Masculino,67572.15936,1.638968722,Manta,bachiller,3
9233,18,Femenino,55579.01146,1.568696882,,bachillers,2
9234,21,Femenino,30967.90131,1.682118857,Quito,master,2
9235,63,Femenino,51844.44648,1.804325613,Manta,master,-3
9236,66,Masculino,36674.95074,1.87000227,Santo Domingo,Secundaria,3
9237,69,Femenino,,1.711084623,Manta,Secundaria,2
9238,67, femenino,65533.40252,1.690188177,Santo Domingo,bachiller,14
9239,60,Femenino,58331.26828,1.720877629,Manta,,4
9240,46,Masculino,56238.48863,,,bachiller ,0
9241,38,Femenino,89491.56361,1.818662721,Manta,Secundaria,2
9242,,Masculino,77195.90513,1.663163717,Esmeraldas,Ph.D,4
9243,31,Masculino,-14366.79154,1.68817199,Santo Domingo,PhD,3
9244,26,Femenino,51929.26276,1.746200845,Santo Domingo,Secundaria,1
9245,76,Masculino,79349.95856,1.636776829,Esmeraldas,bachillers,3
9246,64,Femenino,-37016.15443,1.608062522,Guayaquil,Secundaria,3
9247,29,Femenino,50275.07038,1.840357731,Manta,phd,0
9248,59,Masculino,51141.21389,1.697601975,Guayaquil,Master,3
9249,68,Masculino,69927.92578,1.789065439,Guayaquil,,1
9250,73,Femenino,74284.80213,1.76902778,Manta,,4
9251,68,Femenino,69534.00612,1.562464201,,Secundaria,4
9252,23,M,69863.35176,1.634750196,Santo Domingo,Secundaria,1
9253,37,Masculino,55435.93732,1.706379434,Santo Domingo,Master,0
9254,41,Femenino,51837.27481,1.675941544,Santo Domingo,Master,1
9255,44,Masculino,62228.71997,1.724479484,Quito,,4
9256,55,M,58769.63024,1.718559805,Quito,bachiller ,1
9257,25,,44988.10408,1.778560838,Santo Domingo,bachiller ,0
9258,18,Femenino,59516.25161,1.695634771,Quito,Secundaria,3
9259,165,Masculino,70349.50756,1.706944856,Quito,master,3
9260,66,Masculino,997987.8395,1.556260414,,bachiller,4
9261,66,Masculino,,1.639887423,Manta,Master,0
9262,41,,41222.75362,1.644838706,,Ph.D,3
9263,64,F,47637.6991,1.65559578,Quito,bachiller ,3
9264,24,Masculino,51408.21306,1.662894567,,Master,3.257933777
9265,36,Femenino,,1.759997004,Esmeraldas,bachiller ,4.682494417
9266,39,Femenino,63185.71969,1.877207341,Sto. Domingo,Master,3
9267,74,Femenino,46709.18566,1.565017999,Esmeraldas,mre,2
9268,72,Masculino,31915.92979,1.679974413,Guayaquil,Secundaria,-3
9269,77,Masculino,42198.8578,1.613395023,Guayaquil,PhD,4
9270,52,Femenino,33700.76285,1.566160365,Santo Domingo,,4
9271,79,F,73102.13484,1.647216143,Manta,mre,2
9272,47,Femenino,44113.74869,,Guayaquil,bachillers,0
9273,46,Femenino,70208.44264,1.723259779,Manta,Master,2
9274,39,M,68157.04835,,Santo Domingo,Ph.D,3
9275,28,Femenino,,1.670153811,Esmeraldas,master,0
9276,37,Masculino,49280.14326,1.73078498,Esmeraldas,mre,4
9277,79,Masculino,66070.89022,1.556822522,Esmeraldas,bachiller,1
9278,46,Masculino,61825.25141,1.598716957,Guayaquil,Ph.D,1
9279,68,Masculino,61866.99976,1.735508465,Manta,master,2
9280,58,Femenino,59714.76071,1.597648586,Guayaquil,bachiller,2
9281,59,Masculino,72628.72302,1.495825923,,master,-5
9282,51,,70988.46927,1.860237377,Manta,bachiller,2
9283,18,Masculino,59962.20098,1.734216186,Santo Domingo,Ph.D,4
9284,-13,Femenino,53109.02671,1.801609396,Guayaquil,Secundaria,3
9285,47,Femenino,51384.48701,1.627466494,,phd,4
9286,65,F,60531.42222,1.561746804,,bachiller ,1
9287,35,Femenino,63327.33878,1.728774241,Esmeraldas,Ph.D,1
9288,72,Femenino,58628.08943,1.5898313,Guayaquil,bachiller ,1
9289,75,Masculino,40623.05664,1.801926792,Guayaquil,bachiller ,3
9290,34,Femenino,55430.11943,1.72385255,Esmeraldas,phd,3
9291,55,Masculino,52093.78432,1.719510426,Esmeraldas,Secundaria,-4
9292,31,Femenino,60226.19242,1.720603352,Esmeraldas,PhD,1.526420317
9293,40,Masculino,98042.37151,,Quito,bachiller ,
9294,42,Masculino,66452.30714,1.765489649,Guayaquil,Secundaria,3
9295,32,Masculino,78933.62036,1.679742242,Esmeraldas,bachillers,3
9296,63,Femenino,49738.74657,1.713670474,,Secundaria,3
9297,73,Masculino,60328.30937,1.61300979,Esmeraldas ,PhD,2
9298,39,Femenino,78430.13723,1.647580829,Guayaquil,PhD,3
9299,20,Femenino,36293.36504,1.82514266,Santo Domingo,bachillers,2
9300,73,Masculino,56498.77766,1.704250027,Guayaquil,Secundaria,1
9301,72,,69309.81917,1.776273281,Esmeraldas ,bachiller,0
9302,36,Femenino,58911.26824,1.611047349,Guayaquil,Secundaria,4
9303,74,Femenino,51481.60238,1.784647794,Manta,bachillers,0
9304,61,Femenino,52324.16676,1.680222557,Santo Domingo,Ph.D,4
9305,51,Femenino,,1.72273187,Quito,Master,4.214216798
9306,52,Femenino,36442.67804,1.706047939,Quito,bachillers,2
9307,67,Femenino,61869.41362,1.718212903,,Master,3
9308,78,Masculino,70887.80478,1.689074183,Guayaquil,phd,2
9309,18,M,54568.02665,1.828424076,Quito,mre,
9310,69,Femenino,36600.32696,1.5494887,Santo Domingo,Secundaria,3
9311,38,Masculino,52319.43971,1.753346609,Esmeraldas,Master,4
9312,46,Masculino,58143.51187,1.633160595,Santo Domingo,bachillers,4
9313,23,Masculino,43852.02453,1.604375146,Guayaquil,,3
9314,54,Femenino,60459.48461,1.913823067,Santo Domingo,Secundaria,0
9315,18,Masculino,62580.70831,1.604903417,Guayaquil,PhD,0
9316,68, femenino,78038.79826,1.518274184,Santo Domingo,Secundaria,4
9317,18,Femenino,57526.14632,1.795586979,Manta,bachiller ,1
9318,44,Femenino,61675.85595,1.650667524,Santo Domingo,Secundaria,2
9319,38,Femenino,-21823.52778,1.827460452,Quito,master,0
9320,70,Femenino,52842.39047,1.474864676,Esmeraldas,master,3
9321,33,Masculino,70562.83116,,Manta,Secundaria,4
9322,61,Femenino,56482.55761,1.7943434,,Master,2
9323,76,Masculino,72399.03411,1.679198825,Guayaquil,,2
9324,78,Femenino,59298.17051,1.526736644,Manta,,4
9325,71,masculino ,42842.50292,1.566847741,Esmeraldas ,sin  educacion,2
9326,57,Femenino,,1.630868616,Esmeraldas,bachiller ,
9327,43,Femenino,96275.849,1.771361274,,PhD,4
9328,33,,58493.07575,1.613802788,Santo Domingo,phd,2
9329,45, femenino,,1.494982984,Quito,bachillers,2
9330,18,,42925.36621,1.722787898,Quito,Secundaria,0
9331,53,Masculino,49307.15832,1.799629532,Esmeraldas,Secundaria,-5
9332,27,Femenino,46600.71958,1.919706574,Esmeraldas,Secundaria,
9333,60, femenino,43511.89318,1.597431523,Quito,bachillers,0
9334,34,Femenino,81935.48828,1.607988798,Esmeraldas,phd,3.091721837
9335,74,Femenino,69969.93852,1.400609374,Guayaquil,master,0
9336,76,Femenino,57002.67523,1.545253668,Esmeraldas,Secundaria,3
9337,,Masculino,51190.96136,1.593370923,Guayaquil,sin  educacion,3
9338,24, femenino,57574.58089,1.61066559,,bachillers,1
9339,61,Masculino,86711.61286,1.646624728,Manta,master,2
9340,70,Femenino,,1.759178195,Manta,Ph.D,3
9341,24,Femenino,36342.52066,1.751149506,Manta,Ph.D,4
9342,61,Femenino,70010.29965,1.648622311,Guayaquil,bachiller ,4
9343,32,Masculino,75122.00844,1.701522543,Guayaquil,master,
9344,51,F,81774.51419,1.564223514,Santo Domingo,phd,0
9345,63,Femenino,54714.92612,1.643450097,Santo Domingo,Master,1
9346,62, femenino,54871.79383,1.570798467,Esmeraldas,master,0
9347,21,Masculino,90184.21507,1.626017853,Guayaquil,bachiller ,1
9348,31,Femenino,68932.49592,1.885568374,Esmeraldas ,mre,3
9349,31,Femenino,58723.85851,1.714532142,Manta,,0
9350,33,Masculino,67550.50626,1.640575869,Manta,Master,3
9351,24,Femenino,-38716.98358,1.747785085,Guayaquil,Secundaria,
9352,49,Femenino,64518.37215,,Guayaquil,mre,4
9353,36,Masculino,64274.85393,1.868388971,Esmeraldas,,0
9354,19,Masculino,72512.60195,1.735263266,,bachillers,3
9355,27,Femenino,,1.583931715,Quito,,31
9356,67,Masculino,65331.4196,1.831901673,Santo Domingo,Ph.D,4
9357,78,Masculino,42501.1688,1.761929009,Guayaquil,mre,0
9358,34,Femenino,88132.79167,3.270534449,,bachiller ,1
9359,54,Femenino,53711.93908,1.782646879,Guayaquil,bachiller,0
9360,-14,Femenino,1447917.278,1.772890623,Esmeraldas ,Master,0
9361,23,Femenino,101660.4129,1.751193043,Manta,Master,2
9362,39,,52183.87716,1.683848489,,sin  educacion,3
9363,49,Masculino,61424.46437,1.790643481,,,2
9364,58,Femenino,34569.82213,1.6827804,Quito,phd,
9365,186,Femenino,59204.89308,1.832817591,Esmeraldas,master,1
9366,18,Femenino,85090.70746,1.74979733,,phd,3
9367,71,Femenino,70574.116,1.71873566,Esmeraldas,bachiller,1
9368,64,Masculino,34487.46559,1.763251874,,Secundaria,1
9369,70,Masculino,48552.31648,3.782572718,Quito,Secundaria,4
9370,,Femenino,73772.71767,1.827488202,,Secundaria,-4
9371,23,Femenino,69549.63977,1.794888271,Quito,bachiller,1
9372,36,Masculino,,1.707291392,Quito,Secundaria,0
9373,35,Masculino,65956.0354,1.37413086,Quito,,2
9374,23,Masculino,42027.64043,1.78631134,Santo Domingo,Master,2
9375,,Masculino,40394.87578,1.741661414,Quito,Secundaria,1
9376,50,Femenino,22600.62728,1.942719616,Guayaquil,Secundaria,0
9377,40,Masculino,73880.80511,1.570068094,,phd,4
9378,40,,58422.36795,1.678154746,Santo Domingo,bachillers,3
9379,43,Masculino,60063.3318,1.545367631,Esmeraldas,phd,2
9380,30,Femenino,13952.39892,,Esmeraldas,bachillers,2
9381,24,Femenino,59255.49392,1.855795641,Guayaquil,sin  educacion,4
9382,32,Masculino,68265.83262,1.533539658,,,1
9383,61,Masculino,28658.29828,1.56075753,Manta,bachiller,2
9384,44,M,60662.99878,1.757996749,Quito,Secundaria,2
9385,43,Femenino,59002.40182,1.719369675,Esmeraldas,bachiller,3
9386,50,Masculino,53020.47242,1.667073353,Esmeraldas,bachiller ,-5
9387,32,Femenino,79614.34191,1.443398068,Guayaquil,Ph.D,4
9388,53,Masculino,76015.1592,1.826622899,,Secundaria,1.982072849
9389,62,Femenino,109765.3058,3.214502083,Guayaquil,Ph.D,4
9390,72, femenino,41806.08786,1.597953811,Santo Domingo,Secundaria,3
9391,44,Masculino,66429.62151,1.732149072,Quito,PhD,4
9392,74,Femenino,82498.09738,1.825608955,Santo Domingo,Secundaria,0
9393,22,Masculino,49617.07315,1.673374509,Guayaquil,bachiller ,3
9394,,Femenino,85368.83781,1.635069391,Guayaquil,,2
9395,19,Femenino,65473.55892,1.703550999,Esmeraldas,Secundaria,1
9396,-6,Femenino,33799.55356,1.738280691,Santo Domingo,phd,2
9397,75,,40711.91072,,Santo Domingo,bachiller ,0
9398,50,Masculino,51294.68189,1.675403311,Quito,PhD,3
9399,33,Masculino,58676.53501,1.823062737,Santo Domingo,bachiller,2
9400,40,Femenino,78576.61548,1.612215889,Quito,bachillers,0
9401,55,Masculino,58654.95206,1.682723603,Manta,Secundaria,2
9402,72,Masculino,77989.40272,1.682257245,,PhD,1
9403,33,Masculino,61619.27472,1.545951483,Guayaquil,bachiller ,2
9404,31,Masculino,,1.736303537,Manta,Ph.D,2
9405,46,Femenino,55620.85047,1.709340999,Esmeraldas,bachiller,2
9406,43,Masculino,74730.36841,1.680925581,Esmeraldas,Secundaria,0
9407,52, femenino,61942.16585,1.750599187,Esmeraldas,mre,3
9408,32,Femenino,49011.67977,1.680505918,Guayaquil,master,4
9409,20,Femenino,64981.19409,1.841000376,Esmeraldas,,0
9410,40,Femenino,53140.12934,1.747057924,Quito,Master,4
9411,46,Masculino,52311.16994,1.737485111,Guayaquil,Secundaria,4
9412,,Masculino,77739.72793,1.632605811,Santo Domingo,Secundaria,2
9413,50,Masculino,-15890.35299,1.511188498,Guayaquil,Secundaria,1
9414,58,Femenino,92018.93327,1.780281626,,phd,4
9415,58,Masculino,71028.9657,1.511156245,Santo Domingo,bachiller,4
9416,40,Femenino,-14613.3359,1.6732089,,bachillers,2
9417,24,Masculino,47483.56525,1.788066735,Manta,master,1
9418,20,Masculino,41388.60274,1.613265666,,mre,2
9419,75,Masculino,69089.14307,1.653884861,Guayaquil,bachiller,4
9420,49,Femenino,47150.77159,1.560584159,Esmeraldas,bachiller ,0
9421,48,Masculino,26015.7635,1.607805178,Santo Domingo,bachiller,4
9422,35,Femenino,35228.46294,1.620476435,Santo Domingo,Secundaria,0
9423,121,Femenino,43437.90936,1.653765304,Manta,Secundaria,3
9424,24,Femenino,65052.80124,1.712927013,Guayaquil,Secundaria,1
9425,58,Masculino,58760.65203,1.723136187,Esmeraldas,,
9426,18,Masculino,,1.844569061,Esmeraldas,Secundaria,2
9427,78,Femenino,46392.14064,1.651360399,Manta,bachillers,4
9428,31,Femenino,55134.64226,1.755665344,Esmeraldas,mre,2.492563629
9429,69,Femenino,86210.00191,1.636442607,Quito,Master,1
9430,49,Femenino,54882.31353,1.867589346,Santo Domingo,Secundaria,0
9431,23,Femenino,63366.81755,1.712351927,Santo Domingo,mre,0
9432,56, femenino,50155.58223,1.679295939,Esmeraldas,bachiller ,2
9433,27,M,56616.84461,1.620833549,Esmeraldas,Master,2
9434,24,Masculino,67129.02183,1.790606552,,PhD,4
9435,43,Femenino,69856.40284,1.712975169,Santo Domingo,bachiller,3
9436,51,,61771.93731,1.720450322,Esmeraldas,bachiller ,
9437,47,Masculino,56102.46694,1.59439015,Quito,Secundaria,0
9438,,Masculino,61953.08822,1.621774531,Quito,,0
9439,38, femenino,48958.07144,1.523832734,Santo Domingo,bachiller ,40
9440,79,,56767.53334,1.64906496,Guayaquil,Master,4
9441,77,Femenino,64985.09104,1.652058818,Guayaquil,PhD,2
9442,34,Masculino,74804.87524,1.56554657,Guayaquil,,3
9443,50,Femenino,46327.24457,1.692761436,Quito,PhD,2
9444,27,Femenino,-37802.24296,1.665176409,Manta,bachiller,-3
9445,68,Femenino,44923.77345,1.627406719,Guayaquil,mre,2
9446,64,Masculino,,1.614262392,Manta,master,1
9447,59,Femenino,75007.56266,1.71657796,Santo Domingo,,0
9448,,Masculino,51952.10098,1.622182797,Quito,Master,3
9449,29,Femenino,58560.07101,1.864439769,Guayaquil,Ph.D,46
9450,73,Femenino,41448.0969,1.681634903,Quito,PhD,3
9451,33,Masculino,51583.1907,1.791841437,,bachiller,0
9452,58,,36774.47545,1.585446237,Quito,,0
9453,49,Masculino,64180.98641,1.683786356,Esmeraldas,sin  educacion,2
9454,32,Femenino,65521.40259,1.604683385,Guayaquil,Master,0
9455,79,F,65053.33666,1.742607327,Guayaquil,bachiller,
9456,44,Femenino,66016.53553,1.693755978,Quito,PhD,0
9457,45,Masculino,65080.69961,1.897858751,Quito,Secundaria,4.461954868
9458,,Masculino,37105.65853,1.662165606,,bachiller,
9459,63,Femenino,48183.2228,1.523964753,Guayaquil,mre,0
9460,76,Masculino,26344.0236,1.69403299,Guayaquil,Secundaria,4
9461,67,Femenino,53046.3833,1.719782847,Esmeraldas,master,3
9462,75,Masculino,46939.02536,1.63736723,Esmeraldas,PhD,1
9463,19,F,59419.67807,1.624592161,Quito,,1
9464,53,Femenino,96891.93972,1.580247868,Guayaquil,bachiller,4
9465,67,Femenino,71734.16219,1.748147636,Guayaquil,mre,
9466,24,Femenino,82943.69177,,Quito,,4
9467,30,Masculino,72321.22606,1.943155864,,phd,2
9468,32,Femenino,58498.87459,1.683315848,Guayaquil,Secundaria,0
9469,42,masculino ,59854.49644,1.715270466,Quito,Ph.D,1
9470,40,Femenino,72968.77866,1.67582193,Quito,bachillers,0
9471,77,Femenino,63725.26497,1.970692123,Manta,mre,1
9472,39,F,55680.58798,1.761775306,Esmeraldas,phd,3
9473,43,Masculino,1469677.024,1.700222697,Quito,bachillers,3
9474,50,Femenino,,1.910282875,Guayaquil,master,4
9475,28,Masculino,38622.43531,1.694049656,Esmeraldas,bachiller ,0
9476,114,,57294.46135,2.054209501,Esmeraldas,PhD,4
9477,186,Femenino,60753.56533,1.866389116,Esmeraldas,mre,2
9478,54,F,53934.46773,1.69788359,Quito,Ph.D,4
9479,65,Masculino,54222.59291,1.751261441,Guayaquil,Ph.D,4
9480,60,Masculino,53740.78906,1.712690515,Manta,PhD,
9481,70,Masculino,33229.41937,1.7754051,Santo Domingo,phd,1
9482,55,Femenino,30561.99776,1.642040307,Santo Domingo,PhD,
9483,58,Masculino,50199.10108,1.909678868,Esmeraldas,bachiller ,2.514819774
9484,62,Masculino,53992.54893,1.634727741,Santo Domingo,Secundaria,0
9485,41,Femenino,39910.56688,1.725469819,Santo Domingo,Secundaria,3
9486,57,Masculino,44636.58412,1.736734254,Quito,PhD,0
9487,63,Femenino,56203.05945,1.668458277,Manta,Ph.D,3
9488,73,Masculino,75465.8782,1.571086226,Santo Domingo,PhD,1
9489,50,F,74479.49047,1.724102339,Manta,,4
9490,34,Masculino,74982.28811,1.724775416,,phd,2
9491,41,Femenino,44845.13227,1.667115248,Esmeraldas,,2
9492,54,Femenino,56665.76328,1.671058384,Esmeraldas,bachiller,2
9493,74,Masculino,78534.64621,2.568226932,Manta,Secundaria,0
9494,19,Femenino,33529.62847,1.824550145,Manta,Ph.D,2.087022864
9495,49,Masculino,53108.26934,1.817462629,Manta,Secundaria,1
9496,74,Femenino,63332.51011,1.748157879,Manta,bachillers,4
9497,,Femenino,34423.0553,1.657120611,Guayaquil,Secundaria,0
9498,79,Femenino,66432.90735,1.665998298,,bachiller ,4
9499,41,Femenino,83204.89612,1.675627244,Santo Domingo,PhD,3
9500,26,,78368.77112,2.769953864,Guayaquil,bachillers,1
9501,21,Femenino,-34857.64632,1.589824296,Manta,Ph.D,2
9502,34,Femenino,72215.92544,1.622048816,Santo Domingo,Secundaria,4
9503,34,M,34255.04804,1.76023591,,bachillers,3
9504,70,Masculino,64175.29284,1.635798303,Manta,,4.7463126
9505,67,M,55429.88495,1.703603836,Quito,master,2
9506,65,Femenino,57758.47351,1.700109047,Manta,mre,4
9507,47,Femenino,61557.45041,,Santo Domingo,PhD,4
9508,57,Masculino,65814.47793,1.633973999,,bachillers,4
9509,75,Femenino,38218.65778,1.369177051,Manta,Master,1
9510,28,Masculino,45293.14113,1.638349556,Esmeraldas,,3.657449722
9511,38,Femenino,56156.0804,1.607592026,Sto. Domingo,mre,4
9512,38,Femenino,33320.08319,1.48993361,Quito,Secundaria,1
9513,164,Femenino,62058.74104,1.64466821,Sto. Domingo,,0
9514,72,Femenino,72490.77367,1.631541385,Quito,Secundaria,3
9515,46,Femenino,80882.14239,1.697256346,Guayaquil,mre,0
9516,41,Masculino,61446.29446,1.752435577,Esmeraldas,PhD,1
9517,27,Femenino,88295.77513,1.887455988,Esmeraldas,mre,1
9518,62,Masculino,59474.34398,1.709317669,Guayaquil,phd,0
9519,34,Masculino,41148.17567,1.703011352,,mre,0
9520,35,Femenino,59160.69208,1.899788199,Guayaquil,Ph.D,1
9521,59,Femenino,56914.90692,,Manta,master,1
9522,65,Femenino,67742.36455,1.57969668,Santo Domingo,sin  educacion,3
9523,37,Masculino,64059.39028,1.760227508,Esmeraldas,bachiller ,1
9524,54,Masculino,62989.11619,1.831543169,Guayaquil,phd,1
9525,62,Masculino,74503.65239,1.843203482,Santo Domingo,Secundaria,2
9526,35,M,53550.62592,1.519543754,Manta,Secundaria,-3
9527,34,Masculino,,1.522440274,Quito,Secundaria,2
9528,26,Masculino,64212.99779,1.688288988,Esmeraldas,Ph.D,4
9529,31,Masculino,61709.18176,1.770896358,Santo Domingo,,
9530,66,Femenino,59014.42782,1.661865868,Santo Domingo,PhD,1
9531,46,M,40930.79184,1.582286907,Sto. Domingo,,2
9532,48,Masculino,56191.31047,1.572671774,Guayaquil,,3
9533,21,Femenino,57153.09202,1.803614622,Esmeraldas,master,3
9534,35,Femenino,49159.12965,1.806655149,Esmeraldas,Master,3
9535,76,,39631.72483,1.763058562,Guayaquil,mre,1
9536,37,Masculino,51652.12938,1.694987923,Guayaquil,mre,2
9537,185,F,52898.6199,1.613228172,Guayaquil,Secundaria,24
9538,73,Masculino,39895.31597,1.509184945,Manta,Secundaria,1
9539,64,Femenino,39879.62723,1.549769589,Esmeraldas ,mre,3
9540,60,Masculino,28620.87491,1.496187042,,phd,2
9541,61,Femenino,64426.09758,1.669981152,Esmeraldas,bachillers,4
9542,26,Femenino,74670.55208,1.74657084,Guayaquil,master,0
9543,30,Masculino,60241.53369,1.706579461,Santo Domingo,Master,1
9544,32,Masculino,53935.28035,1.841615681,Quito,PhD,2
9545,-16,Masculino,39149.86704,1.717881967,Santo Domingo,Secundaria,0
9546,32,Femenino,26926.81399,1.535608389,,phd,0
9547,45,Femenino,59505.3982,1.686327165,Santo Domingo,bachillers,4
9548,183,Masculino,69235.02666,1.68937224,,,4
9549,72,Femenino,47513.87289,1.749952553,Esmeraldas ,Ph.D,1
9550,36,masculino ,75831.14572,1.784751425,Quito,mre,1
9551,43,Masculino,49666.67852,1.747211276,Esmeraldas,Secundaria,2
9552,69,Masculino,76274.97424,1.651330442,Santo Domingo,Master,4
9553,43,Femenino,,1.838026879,Manta,master,4
9554,42,Femenino,20056.01936,1.783669916,Guayaquil,,2
9555,43,Masculino,69395.33559,1.440952504,Esmeraldas,master,4
9556,43,masculino ,46157.3013,1.77632322,Esmeraldas ,Secundaria,3
9557,63,Femenino,,1.611459349,Esmeraldas,phd,0
9558,45,Masculino,67223.89523,1.524527513,Guayaquil,sin  educacion,3
9559,66,Femenino,46659.4494,,Guayaquil,bachiller,0
9560,35,Masculino,38806.50142,1.932342628,Guayaquil,Secundaria,4.815702779
9561,49, femenino,79671.13793,1.694691507,Guayaquil,sin  educacion,2
9562,70,masculino ,56928.77958,1.671096151,Esmeraldas,Secundaria,0
9563,20,Femenino,,1.709655454,,,0
9564,19,Masculino,1636014.675,1.939046046,Guayaquil,Secundaria,0
9565,50,Femenino,91988.44633,1.67319805,Guayaquil,,
9566,59,Femenino,61685.40813,1.798338833,Quito,bachillers,1
9567,36,Femenino,50372.31778,1.660189403,Santo Domingo,Secundaria,4
9568,34,Femenino,67520.64894,1.641930139,Quito,bachiller,4
9569,61,Masculino,53184.91726,1.841221062,,bachillers,2
9570,50,Femenino,52358.8875,1.589751184,Sto. Domingo,bachillers,1
9571,29,Femenino,50154.47201,1.774661271,Sto. Domingo,Ph.D,
9572,66,F,72809.23435,1.66582302,Guayaquil,mre,1
9573,73,Femenino,-36210.28221,1.624282191,Quito,,0
9574,20,Masculino,81333.65759,1.658199737,Esmeraldas,Ph.D,4
9575,60,Femenino,64603.27978,1.474869071,Santo Domingo,,0
9576,66,F,82914.0057,1.594990738,Quito,Master,4
9577,72,F,69751.29956,1.71340115,Guayaquil,mre,0
9578,43,Femenino,-37199.83427,1.675239166,Esmeraldas,Secundaria,2
9579,52,Femenino,57969.36583,1.605416059,,mre,4
9580,25,Femenino,87418.08176,1.848165818,Santo Domingo,Secundaria,2
9581,124,Masculino,79557.25877,1.600661011,Guayaquil,bachillers,1
9582,53,Masculino,,1.843718221,Santo Domingo,Secundaria,0
9583,70,Femenino,-46071.54876,1.714691783,Guayaquil,,1
9584,71,Femenino,31872.467,1.673661965,Guayaquil,Ph.D,0
9585,24,Masculino,47352.50016,,Manta,bachiller ,4
9586,63,,62482.23649,1.729366563,Santo Domingo,bachiller ,0
9587,63,Femenino,50316.56368,1.604436624,Esmeraldas,sin  educacion,3
9588,53,Femenino,60411.12791,1.607153401,Guayaquil,PhD,3
9589,33,Femenino,53231.84537,1.679961239,,master,3
9590,41,Femenino,33529.51224,1.743699827,Quito,Secundaria,2
9591,78,Femenino,66433.43781,1.766369485,Guayaquil,Secundaria,3
9592,71,Femenino,60463.01062,1.824548036,Guayaquil,bachillers,0
9593,79,Masculino,79940.28636,1.577139608,Guayaquil,Secundaria,1
9594,-3,,62397.83629,1.735673248,Esmeraldas,Ph.D,2
9595,66,Femenino,71739.7507,1.698704274,Manta,Secundaria,4
9596,175,Masculino,,1.646720614,Santo Domingo,sin  educacion,2
9597,27,Masculino,65205.12259,1.900365774,Guayaquil,PhD,1
9598,71,Masculino,72128.68597,1.743209312,,Secundaria,3
9599,33,,68345.48083,1.842893156,Santo Domingo,,1
9600,33,Femenino,56601.77601,1.363627393,Santo Domingo,Secundaria,2
9601,75,Masculino,65256.74717,1.804706831,Esmeraldas,sin  educacion,2
9602,25,Masculino,69341.20324,1.753608531,Santo Domingo,phd,2
9603,46,Femenino,78020.82857,1.770181909,Quito,master,1
9604,-2,Masculino,51583.26765,1.67069642,Esmeraldas,Ph.D,0
9605,45, femenino,43247.69803,1.911068447,Esmeraldas,,
9606,23,Femenino,47530.32412,1.680312583,Quito,Master,3
9607,33,,62181.02272,1.69813008,Manta,Ph.D,4
9608,37,,60065.86646,1.60216511,Guayaquil,phd,1
9609,33,Femenino,69409.76144,1.696068218,Guayaquil,mre,0
9610,24,Femenino,72461.65117,1.682541324,Manta,phd,3
9611,147,Femenino,31721.92723,1.807204504,Guayaquil,bachillers,4
9612,31,Femenino,52783.90265,1.763470326,Santo Domingo,Secundaria,3
9613,60,Masculino,63183.50669,1.817330988,Guayaquil,mre,3
9614,43,Masculino,76727.68285,1.689223579,Manta,bachiller ,4
9615,43,Femenino,59199.29177,1.666065373,Guayaquil,bachiller,2
9616,31,Masculino,80481.77918,1.788412052,Esmeraldas,bachiller ,0
9617,24,Femenino,68270.69543,1.715794931,Manta,phd,0
9618,50,Masculino,65711.64148,1.463968326,Guayaquil,,4
9619,43, femenino,58346.63681,1.654733494,Manta,mre,0
9620,74,Masculino,59630.83779,1.481375242,Quito,Secundaria,1
9621,62,Femenino,64961.73849,1.618446551,Manta,master,1
9622,37,Masculino,57069.30294,1.802605944,Quito,Secundaria,1
9623,20,Femenino,76688.42389,1.666352377,Guayaquil,Secundaria,4
9624,69,Masculino,73193.66696,1.673052217,Quito,bachiller ,3
9625,21,Masculino,77969.92472,1.680583764,Manta,Ph.D,2.536959302
9626,78,Femenino,44401.53081,1.701100078,Esmeraldas,master,2
9627,43,Masculino,,1.666522447,,,2
9628,28,Masculino,67318.5655,1.88166665,Manta,Master,1
9629,19,Masculino,58790.75542,1.529663663,Esmeraldas,bachiller ,1
9630,31,Masculino,63882.61062,1.722891427,Santo Domingo,bachiller ,4
9631,61,F,43238.69884,1.755618649,,bachiller ,1
9632,47,Femenino,38130.49362,1.610519727,Quito,bachiller,1
9633,66,Femenino,63488.70107,1.764565261,,bachillers,1
9634,29,Masculino,-1629.989145,1.633212415,Santo Domingo,Secundaria,0
9635,43,Femenino,70711.58899,1.747983113,Guayaquil,mre,3
9636,61,Masculino,50769.42986,1.573816797,Guayaquil,Secundaria,0
9637,50,Femenino,46687.90833,1.708749809,Manta,bachiller ,1
9638,30,,26000.21644,1.922979851,,phd,1
9639,31,Masculino,78713.1981,1.609496573,Quito,bachiller,0
9640,41,Masculino,70463.25673,1.658455702,Guayaquil,bachiller,0
9641,79,Masculino,37564.53821,1.864970077,Esmeraldas,,4
9642,51,Femenino,30038.15469,,Quito,Master,4
9643,61,Femenino,51043.85007,1.874853103,Manta,Master,1
9644,43,Femenino,74209.8156,1.663072612,Guayaquil,PhD,0
9645,38,Masculino,52093.73935,1.734690625,Esmeraldas,Master,4
9646,,Femenino,56893.25075,1.746117028,,bachiller ,2
9647,65,Femenino,74858.79368,1.6223011,Sto. Domingo,,0
9648,53,Masculino,45175.97834,1.588237932,,phd,3
9649,57,Masculino,49768.25496,1.575913408,Esmeraldas,phd,2
9650,19,Masculino,63293.78636,1.649850161,Guayaquil,bachiller,2
9651,59,Femenino,55797.12049,1.572215785,Quito,mre,0
9652,-8,Femenino,46842.10579,1.632309502,Santo Domingo,Secundaria,1
9653,40,Masculino,70608.74216,1.599416873,Esmeraldas,master,3
9654,32,Femenino,67767.56164,1.751219492,Manta,Secundaria,4
9655,30,Masculino,72482.66086,1.739500367,Guayaquil,bachillers,4
9656,40,Femenino,57700.46699,1.642857899,Quito,mre,1
9657,34,masculino ,33586.69003,1.665833686,Quito,bachillers,3
9658,79,Femenino,60161.31988,,Manta,bachillers,3
9659,65,Femenino,42423.03696,1.664508134,Sto. Domingo,PhD,
9660,77,Femenino,29596.13481,1.640460413,Guayaquil,Master,2
9661,19,Masculino,55879.2969,1.56707963,Santo Domingo,PhD,3
9662,37,Masculino,61526.44122,1.830539461,Quito,,0
9663,37,Masculino,83974.16502,1.537896225,Esmeraldas,bachillers,0
9664,76,Femenino,41915.93164,1.668448332,Sto. Domingo,PhD,1.708433564
9665,63,Masculino,,1.611467426,Guayaquil,bachiller,3
9666,20,M,36016.23959,1.714545632,Manta,sin  educacion,4
9667,72,Masculino,,1.655263888,Quito,bachiller ,0
9668,29,Masculino,49490.31255,1.708377655,Esmeraldas,Secundaria,4
9669,57,Femenino,54977.53144,1.61593537,Guayaquil,Secundaria,0
9670,19,Femenino,55169.71275,1.654639114,Quito,phd,-4
9671,53,Masculino,71384.38342,1.565279714,Manta,PhD,0
9672,-5,Masculino,,1.599173783,,master,
9673,33,Femenino,-4229.077905,1.653687933,Quito,mre,1
9674,36,,50380.28437,1.716429068,Santo Domingo,PhD,4
9675,51,Masculino,92970.71775,1.685303757,Quito,Master,1
9676,,Femenino,43725.32467,1.836362963,Guayaquil,bachiller ,4
9677,78,Masculino,21269.03868,1.548667609,Esmeraldas,bachiller ,0
9678,63,Masculino,-19283.13761,1.673840501,Esmeraldas,bachillers,0
9679,23,Masculino,67370.08658,1.472703169,Quito,bachiller ,4
9680,30,Femenino,48189.37672,1.683378182,,bachillers,0
9681,53,Masculino,59516.84448,1.632913182,Manta,Secundaria,0
9682,39,Masculino,47985.09064,1.64839638,Santo Domingo,bachiller,
9683,35,Femenino,30645.03397,1.631819575,Manta,,2
9684,29,Femenino,57535.88124,1.743491299,Manta,Ph.D,2
9685,69,Femenino,57428.47108,,Esmeraldas,phd,4
9686,76,Masculino,65090.20517,1.579403822,Esmeraldas,,2
9687,71,Femenino,45405.06759,1.677446834,Guayaquil,Master,1
9688,,F,48379.09299,1.547925142,Manta,master,4
9689,70,Masculino,54351.50272,1.529229239,Guayaquil,Ph.D,4
9690,68,Masculino,45287.2943,1.740061741,Quito,mre,1
9691,57,Masculino,77051.44632,1.586275853,Esmeraldas ,Master,2
9692,24,Masculino,72736.83904,1.638605664,,,1
9693,49,,52261.72653,1.72192692,Manta,Secundaria,0
9694,65,Masculino,68018.75443,1.698237674,Esmeraldas,Secundaria,4
9695,,Femenino,41425.69598,1.840381533,Quito,phd,3
9696,23,F,53079.72026,1.574305966,Santo Domingo,mre,1
9697,37,masculino ,81953.67029,1.821950373,Manta,bachillers,4
9698,,,69688.11316,1.757847923,Esmeraldas,PhD,3.468848874
9699,70,Femenino,64336.23279,1.77599618,Santo Domingo,Secundaria,1
9700,60,Femenino,54621.78549,1.660838841,Quito,Secundaria,3
9701,54,Masculino,59370.93254,3.637548577,Santo Domingo,Ph.D,4
9702,65,,37974.17852,1.709512438,Esmeraldas,phd,0
9703,24,,55149.19009,1.604332124,,master,0
9704,76,masculino ,65640.46593,1.601130491,Quito,phd,0
9705,22,Masculino,-13426.20678,1.715056071,Quito,,
9706,28,Femenino,59603.77823,1.805214438,Santo Domingo,bachiller ,2
9707,32,Femenino,50184.04901,1.539611586,Santo Domingo,,0
9708,20,Masculino,46383.7862,1.830694048,Esmeraldas,bachiller,
9709,75,Femenino,45011.62157,1.575836165,Quito,Master,
9710,22,Masculino,56221.79796,1.669347531,Guayaquil,PhD,1
9711,-8,Masculino,71013.65375,1.670910327,,bachiller,3
9712,70,Masculino,47121.99456,1.65158124,Manta,Secundaria,0
9713,54,Femenino,60611.41743,1.676309473,Manta,Master,4
9714,26,Femenino,60232.19041,1.713429629,Quito,phd,0
9715,32,Femenino,73951.94874,1.827246324,Santo Domingo,phd,3
9716,20,masculino ,60200.72865,1.67979662,Manta,PhD,0
9717,46,Masculino,37682.25933,1.608745758,Esmeraldas,Secundaria,1.767497061
9718,23,Masculino,91873.15868,1.593109092,,bachillers,0
9719,34,Femenino,74575.36089,1.73191258,Esmeraldas,phd,3
9720,43,Femenino,67247.86381,1.781738353,Quito,bachiller,0
9721,38,,51367.54794,1.635103686,Manta,Master,4
9722,25, femenino,55216.05041,1.791654669,Santo Domingo,Secundaria,4
9723,38,Masculino,38664.18243,1.916867656,Esmeraldas ,Secundaria,2
9724,74,Femenino,,1.83194297,Santo Domingo,master,
9725,28,Masculino,62635.44749,1.627552951,Esmeraldas,,2
9726,55,,59621.84864,1.803129202,Quito,Ph.D,2
9727,25,Femenino,86288.35241,1.792498608,,Master,4
9728,59,Femenino,-43694.11959,1.706314785,,Secundaria,2
9729,41,Masculino,74604.04033,1.789727735,Manta,bachiller ,1
9730,78,Femenino,68102.48544,1.776072336,Manta,bachiller,3
9731,52,Masculino,62439.5844,1.8247356,,,3
9732,72,Masculino,66822.20233,1.757883281,Esmeraldas,bachillers,4
9733,,F,30238.12387,1.775481037,,bachiller ,3
9734,72,Masculino,56094.46167,1.597967252,Guayaquil,bachillers,3
9735,31,Masculino,39033.46121,1.699787406,Guayaquil,Secundaria,0
9736,27,Masculino,42300.77894,1.62501117,,master,2
9737,29,Femenino,77904.34178,1.819545953,Manta,Secundaria,2
9738,55,Masculino,43851.87017,1.564192557,Quito,PhD,
9739,61,Masculino,40145.14902,1.481156512,Guayaquil,bachiller ,4
9740,72,Femenino,-14218.03307,1.558411853,Manta,master,1
9741,63, femenino,58969.81219,1.677223257,Quito,master,4
9742,51,Masculino,66693.96678,1.497644173,Esmeraldas,bachiller ,1
9743,58,Masculino,86338.58031,1.510703157,Manta,master,1
9744,27,Masculino,68591.38043,1.766492492,Esmeraldas,bachiller,0
9745,75,Masculino,36740.85136,1.560697184,Guayaquil,PhD,4
9746,34,Femenino,73993.4573,1.80049605,Esmeraldas,bachiller,2
9747,34,Femenino,56701.13925,1.567808251,Guayaquil,PhD,4
9748,20,Masculino,62519.1784,1.486323781,Santo Domingo,mre,4
9749,79,F,35198.84158,1.597124174,Santo Domingo,Secundaria,1
9750,48,Masculino,67548.77212,1.571187964,Guayaquil,,1
9751,68,Femenino,40477.87885,1.570679075,Quito,Secundaria,2
9752,18,Femenino,68013.74016,2.849868513,Santo Domingo,bachillers,2
9753,29,Masculino,,1.717023543,Quito,master,1
9754,56,Masculino,70832.46538,,Quito,mre,4
9755,21,Masculino,40574.17312,1.663735757,Quito,Ph.D,1
9756,59,Masculino,36588.4766,1.728656785,Manta,bachiller,
9757,30,Femenino,51879.17678,1.567079244,Manta,Secundaria,3
9758,51,Femenino,63994.79553,1.609224041,Quito,bachillers,1
9759,59,Masculino,42822.63296,1.830020411,Guayaquil,phd,2
9760,38,Femenino,63057.46101,1.840464426,Santo Domingo,phd,1
9761,39,Femenino,73116.09284,1.858745483,,sin  educacion,4
9762,74,Masculino,40145.90951,1.687426118,Manta,,3
9763,21,,-12988.08176,1.567567298,Manta,phd,
9764,35,Femenino,68096.7595,1.621870846,Esmeraldas,bachiller ,2
9765,22,Masculino,57106.81676,1.667218108,,PhD,0
9766,36,Masculino,58762.74358,1.643484255,Esmeraldas,Master,2
9767,19,Femenino,38866.56697,1.711332213,Quito,Secundaria,0
9768,29,Femenino,66561.83927,1.775128145,Manta,bachillers,0
9769,34,F,60918.19608,1.597099182,,Secundaria,1
9770,27,Femenino,62259.99747,1.891749547,Guayaquil,bachiller,2
9771,51,Masculino,90970.11976,1.707447046,,bachiller,3
9772,23,Masculino,56900.01636,1.835788448,Santo Domingo,master,0
9773,25,Femenino,,,,mre,1
9774,,F,79321.68216,1.915619531,Esmeraldas,bachiller ,4
9775,68,Masculino,59275.59067,1.583686115,Quito,PhD,2
9776,28,Masculino,49251.33933,1.648628133,Manta,bachiller,2
9777,74,Masculino,65975.67629,1.648957533,Santo Domingo,,3
9778,29,Femenino,49724.89028,1.718282762,Esmeraldas,Master,0
9779,26,Masculino,77990.10333,1.712574696,Santo Domingo,master,1
9780,19,Femenino,67720.78874,1.738884957,,sin  educacion,
9781,25,Masculino,47084.07996,1.713995876,Sto. Domingo,Secundaria,1
9782,75,Femenino,41292.3306,1.75573576,Guayaquil,PhD,3
9783,28,Masculino,779859.6061,1.651612931,Manta,Secundaria,0
9784,77,Femenino,63832.47516,1.746757563,,Secundaria,4
9785,70,Masculino,41328.75278,1.981500963,Guayaquil,Secundaria,3
9786,,Masculino,71786.16072,1.700450544,Esmeraldas,sin  educacion,3
9787,,Masculino,-10855.78246,1.555571446,Esmeraldas,,2
9788,38,Masculino,65123.44221,1.637289573,Manta,bachiller ,1
9789,37,Femenino,71367.11884,1.654046802,Manta,phd,0
9790,65,F,45154.29633,1.611413188,Esmeraldas,bachiller ,1
9791,25,Femenino,46028.47065,1.712222028,Guayaquil,Secundaria,3
9792,53,Femenino,56104.06324,1.779900498,Quito,Secundaria,0
9793,46,Femenino,50483.36116,1.569984027,Guayaquil,Secundaria,4
9794,59,Masculino,67532.40378,1.530567782,Guayaquil,Secundaria,1
9795,29,Femenino,72082.74626,1.947398944,Quito,bachiller ,1
9796,78,M,49447.69177,1.606231297,Manta,PhD,4
9797,31,Femenino,46982.93983,1.841343006,Esmeraldas,phd,3
9798,65,Femenino,72821.96873,1.776114107,Manta,phd,1
9799,,,45270.1563,1.639643274,Manta,master,2
9800,67,Masculino,55716.64678,1.621219818,Manta,phd,2
9801,38,Masculino,44851.7924,1.63954613,Sto. Domingo,master,0
9802,39,Masculino,51122.12092,1.655801709,Manta,phd,4
9803,38,Femenino,37404.29377,1.761925412,Manta,Secundaria,3
9804,61,Femenino,79232.62739,1.560729953,Santo Domingo,Ph.D,2
9805,67,Masculino,75184.63271,1.828185867,Guayaquil,Master,0
9806,47,Masculino,47894.44713,1.636083051,Santo Domingo,Secundaria,
9807,56,Femenino,66945.89634,1.553673313,Esmeraldas,master,1
9808,37,Femenino,38464.22949,1.718506136,,,3
9809,41, femenino,69326.37186,1.940351356,Quito,bachillers,2
9810,40,Masculino,46739.62353,1.616034262,Santo Domingo,bachiller ,4
9811,24,Masculino,78263.64467,1.712886762,Guayaquil,Secundaria,1
9812,26,Masculino,67664.42186,1.7141409,Santo Domingo,Secundaria,2
9813,18,Femenino,54516.7562,1.888534075,Guayaquil,mre,0
9814,43,Femenino,-44990.64034,1.60613862,Esmeraldas,Secundaria,4
9815,55,Femenino,62167.28507,1.793624981,Manta,PhD,0
9816,55,Masculino,46141.18384,1.557668777,Santo Domingo,master,1
9817,71,Femenino,76873.64164,1.722232127,,phd,4
9818,-7,Femenino,64589.73828,1.773687571,Quito,Secundaria,4
9819,61,Masculino,74465.44096,1.800392456,Quito,phd,1
9820,189,Masculino,23255.70189,1.563179894,Quito,,0
9821,61,M,60241.18378,1.498706908,Santo Domingo,Secundaria,4
9822,27,Masculino,63720.96911,1.680255195,Quito,PhD,3
9823,72,Masculino,59948.10629,1.643015517,Quito,sin  educacion,3
9824,,Masculino,60337.53266,1.558057634,Quito,,0
9825,75,Femenino,55183.01288,1.569437066,Guayaquil,Master,4
9826,23,masculino ,93860.52382,1.652191227,Quito,mre,0
9827,34,Femenino,63648.86839,1.870919158,Guayaquil,bachiller ,3
9828,,,61837.10401,1.576825786,Santo Domingo,phd,4
9829,67,Femenino,74048.57589,1.789149703,Manta,bachiller,4
9830,55,Femenino,,1.552873555,Manta,phd,0
9831,41,Masculino,40683.25728,1.624636252,Santo Domingo,,4
9832,68,Masculino,73607.6896,1.54677878,Quito,,0
9833,27,Masculino,54997.37978,1.917271845,Quito,master,2
9834,73,,80410.85364,1.795643074,Esmeraldas,bachiller ,2
9835,,Femenino,79470.1626,1.770137401,Quito,,3
9836,38,Masculino,25160.30717,1.765033494,,Ph.D,3
9837,73,Masculino,61085.00904,1.619268171,Quito,bachiller,1
9838,198,,76149.09721,1.703558882,,bachiller ,2
9839,38,Masculino,,1.595468258,Quito,bachiller,2
9840,74,Masculino,65490.89389,1.969415369,Santo Domingo,bachiller ,1
9841,79, femenino,,1.587530281,Manta,master,0
9842,56,Femenino,59178.49955,1.613940748,Esmeraldas,Secundaria,
9843,,Femenino,59286.84843,2.512090028,Manta,master,2
9844,50,Masculino,77974.71162,1.689523841,,Secundaria,3
9845,76,Femenino,-10625.69538,1.760395172,Esmeraldas,bachiller,1
9846,35,M,72466.6494,1.691846885,Manta,Secundaria,1
9847,73,M,66889.14242,1.631064435,Quito,master,3
9848,45,Masculino,79525.77049,1.631153684,,bachiller,2
9849,74,Masculino,45777.88509,1.78626037,Esmeraldas,master,4
9850,69,Femenino,82150.69136,1.722737089,Manta,Master,1
9851,49,,39173.5687,1.820301077,Guayaquil,mre,2
9852,29,Femenino,55043.99835,1.819039965,Guayaquil,Secundaria,0
9853,65,Femenino,42552.23237,1.757698712,Guayaquil,bachillers,1
9854,59,Femenino,70871.02229,1.80476852,Manta,bachillers,3
9855,44,Masculino,48571.003,1.75371004,Manta,master,1
9856,27,Femenino,77020.83765,1.7380457,Manta,phd,3
9857,63,Femenino,34678.33167,1.667606124,Santo Domingo,master,0
9858,74,Masculino,53321.05465,1.530785304,Guayaquil,,2
9859,69,Femenino,86789.5198,1.636543262,Guayaquil,Secundaria,3
9860,59,Masculino,48589.32519,1.844720318,Guayaquil,bachiller ,3
9861,49,Femenino,75890.10453,1.728833719,Santo Domingo,PhD,0
9862,59,Femenino,70444.64023,1.659803954,Santo Domingo,Secundaria,4
9863,43,M,40388.167,1.820170268,Manta,bachiller ,1
9864,42,Femenino,63170.49642,1.655221984,Guayaquil,Ph.D,4
9865,28,Femenino,82930.15304,1.770776646,Guayaquil,PhD,1
9866,40,Femenino,53850.09063,1.832973179,Quito,bachiller ,0
9867,51,Femenino,49650.96955,1.760732244,Quito,Secundaria,0
9868,74,Masculino,64926.9096,1.806176482,Quito,mre,4
9869,69,Masculino,56778.43841,1.747261686,Santo Domingo,Secundaria,0
9870,57,Femenino,-17290.46103,1.509523763,Manta,Secundaria,2
9871,79,Femenino,56672.90564,1.831081117,Esmeraldas,Secundaria,4
9872,40,Masculino,52720.33169,1.780238044,Guayaquil,bachiller,42
9873,46,Masculino,57989.35182,2.789237869,Quito,bachiller,3
9874,48, femenino,-41086.02022,1.641247178,Guayaquil,,0
9875,24,masculino ,65464.88632,1.712360002,Guayaquil,Secundaria,0
9876,57,Masculino,35490.8935,1.580072058,Guayaquil,Secundaria,1
9877,50,Masculino,71200.39986,1.794288973,Manta,,4
9878,38,masculino ,76081.62711,1.684897127,,phd,
9879,19,Femenino,30215.87312,1.610081713,Manta,,
9880,35,Masculino,79425.25705,1.766448913,Esmeraldas,Master,3
9881,64,Femenino,58246.93623,,Esmeraldas,Secundaria,3
9882,50,Femenino,76154.41679,1.781685162,Santo Domingo,bachiller,
9883,54,Masculino,73967.22797,1.571551592,Guayaquil,Secundaria,1
9884,51,F,38320.79995,1.77367877,Quito,Master,2
9885,37,Femenino,47203.71304,1.878653982,Esmeraldas ,master,1
9886,52,Masculino,84213.18383,1.695714355,Santo Domingo,mre,1
9887,68,Masculino,41391.41863,1.689364343,Esmeraldas,bachiller,1
9888,67,Masculino,,1.560969583,Quito,Secundaria,1.746221642
9889,78,M,48661.61644,1.708207645,,bachillers,0
9890,71,Femenino,46440.23745,1.59767579,Guayaquil,PhD,1
9891,35,Femenino,,1.816757392,Esmeraldas,Secundaria,-2
9892,63,Femenino,92870.49444,1.942641523,Manta,Master,2
9893,79,Masculino,71521.35649,1.945175189,Esmeraldas,Secundaria,2
9894,41,Femenino,-13446.15702,1.614394751,Quito,mre,
9895,25, femenino,62931.7502,1.626231157,Manta,,1
9896,78,Masculino,32108.83008,1.760516056,Esmeraldas ,Secundaria,3
9897,47,Masculino,26179.24822,1.677003728,Guayaquil,mre,2
9898,61,Masculino,62536.90235,1.701401896,,bachiller,0
9899,70,Femenino,70724.2003,1.945434262,,Secundaria,4
9900,27,Masculino,83415.26993,1.591621763,Guayaquil,,1
9901,40,Femenino,65593.77834,1.726666609,Quito,PhD,2
9902,69,Masculino,60095.89055,1.738073665,Manta,,0
9903,66,F,54916.56488,1.805006108,Guayaquil,phd,4
9904,28,Masculino,67917.00175,1.613737141,Quito,Secundaria,1
9905,19,Femenino,41760.94124,1.848340072,Santo Domingo,PhD,3
9906,75,Masculino,-29652.21348,1.726243438,Manta,bachiller ,1
9907,43,F,42273.17603,1.617122767,Manta,Secundaria,1
9908,53,Masculino,52137.30263,1.681936185,Manta,,2
9909,50,Masculino,49128.52979,1.800252902,Guayaquil,Secundaria,1
9910,64,Femenino,48112.61517,1.908261759,Manta,Secundaria,4
9911,30,Femenino,50401.85871,1.664861843,Quito,Secundaria,4
9912,57,Masculino,63162.11083,1.911606488,Santo Domingo,Secundaria,1
9913,42,Masculino,79034.93963,1.824234705,Quito,Secundaria,1
9914,21,Femenino,64324.02531,1.648935203,Quito,Secundaria,4
9915,59,Femenino,51400.99328,1.760243636,Manta,master,4
9916,36,Femenino,66570.10838,1.787207132,Santo Domingo,,
9917,35,Masculino,61653.52156,1.6760308,Santo Domingo,PhD,3
9918,54,Femenino,62539.03104,1.635562109,Santo Domingo,Secundaria,2.416017987
9919,47,Masculino,59652.85664,,Santo Domingo,bachiller ,3
9920,36,F,85886.13228,1.661265116,Esmeraldas,,3
9921,75,Femenino,61481.95181,,Santo Domingo,PhD,4
9922,,Masculino,51579.69738,1.918263094,Manta,phd,2
9923,76,Femenino,48341.97144,1.745868894,Santo Domingo,,1
9924,71,Masculino,73521.31171,1.880881537,Quito,Secundaria,0
9925,33,Femenino,636544.6157,1.756843055,Esmeraldas,bachillers,1
9926,18,Masculino,80354.87254,,Quito,bachiller ,0
9927,29,Femenino,31250.00745,1.618643101,Manta,bachillers,4
9928,41,Femenino,78394.24508,1.493430454,Manta,mre,1
9929,51,Masculino,71958.45953,1.727319021,Santo Domingo,Master,1
9930,70,Masculino,53406.53239,1.739932582,Manta,,0
9931,74,Masculino,48746.9865,1.857621029,Esmeraldas,Secundaria,2
9932,25,Masculino,78482.23455,1.890446031,Quito,Master,4
9933,,Femenino,86992.24863,1.544088871,Manta,bachiller,4
9934,74,Femenino,50795.99622,1.682777516,Manta,,4
9935,65,Femenino,68706.55787,1.71390204,Esmeraldas,bachillers,
9936,22,Femenino,74692.45335,1.584637191,Guayaquil,phd,3
9937,43,Femenino,69044.0423,1.686012291,Guayaquil,,
9938,156,Femenino,60814.69738,1.809085952,,PhD,1
9939,71,Masculino,54152.55229,1.816237922,Manta,Secundaria,2
9940,30,Femenino,64170.15228,1.737450196,Esmeraldas,mre,2
9941,36,masculino ,28714.31147,3.449990122,Esmeraldas,Secundaria,1
9942,46,Masculino,80111.16973,1.734849192,Guayaquil,Secundaria,-3
9943,20,Femenino,34398.64772,1.827915721,Esmeraldas ,Secundaria,4
9944,43,Femenino,47422.67779,1.61616173,Manta,Ph.D,4
9945,57,,54940.17535,1.622773649,Quito,master,3
9946,76,Masculino,45019.82139,1.907714555,Esmeraldas,Secundaria,2.220396706
9947,75,Masculino,43076.26483,1.651216112,Guayaquil,Secundaria,3
9948,75,Femenino,81142.14452,1.801364246,Santo Domingo,bachiller,2
9949,29,Masculino,86945.39639,1.647301868,Manta,bachillers,4
9950,199,Femenino,,1.739018789,Esmeraldas,Master,4
9951,28,Femenino,72532.76488,1.686421292,,bachillers,3
9952,,Femenino,,1.771613381,Esmeraldas,PhD,1
9953,45,Masculino,56005.47091,1.771083608,Quito,Ph.D,3
9954,35,Femenino,54565.85386,1.633846341,Manta,phd,2
9955,30,Femenino,60168.9812,1.774989335,Manta,Secundaria,1
9956,54,Femenino,81435.60907,1.585750548,,sin  educacion,2
9957,39,Femenino,68790.3868,1.87257721,Manta,PhD,1
9958,29,Femenino,85912.09212,1.735923909,Guayaquil,phd,3
9959,19,Masculino,60979.79324,1.397219979,Quito,Ph.D,-2
9960,54,Femenino,37521.47804,1.569150614,Esmeraldas,phd,3
9961,24,Masculino,49901.30734,1.768439121,Guayaquil,Ph.D,1
9962,43,Femenino,75370.97118,1.79606311,Santo Domingo,Ph.D,2
9963,123,Masculino,52580.69262,1.660927923,Manta,mre,3
9964,41,Femenino,61430.42308,1.715702723,Manta,PhD,1
9965,29,Femenino,63701.45511,1.772563881,Esmeraldas,Master,2
9966,33,Masculino,87122.75536,1.831113155,Manta,master,2
9967,40,Masculino,73191.77934,1.790785357,Manta,mre,2
9968,57,Femenino,,1.643961048,Esmeraldas,,1
9969,79,Masculino,,1.836428495,Quito,phd,2
9970,77,Masculino,47535.96468,1.482667369,Guayaquil,,2
9971,26,Femenino,63638.91473,1.672018748,Quito,Master,3
9972,49,Femenino,92636.01791,1.76200434,Esmeraldas,PhD,2
9973,32, femenino,67698.48713,,Manta,bachiller,0
9974,-5,Femenino,51728.72251,1.70549673,Manta,bachiller ,1
9975,30,Femenino,53720.93205,1.755330763,Quito,bachiller ,
9976,22,Masculino,81279.50346,1.622422183,,phd,2
9977,28,Femenino,52012.57114,1.719044807,Guayaquil,,4
9978,27,Masculino,56987.97532,1.577712872,Manta,bachiller,3
9979,69,Femenino,42870.54608,1.800562946,Esmeraldas,Secundaria,2
9980,30,Femenino,55830.89386,1.753333864,Quito,sin  educacion,3
9981,58,Masculino,67095.06826,,Guayaquil,master,3
9982,70,Femenino,55552.25617,1.693062787,Santo Domingo,sin  educacion,0
9983,63,Masculino,60369.53328,1.533404302,Guayaquil,Ph.D,1
9984,67,Masculino,42705.98849,1.686727158,,sin  educacion,0
9985,32,Masculino,-5711.260845,1.872614822,Manta,Master,1
9986,59,Femenino,91982.67786,1.801637281,Quito,bachiller ,4
9987,73,Femenino,57990.49356,1.874530352,Santo Domingo,phd,0
9988,24,Femenino,65443.88188,1.705532065,Esmeraldas,mre,3
9989,,Femenino,-33342.25392,1.630809411,Esmeraldas,PhD,2
9990,45,Femenino,60775.85077,1.758662017,Guayaquil,,4
9991,49,Femenino,55940.44398,1.680789367,Esmeraldas ,,
9992,52,Masculino,76504.28744,1.644204443,Manta,bachillers,0
9993,32,Femenino,75791.94699,1.526523899,Manta,phd,4
9994,65,Femenino,77376.50731,1.733426083,Esmeraldas,Secundaria,0
9995,,Femenino,61204.42577,1.793702446,Guayaquil,PhD,3
9996,38,Femenino,90597.72862,1.583518623,Esmeraldas,bachiller ,0
9997,-9,Masculino,72056.78101,1.848921054,Quito,Ph.D,1
9998,-10,Masculino,970003.1565,1.724965915,,Ph.D,1
9999,21,Masculino,83137.18738,1.711033794,Quito,sin  educacion,2
10000,28,M,59913.7151,1.578060762,Santo Domingo,bachillers,2
